EXIOBASE,NACE Rev. 2 Class,NACE Section,NACE Rev 2. Code,ISIC Rev 4. Class,ISIC Rev 4. Group,ISIC Rev. 4. Division,ISIC Rev. 4 Section ,ISIC Rev. 4 Unique Code,ISIC Rev. 5 Class,ISIC Rev. 5 Group,ISIC Rev. 5 Division,ISIC Rev. 5. Section,ISIC Rev. 5 Unique Code
Other business activities (74),"Accounting, bookkeeping and auditing activities; tax consultancy",M,69.2,"Accounting, bookkeeping and auditing activities; tax consultancy","Accounting, bookkeeping and auditing activities; tax consultancy",Legal and accounting activities,"Professional, scientific and technical activities",M_69_692_6920,"Accounting, bookkeeping and auditing activities; tax consultancy","Accounting, bookkeeping and auditing activities; tax consultancy",Legal and accounting activities,"Professional, scientific and technical activities",N_69_692_6920
"Recreational, cultural and sporting activities (92)",Activities of amusement parks and theme parks,R,93.21,Activities of amusement parks and theme parks,Other amusement and recreation activities,Sports activities and amusement and recreation activities,"Arts, entertainment and recreation",R_93_932_9321,Activities of amusement parks and theme parks,Amusement and recreation activities,Sports activities and amusement and recreation activities,"Arts, sports and recreation",S_93_932_9321
Production of electricity by biomass and waste,Production of electricity,D,35.11,Biomass energy production,"Electric power generation, transmission and distribution","Electricity, gas, steam and air conditioning supply","Electricity, gas, steam and air conditioning supply",D_35_351_3510,Activities of brokers and agents for electric power and natural gas,Activities of brokers and agents for electric power and natural gas,"Electricity, gas, steam and air conditioning supply","Electricity, gas, steam and air conditioning supply",D_35_354_3540
Production of electricity by coal,Production of electricity,D,35.11,Fossil fuels energy production,"Electric power generation, transmission and distribution","Electricity, gas, steam and air conditioning supply","Electricity, gas, steam and air conditioning supply",D_35_351_3510,Activities of brokers and agents for electric power and natural gas,Activities of brokers and agents for electric power and natural gas,"Electricity, gas, steam and air conditioning supply","Electricity, gas, steam and air conditioning supply",D_35_354_3540
Production of electricity by Geothermal,Production of electricity,D,35.11,Geothermal energy production,"Electric power generation, transmission and distribution","Electricity, gas, steam and air conditioning supply","Electricity, gas, steam and air conditioning supply",D_35_351_3510,Activities of brokers and agents for electric power and natural gas,Activities of brokers and agents for electric power and natural gas,"Electricity, gas, steam and air conditioning supply","Electricity, gas, steam and air conditioning supply",D_35_354_3540
Production of electricity by hydro,Production of electricity,D,35.11,Hydropower energy production,"Electric power generation, transmission and distribution","Electricity, gas, steam and air conditioning supply","Electricity, gas, steam and air conditioning supply",D_35_351_3510,Activities of brokers and agents for electric power and natural gas,Activities of brokers and agents for electric power and natural gas,"Electricity, gas, steam and air conditioning supply","Electricity, gas, steam and air conditioning supply",D_35_354_3540
Production of electricity by nuclear,Production of electricity,D,35.11,Nuclear power production,"Electric power generation, transmission and distribution","Electricity, gas, steam and air conditioning supply","Electricity, gas, steam and air conditioning supply",D_35_351_3510,Activities of brokers and agents for electric power and natural gas,Activities of brokers and agents for electric power and natural gas,"Electricity, gas, steam and air conditioning supply","Electricity, gas, steam and air conditioning supply",D_35_354_3540
"Production of electricity by tide, wave, ocean",Production of electricity,D,35.11,Ocean energy production,"Electric power generation, transmission and distribution","Electricity, gas, steam and air conditioning supply","Electricity, gas, steam and air conditioning supply",D_35_351_3510,Activities of brokers and agents for electric power and natural gas,Activities of brokers and agents for electric power and natural gas,"Electricity, gas, steam and air conditioning supply","Electricity, gas, steam and air conditioning supply",D_35_354_3540
Production of electricity by solar photovoltaic,Production of electricity,D,35.11,Solar energy production,"Electric power generation, transmission and distribution","Electricity, gas, steam and air conditioning supply","Electricity, gas, steam and air conditioning supply",D_35_351_3510,Activities of brokers and agents for electric power and natural gas,Activities of brokers and agents for electric power and natural gas,"Electricity, gas, steam and air conditioning supply","Electricity, gas, steam and air conditioning supply",D_35_354_3540
Transmission of electricity,Transmission of electricity,D,35.12,Transmission and distribution of electricity,"Electric power generation, transmission and distribution","Electricity, gas, steam and air conditioning supply","Electricity, gas, steam and air conditioning supply",D_35_351_3510,Activities of brokers and agents for electric power and natural gas,Activities of brokers and agents for electric power and natural gas,"Electricity, gas, steam and air conditioning supply","Electricity, gas, steam and air conditioning supply",D_35_354_3540
Production of electricity by wind,Production of electricity,D,35.11,Wind energy production,"Electric power generation, transmission and distribution","Electricity, gas, steam and air conditioning supply","Electricity, gas, steam and air conditioning supply",D_35_351_3510,Activities of brokers and agents for electric power and natural gas,Activities of brokers and agents for electric power and natural gas,"Electricity, gas, steam and air conditioning supply","Electricity, gas, steam and air conditioning supply",D_35_354_3540
Manufacture of gas; distribution of gaseous fuels through mains,Manufacture of gas,D,35.21,Manufacture of gas; distribution of gaseous fuels through mains,Manufacture of gas; distribution of gaseous fuels through mains,"Electricity, gas, steam and air conditioning supply","Electricity, gas, steam and air conditioning supply",D_35_352_3520,Activities of brokers and agents for electric power and natural gas,Activities of brokers and agents for electric power and natural gas,"Electricity, gas, steam and air conditioning supply","Electricity, gas, steam and air conditioning supply",D_35_354_3540
Manufacture of gas; distribution of gaseous fuels through mains,Distribution of gaseous fuels through mains,D,35.22,Manufacture of gas; distribution of gaseous fuels through mains,Manufacture of gas; distribution of gaseous fuels through mains,"Electricity, gas, steam and air conditioning supply","Electricity, gas, steam and air conditioning supply",D_35_352_3520,Activities of brokers and agents for electric power and natural gas,Activities of brokers and agents for electric power and natural gas,"Electricity, gas, steam and air conditioning supply","Electricity, gas, steam and air conditioning supply",D_35_354_3540
Manufacture of gas; distribution of gaseous fuels through mains,Trade of gas through mains,D,35.23,Manufacture of gas; distribution of gaseous fuels through mains,Manufacture of gas; distribution of gaseous fuels through mains,"Electricity, gas, steam and air conditioning supply","Electricity, gas, steam and air conditioning supply",D_35_352_3520,Activities of brokers and agents for electric power and natural gas,Activities of brokers and agents for electric power and natural gas,"Electricity, gas, steam and air conditioning supply","Electricity, gas, steam and air conditioning supply",D_35_354_3540
Activities of membership organisation n.e.c. (91),Activities of business and employers membership organisations,S,94.11,Activities of business and employers membership organizations,"Activities of business, employers and professional membership organizations",Activities of membership organizations,Other service activities,S_94_941_9411,Activities of business and employers membership organizations,"Activities of business, employers and professional membership organizations",Activities of membership organizations,Other service activities,T_94_941_9411
Other business activities (74),Activities of call centres,N,82.2,Activities of call centres,Activities of call centres,"Office administrative, office support and other business support activities",Administrative and support service activities,N_82_822_8220,Activities of call centres,Activities of call centres,"Office administrative, office support and other business support activities",Administrative and support service activities,O_82_822_8220
Other business activities (74),Activities of collection agencies and credit bureaus,N,82.91,Activities of collection agencies and credit bureaus,Business support service activities n.e.c.,"Office administrative, office support and other business support activities",Administrative and support service activities,N_82_829_8291,Activities of collection agencies and credit bureaus,Business support service activities n.e.c.,"Office administrative, office support and other business support activities",Administrative and support service activities,O_82_829_8291
Other business activities (74),Activities of employment placement agencies,N,78.1,Activities of employment placement agencies,Activities of employment placement agencies,Employment activities,Administrative and support service activities,N_78_781_7810,Activities of employment placement agencies,Activities of employment placement agencies,Employment activities,Administrative and support service activities,O_78_781_7810
Extra-territorial organizations and bodies,Activities of extraterritorial organisations and bodies,U,99,Activities of extraterritorial organizations and bodies,Activities of extraterritorial organizations and bodies,Activities of extraterritorial organizations and bodies,Activities of extraterritorial organizations and bodies,U_99_990_9900,Activities of extraterritorial organizations and bodies,Activities of extraterritorial organizations and bodies,Activities of extraterritorial organizations and bodies,Activities of extraterritorial organizations and bodies,V_99_990_9900
"Financial intermediation, except insurance and pension funding (65)",Activities of holding companies,K,64.2,Activities of holding companies,Activities of holding companies,"Financial service activities, except insurance and pension funding",Financial and insurance activities,K_64_642_6420,Activities of financing conduits,Activities of holding companies and financing conduits,"Financial service activities, except insurance and pension funding",Financial and insurance activities,L_64_642_6422
Other business activities (74),Activities of holding companies,K,64.2,Activities of holding companies,Activities of holding companies,"Financial service activities, except insurance and pension funding",Financial and insurance activities,K_64_642_6420,Activities of financing conduits,Activities of holding companies and financing conduits,"Financial service activities, except insurance and pension funding",Financial and insurance activities,L_64_642_6422
Other business activities (74),Activities of head offices,M,70.1,Activities of head offices,Activities of head offices,Activities of head offices; management consultancy activities,"Professional, scientific and technical activities",M_70_701_7010,Activities of head offices,Activities of head offices,Activities of head offices; management consultancy activities,"Professional, scientific and technical activities",N_70_701_7010
"Financial intermediation, except insurance and pension funding (65)",Activities of holding companies,K,64.2,Activities of holding companies,Activities of holding companies,"Financial service activities, except insurance and pension funding",Financial and insurance activities,K_64_642_6420,Activities of holding companies,Activities of holding companies and financing conduits,"Financial service activities, except insurance and pension funding",Financial and insurance activities,L_64_642_6421
Other business activities (74),Activities of holding companies,K,64.2,Activities of holding companies,Activities of holding companies,"Financial service activities, except insurance and pension funding",Financial and insurance activities,K_64_642_6420,Activities of holding companies,Activities of holding companies and financing conduits,"Financial service activities, except insurance and pension funding",Financial and insurance activities,L_64_642_6421
Private households with employed persons (95),Activities of households as employers of domestic personnel,T,97,Activities of households as employers of domestic personnel,Activities of households as employers of domestic personnel,Activities of households as employers of domestic personnel,Activities of households as employers; undifferentiated goods- and services-producing activities of households for own use,T_97_970_9700,Activities of households as employers of domestic personnel,Activities of households as employers of domestic personnel,Activities of households as employers of domestic personnel,Activities of households as employers; undifferentiated goods- and services-producing activities of households for own use,U_97_970_9700
Activities auxiliary to financial intermediation (67),Activities of insurance agents and brokers,K,66.22,Activities of insurance agents and brokers,Activities auxiliary to insurance and pension funding,Activities auxiliary to financial service and insurance activities,Financial and insurance activities,K_66_662_6622,Activities of insurance agents and brokers,Activities auxiliary to insurance and pension funding,Activities auxiliary to financial service and insurance activities,Financial and insurance activities,L_66_662_6622
"Financial intermediation, except insurance and pension funding (65)","Trusts, funds and similar financial entities",K,64.3,"Trusts, funds and similar financial entities","Trusts, funds and similar financial entities","Financial service activities, except insurance and pension funding",Financial and insurance activities,K_64_643_6430,Activities of money market funds,"Activities of trusts, funds and similar financial entities","Financial service activities, except insurance and pension funding",Financial and insurance activities,L_64_643_6431
"Financial intermediation, except insurance and pension funding (65)","Trusts, funds and similar financial entities",K,64.3,"Trusts, funds and similar financial entities","Trusts, funds and similar financial entities","Financial service activities, except insurance and pension funding",Financial and insurance activities,K_64_643_6430,Activities of non-money market investments funds,"Activities of trusts, funds and similar financial entities","Financial service activities, except insurance and pension funding",Financial and insurance activities,L_64_643_6432
Activities of membership organisation n.e.c. (91),Activities of other membership organisations n.e.c.,S,94.99,Activities of other membership organizations n.e.c.,Activities of other membership organizations,Activities of membership organizations,Other service activities,S_94_949_9499,Activities of other membership organizations n.e.c.,Activities of other membership organizations,Activities of membership organizations,Other service activities,T_94_949_9499
"Recreational, cultural and sporting activities (92)",Performing arts,R,90.01,"Creative, arts and entertainment activities","Creative, arts and entertainment activities","Creative, arts and entertainment activities","Arts, entertainment and recreation",R_90_900_9000,Activities of performing arts,Activities of performing arts,Arts creation and performing arts activities,"Arts, sports and recreation",S_90_902_9020
"Recreational, cultural and sporting activities (92)",Support activities to performing arts,R,90.02,"Creative, arts and entertainment activities","Creative, arts and entertainment activities","Creative, arts and entertainment activities","Arts, entertainment and recreation",R_90_900_9000,Activities of performing arts,Activities of performing arts,Arts creation and performing arts activities,"Arts, sports and recreation",S_90_902_9020
"Recreational, cultural and sporting activities (92)",Artistic creation,R,90.03,"Creative, arts and entertainment activities","Creative, arts and entertainment activities","Creative, arts and entertainment activities","Arts, entertainment and recreation",R_90_900_9000,Activities of performing arts,Activities of performing arts,Arts creation and performing arts activities,"Arts, sports and recreation",S_90_902_9020
"Recreational, cultural and sporting activities (92)",Operation of arts facilities,R,90.04,"Creative, arts and entertainment activities","Creative, arts and entertainment activities","Creative, arts and entertainment activities","Arts, entertainment and recreation",R_90_900_9000,Activities of performing arts,Activities of performing arts,Arts creation and performing arts activities,"Arts, sports and recreation",S_90_902_9020
Activities of membership organisation n.e.c. (91),Activities of political organisations,S,94.92,Activities of political organizations,Activities of other membership organizations,Activities of membership organizations,Other service activities,S_94_949_9492,Activities of political organizations,Activities of other membership organizations,Activities of membership organizations,Other service activities,T_94_949_9492
Activities of membership organisation n.e.c. (91),Activities of professional membership organisations,S,94.12,Activities of professional membership organizations,"Activities of business, employers and professional membership organizations",Activities of membership organizations,Other service activities,S_94_941_9412,Activities of professional membership organizations,"Activities of business, employers and professional membership organizations",Activities of membership organizations,Other service activities,T_94_941_9412
Activities of membership organisation n.e.c. (91),Activities of religious organisations,S,94.91,Activities of religious organizations,Activities of other membership organizations,Activities of membership organizations,Other service activities,S_94_949_9491,Activities of religious organizations,Activities of other membership organizations,Activities of membership organizations,Other service activities,T_94_949_9491
"Recreational, cultural and sporting activities (92)",Activities of sports clubs,R,93.12,Activities of sports clubs,Sports activities,Sports activities and amusement and recreation activities,"Arts, entertainment and recreation",R_93_931_9312,Activities of sports clubs,Sports activities,Sports activities and amusement and recreation activities,"Arts, sports and recreation",S_93_931_9312
Activities of membership organisation n.e.c. (91),Activities of trade unions,S,94.2,Activities of trade unions,Activities of trade unions,Activities of membership organizations,Other service activities,S_94_942_9420,Activities of trade unions,Activities of trade unions,Activities of membership organizations,Other service activities,T_94_942_9420
"Financial intermediation, except insurance and pension funding (65)","Trusts, funds and similar financial entities",K,64.3,"Trusts, funds and similar financial entities","Trusts, funds and similar financial entities","Financial service activities, except insurance and pension funding",Financial and insurance activities,K_64_643_6430,"Activities of trust, estate and agency accounts","Activities of trusts, funds and similar financial entities","Financial service activities, except insurance and pension funding",Financial and insurance activities,L_64_643_6433
Activities auxiliary to financial intermediation (67),Administration of financial markets,K,66.11,Administration of financial markets,"Activities auxiliary to financial service activities, except insurance and pension funding",Activities auxiliary to financial service and insurance activities,Financial and insurance activities,K_66_661_6611,Administration of financial markets,"Activities auxiliary to financial services, except insurance and pension funding",Activities auxiliary to financial service and insurance activities,Financial and insurance activities,L_66_661_6611
Other business activities (74),Advertising agencies,M,73.11,Advertising,Advertising,Advertising and market research,"Professional, scientific and technical activities",M_73_731_7310,Advertising activities,Advertising activities,"Activities of advertising, market research and public relations","Professional, scientific and technical activities",N_73_731_7310
Other business activities (74),Media representation,M,73.12,Advertising,Advertising,Advertising and market research,"Professional, scientific and technical activities",M_73_731_7310,Advertising activities,Advertising activities,"Activities of advertising, market research and public relations","Professional, scientific and technical activities",N_73_731_7310
Other business activities (74),Translation and interpretation activities,M,74.3,"Other professional, scientific and technical activities n.e.c.","Other professional, scientific and technical activities n.e.c.","Other professional, scientific and technical activities","Professional, scientific and technical activities",M_74_749_7490,"All other professional, scientific and technical activities n.e.c.","Other professional, scientific and technical activities n.e.c.","Other professional, scientific and technical activities","Professional, scientific and technical activities",N_74_749_7499
Other business activities (74),"Other professional, scientific and technical activities n.e.c.",M,74.9,"Other professional, scientific and technical activities n.e.c.","Other professional, scientific and technical activities n.e.c.","Other professional, scientific and technical activities","Professional, scientific and technical activities",M_74_749_7490,"All other professional, scientific and technical activities n.e.c.","Other professional, scientific and technical activities n.e.c.","Other professional, scientific and technical activities","Professional, scientific and technical activities",N_74_749_7499
Other business activities (74),Architectural activities,M,71.11,Architectural and engineering activities and related technical consultancy,Architectural and engineering activities and related technical consultancy,Architectural and engineering activities; technical testing and analysis,"Professional, scientific and technical activities",M_71_711_7110,"Architectural and engineering, and related technical consultancy activities","Architectural and engineering, and related technical consultancy activities",Architectural and engineering activities; technical testing and analysis,"Professional, scientific and technical activities",N_71_711_7110
Other business activities (74),Engineering activities and related technical consultancy,M,71.12,Architectural and engineering activities and related technical consultancy,Architectural and engineering activities and related technical consultancy,Architectural and engineering activities; technical testing and analysis,"Professional, scientific and technical activities",M_71_711_7110,"Architectural and engineering, and related technical consultancy activities","Architectural and engineering, and related technical consultancy activities",Architectural and engineering activities; technical testing and analysis,"Professional, scientific and technical activities",N_71_711_7110
"Recreational, cultural and sporting activities (92)",Library and archives activities,R,91.01,Library and archives activities,"Libraries, archives, museums and other cultural activities","Libraries, archives, museums and other cultural activities","Arts, entertainment and recreation",R_91_910_9101,Archive activities,Library and archive activities,"Library, archives, museum and other cultural activities","Arts, sports and recreation",S_91_911_9112
Other service activities (93),Hairdressing and other beauty treatment,S,96.02,Hairdressing and other beauty treatment,Other personal service activities,Other personal service activities,Other service activities,S_96_960_9602,Beauty care and other beauty treatment activities,"Hairdressing, beauty treatment, day spa and similar activities",Personal service activities,Other service activities,T_96_962_9622
Hotels and restaurants (55),Beverage serving activities,I,56.3,Beverage serving activities,Beverage serving activities,Food and beverage service activities,Accommodation and food service activities,I_56_563_5630,Beverage serving activities,Beverage serving activities,Food and beverage service activities,Accommodation and food service activities,I_56_563_5630
Production of electricity by biomass and waste,Production of electricity,D,35.11,Biomass energy production,"Electric power generation, transmission and distribution","Electricity, gas, steam and air conditioning supply","Electricity, gas, steam and air conditioning supply",D_35_351_3510,Biomass energy production,"Electric power generation, transmission and distribution activities","Electricity, gas, steam and air conditioning supply","Electricity, gas, steam and air conditioning supply",D_35_351_3513
"Recreational, cultural and sporting activities (92)",Botanical and zoological gardens and nature reserves activities,R,91.04,Botanical and zoological gardens and nature reserves activities,"Libraries, archives, museums and other cultural activities","Libraries, archives, museums and other cultural activities","Arts, entertainment and recreation",R_91_910_9103,Botanical and zoological garden activities,Botanical and zoological garden and nature reserve activities,"Library, archives, museum and other cultural activities","Arts, sports and recreation",S_91_914_9141
Construction (45),Plastering,F,43.31,Building completion and finishing,Building completion and finishing,Specialized construction activities,Construction,F_43_433_4330,Building completion and finishing,Building completion and finishing,Specialized construction activities,Construction,F_43_433_4330
Re-processing of secondary construction material into aggregates,Plastering,F,43.31,Building completion and finishing,Building completion and finishing,Specialized construction activities,Construction,F_43_433_4330,Building completion and finishing,Building completion and finishing,Specialized construction activities,Construction,F_43_433_4330
Construction (45),Joinery installation,F,43.32,Building completion and finishing,Building completion and finishing,Specialized construction activities,Construction,F_43_433_4330,Building completion and finishing,Building completion and finishing,Specialized construction activities,Construction,F_43_433_4330
Re-processing of secondary construction material into aggregates,Joinery installation,F,43.32,Building completion and finishing,Building completion and finishing,Specialized construction activities,Construction,F_43_433_4330,Building completion and finishing,Building completion and finishing,Specialized construction activities,Construction,F_43_433_4330
Construction (45),Floor and wall covering,F,43.33,Building completion and finishing,Building completion and finishing,Specialized construction activities,Construction,F_43_433_4330,Building completion and finishing,Building completion and finishing,Specialized construction activities,Construction,F_43_433_4330
Re-processing of secondary construction material into aggregates,Floor and wall covering,F,43.33,Building completion and finishing,Building completion and finishing,Specialized construction activities,Construction,F_43_433_4330,Building completion and finishing,Building completion and finishing,Specialized construction activities,Construction,F_43_433_4330
Construction (45),Painting and glazing,F,43.34,Building completion and finishing,Building completion and finishing,Specialized construction activities,Construction,F_43_433_4330,Building completion and finishing,Building completion and finishing,Specialized construction activities,Construction,F_43_433_4330
Re-processing of secondary construction material into aggregates,Painting and glazing,F,43.34,Building completion and finishing,Building completion and finishing,Specialized construction activities,Construction,F_43_433_4330,Building completion and finishing,Building completion and finishing,Specialized construction activities,Construction,F_43_433_4330
Construction (45),Other building completion and finishing,F,43.39,Building completion and finishing,Building completion and finishing,Specialized construction activities,Construction,F_43_433_4330,Building completion and finishing,Building completion and finishing,Specialized construction activities,Construction,F_43_433_4330
Re-processing of secondary construction material into aggregates,Other building completion and finishing,F,43.39,Building completion and finishing,Building completion and finishing,Specialized construction activities,Construction,F_43_433_4330,Building completion and finishing,Building completion and finishing,Specialized construction activities,Construction,F_43_433_4330
Manufacture of other transport equipment (35),Building of pleasure and sporting boats,C,30.12,Building of pleasure and sporting boats,Building of ships and boats,Manufacture of other transport equipment,Manufacturing,C_30_301_3012,Building of pleasure and sporting boats,Building of ships and boats,Manufacture of other transport equipment,Manufacturing,C_30_301_3012
Manufacture of other transport equipment (35),Building of ships and floating structures,C,30.11,Building of ships and floating structures,Building of ships and boats,Manufacture of other transport equipment,Manufacturing,C_30_301_3011,Building of ships and floating structures,Building of ships and boats,Manufacture of other transport equipment,Manufacturing,C_30_301_3011
Other business activities (74),Public relations and communication activities,M,70.21,Management consultancy activities,Management consultancy activities,Activities of head offices; management consultancy activities,"Professional, scientific and technical activities",M_70_702_7020,Business and other management consultancy activities,Business and other management consultancy activities,Activities of head offices; management consultancy activities,"Professional, scientific and technical activities",N_70_702_7020
Other business activities (74),Business and other management consultancy activities,M,70.22,Management consultancy activities,Management consultancy activities,Activities of head offices; management consultancy activities,"Professional, scientific and technical activities",M_70_702_7020,Business and other management consultancy activities,Business and other management consultancy activities,Activities of head offices; management consultancy activities,"Professional, scientific and technical activities",N_70_702_7020
Hotels and restaurants (55),"Camping grounds, recreational vehicle parks and trailer parks",I,55.3,"Camping grounds, recreational vehicle parks and trailer parks","Camping grounds, recreational vehicle parks and trailer parks",Accommodation,Accommodation and food service activities,I_55_552_5520,"Camping grounds, recreational vehicle parks and trailer parks","Camping grounds, recreational vehicle parks and trailer parks",Accommodation,Accommodation and food service activities,I_55_553_5530
Supporting and auxiliary transport activities; activities of travel agencies (63),Cargo handling,H,52.24,Cargo handling,Support activities for transportation,Warehousing and support activities for transportation,Transportation and storage,H_52_522_5224,Cargo handling,Support activities for transportation,Warehousing and support activities for transportation,Transportation and storage,H_52_522_5224
Casting of metals,Casting of iron,C,24.51,Casting of iron and steel,Casting of metals,Manufacture of basic metals,Manufacturing,C_24_243_2431,Casting of iron and steel,Casting of metals,Manufacture of basic metals,Manufacturing,C_24_243_2431
Casting of metals,Casting of steel,C,24.52,Casting of iron and steel,Casting of metals,Manufacture of basic metals,Manufacturing,C_24_243_2431,Casting of iron and steel,Casting of metals,Manufacture of basic metals,Manufacturing,C_24_243_2431
Casting of metals,Casting of light metals,C,24.53,Casting of non-ferrous metals,Casting of metals,Manufacture of basic metals,Manufacturing,C_24_243_2432,Casting of non-ferrous metals,Casting of metals,Manufacture of basic metals,Manufacturing,C_24_243_2432
Casting of metals,Casting of other non-ferrous metals,C,24.54,Casting of non-ferrous metals,Casting of metals,Manufacture of basic metals,Manufacturing,C_24_243_2432,Casting of non-ferrous metals,Casting of metals,Manufacture of basic metals,Manufacturing,C_24_243_2432
"Financial intermediation, except insurance and pension funding (65)",Central banking,K,64.11,Central banking,Monetary intermediation,"Financial service activities, except insurance and pension funding",Financial and insurance activities,K_64_641_6411,Central banking,Monetary intermediation,"Financial service activities, except insurance and pension funding",Financial and insurance activities,L_64_641_6411
"Biogasification of sewage slugde, incl. land application",Collection of hazardous waste,E,38.12,Collection of hazardous waste,Waste collection,"Waste collection, treatment and disposal activities; materials recovery","Water supply; sewerage, waste management and remediation activities",E_38_381_3812,Collection of hazardous waste,Waste collection activities,"Waste collection, treatment and disposal, and recovery activities","Water supply; sewerage, waste management and remediation activities",E_38_381_3812
Incineration of waste: Metals and Inert materials,Collection of hazardous waste,E,38.12,Collection of hazardous waste,Waste collection,"Waste collection, treatment and disposal activities; materials recovery","Water supply; sewerage, waste management and remediation activities",E_38_381_3812,Collection of hazardous waste,Waste collection activities,"Waste collection, treatment and disposal, and recovery activities","Water supply; sewerage, waste management and remediation activities",E_38_381_3812
Incineration of waste: Oil/Hazardous waste,Collection of hazardous waste,E,38.12,Collection of hazardous waste,Waste collection,"Waste collection, treatment and disposal activities; materials recovery","Water supply; sewerage, waste management and remediation activities",E_38_381_3812,Collection of hazardous waste,Waste collection activities,"Waste collection, treatment and disposal, and recovery activities","Water supply; sewerage, waste management and remediation activities",E_38_381_3812
Landfill of waste: Inert/metal/hazardous,Collection of hazardous waste,E,38.12,Collection of hazardous waste,Waste collection,"Waste collection, treatment and disposal activities; materials recovery","Water supply; sewerage, waste management and remediation activities",E_38_381_3812,Collection of hazardous waste,Waste collection activities,"Waste collection, treatment and disposal, and recovery activities","Water supply; sewerage, waste management and remediation activities",E_38_381_3812
"Biogasification of food waste, incl. land application",Collection of non-hazardous waste,E,38.11,Collection of non-hazardous waste,Waste collection,"Waste collection, treatment and disposal activities; materials recovery","Water supply; sewerage, waste management and remediation activities",E_38_381_3811,Collection of non-hazardous waste,Waste collection activities,"Waste collection, treatment and disposal, and recovery activities","Water supply; sewerage, waste management and remediation activities",E_38_381_3811
"Biogasification of paper, incl. land application",Collection of non-hazardous waste,E,38.11,Collection of non-hazardous waste,Waste collection,"Waste collection, treatment and disposal activities; materials recovery","Water supply; sewerage, waste management and remediation activities",E_38_381_3811,Collection of non-hazardous waste,Waste collection activities,"Waste collection, treatment and disposal, and recovery activities","Water supply; sewerage, waste management and remediation activities",E_38_381_3811
"Composting of food waste, incl. land application",Collection of non-hazardous waste,E,38.11,Collection of non-hazardous waste,Waste collection,"Waste collection, treatment and disposal activities; materials recovery","Water supply; sewerage, waste management and remediation activities",E_38_381_3811,Collection of non-hazardous waste,Waste collection activities,"Waste collection, treatment and disposal, and recovery activities","Water supply; sewerage, waste management and remediation activities",E_38_381_3811
"Composting of paper and wood, incl. land application",Collection of non-hazardous waste,E,38.11,Collection of non-hazardous waste,Waste collection,"Waste collection, treatment and disposal activities; materials recovery","Water supply; sewerage, waste management and remediation activities",E_38_381_3811,Collection of non-hazardous waste,Waste collection activities,"Waste collection, treatment and disposal, and recovery activities","Water supply; sewerage, waste management and remediation activities",E_38_381_3811
Incineration of waste: Food,Collection of non-hazardous waste,E,38.11,Collection of non-hazardous waste,Waste collection,"Waste collection, treatment and disposal activities; materials recovery","Water supply; sewerage, waste management and remediation activities",E_38_381_3811,Collection of non-hazardous waste,Waste collection activities,"Waste collection, treatment and disposal, and recovery activities","Water supply; sewerage, waste management and remediation activities",E_38_381_3811
Incineration of waste: Paper,Collection of non-hazardous waste,E,38.11,Collection of non-hazardous waste,Waste collection,"Waste collection, treatment and disposal activities; materials recovery","Water supply; sewerage, waste management and remediation activities",E_38_381_3811,Collection of non-hazardous waste,Waste collection activities,"Waste collection, treatment and disposal, and recovery activities","Water supply; sewerage, waste management and remediation activities",E_38_381_3811
Incineration of waste: Plastic,Collection of non-hazardous waste,E,38.11,Collection of non-hazardous waste,Waste collection,"Waste collection, treatment and disposal activities; materials recovery","Water supply; sewerage, waste management and remediation activities",E_38_381_3811,Collection of non-hazardous waste,Waste collection activities,"Waste collection, treatment and disposal, and recovery activities","Water supply; sewerage, waste management and remediation activities",E_38_381_3811
Incineration of waste: Textiles,Collection of non-hazardous waste,E,38.11,Collection of non-hazardous waste,Waste collection,"Waste collection, treatment and disposal activities; materials recovery","Water supply; sewerage, waste management and remediation activities",E_38_381_3811,Collection of non-hazardous waste,Waste collection activities,"Waste collection, treatment and disposal, and recovery activities","Water supply; sewerage, waste management and remediation activities",E_38_381_3811
Incineration of waste: Wood,Collection of non-hazardous waste,E,38.11,Collection of non-hazardous waste,Waste collection,"Waste collection, treatment and disposal activities; materials recovery","Water supply; sewerage, waste management and remediation activities",E_38_381_3811,Collection of non-hazardous waste,Waste collection activities,"Waste collection, treatment and disposal, and recovery activities","Water supply; sewerage, waste management and remediation activities",E_38_381_3811
Landfill of waste: Food,Collection of non-hazardous waste,E,38.11,Collection of non-hazardous waste,Waste collection,"Waste collection, treatment and disposal activities; materials recovery","Water supply; sewerage, waste management and remediation activities",E_38_381_3811,Collection of non-hazardous waste,Waste collection activities,"Waste collection, treatment and disposal, and recovery activities","Water supply; sewerage, waste management and remediation activities",E_38_381_3811
Landfill of waste: Paper,Collection of non-hazardous waste,E,38.11,Collection of non-hazardous waste,Waste collection,"Waste collection, treatment and disposal activities; materials recovery","Water supply; sewerage, waste management and remediation activities",E_38_381_3811,Collection of non-hazardous waste,Waste collection activities,"Waste collection, treatment and disposal, and recovery activities","Water supply; sewerage, waste management and remediation activities",E_38_381_3811
Landfill of waste: Plastic,Collection of non-hazardous waste,E,38.11,Collection of non-hazardous waste,Waste collection,"Waste collection, treatment and disposal activities; materials recovery","Water supply; sewerage, waste management and remediation activities",E_38_381_3811,Collection of non-hazardous waste,Waste collection activities,"Waste collection, treatment and disposal, and recovery activities","Water supply; sewerage, waste management and remediation activities",E_38_381_3811
Landfill of waste: Textiles,Collection of non-hazardous waste,E,38.11,Collection of non-hazardous waste,Waste collection,"Waste collection, treatment and disposal activities; materials recovery","Water supply; sewerage, waste management and remediation activities",E_38_381_3811,Collection of non-hazardous waste,Waste collection activities,"Waste collection, treatment and disposal, and recovery activities","Water supply; sewerage, waste management and remediation activities",E_38_381_3811
Landfill of waste: Wood,Collection of non-hazardous waste,E,38.11,Collection of non-hazardous waste,Waste collection,"Waste collection, treatment and disposal activities; materials recovery","Water supply; sewerage, waste management and remediation activities",E_38_381_3811,Collection of non-hazardous waste,Waste collection activities,"Waste collection, treatment and disposal, and recovery activities","Water supply; sewerage, waste management and remediation activities",E_38_381_3811
Other business activities (74),Combined facilities support activities,N,81.1,Combined facilities support activities,Combined facilities support activities,Services to buildings and landscape activities,Administrative and support service activities,N_81_811_8110,Combined facilities support activities,Combined facilities support activities,Services to buildings and landscape activities,Administrative and support service activities,O_81_811_8110
Public administration and defence; compulsory social security (75),Compulsory social security activities,O,84.3,Compulsory social security activities,Compulsory social security activities,Public administration and defence; compulsory social security,Public administration and defence; compulsory social security,O_84_843_8430,Compulsory social security activities,Compulsory social security activities,Public administration and defence; compulsory social security,Public administration and defence; compulsory social security,P_84_843_8430
Computer and related activities (72),Computer consultancy activities,J,62.02,Computer consultancy and computer facilities management activities,"Computer programming, consultancy and related activities","Computer programming, consultancy and related activities",Information and communication,J_62_620_6202,Computer consultancy and computer facilities management activities,Computer consultancy and computer facilities management activities,"Computer programming, consultancy and related activities","Telecommunications, computer programming, consultancy, computing infrastructure, and other information service activities",K_62_622_6220
Computer and related activities (72),Computer facilities management activities,J,62.03,Computer consultancy and computer facilities management activities,"Computer programming, consultancy and related activities","Computer programming, consultancy and related activities",Information and communication,J_62_620_6202,Computer consultancy and computer facilities management activities,Computer consultancy and computer facilities management activities,"Computer programming, consultancy and related activities","Telecommunications, computer programming, consultancy, computing infrastructure, and other information service activities",K_62_622_6220
Computer and related activities (72),"Data processing, hosting and related activities",J,63.11,"Data processing, hosting and related activities","Data processing, hosting and related activities; web portals",Information service activities,Information and communication,J_63_631_6311,"Computing infrastructure, data processing, hosting and related activities","Computing infrastructure, data processing, hosting and related activities","Computing infrastructure, data processing, hosting, and other information service activities","Telecommunications, computer programming, consultancy, computing infrastructure, and other information service activities",K_63_631_6310
"Recreational, cultural and sporting activities (92)",Performing arts,R,90.01,"Creative, arts and entertainment activities","Creative, arts and entertainment activities","Creative, arts and entertainment activities","Arts, entertainment and recreation",R_90_900_9000,"Conservation, restoration and other support activities for cultural heritage","Conservation, restoration and other support activities for cultural heritage","Library, archives, museum and other cultural activities","Arts, sports and recreation",S_91_913_9130
"Recreational, cultural and sporting activities (92)",Support activities to performing arts,R,90.02,"Creative, arts and entertainment activities","Creative, arts and entertainment activities","Creative, arts and entertainment activities","Arts, entertainment and recreation",R_90_900_9000,"Conservation, restoration and other support activities for cultural heritage","Conservation, restoration and other support activities for cultural heritage","Library, archives, museum and other cultural activities","Arts, sports and recreation",S_91_913_9130
"Recreational, cultural and sporting activities (92)",Artistic creation,R,90.03,"Creative, arts and entertainment activities","Creative, arts and entertainment activities","Creative, arts and entertainment activities","Arts, entertainment and recreation",R_90_900_9000,"Conservation, restoration and other support activities for cultural heritage","Conservation, restoration and other support activities for cultural heritage","Library, archives, museum and other cultural activities","Arts, sports and recreation",S_91_913_9130
"Recreational, cultural and sporting activities (92)",Operation of arts facilities,R,90.04,"Creative, arts and entertainment activities","Creative, arts and entertainment activities","Creative, arts and entertainment activities","Arts, entertainment and recreation",R_90_900_9000,"Conservation, restoration and other support activities for cultural heritage","Conservation, restoration and other support activities for cultural heritage","Library, archives, museum and other cultural activities","Arts, sports and recreation",S_91_913_9130
Construction (45),Construction of water projects,F,42.91,Construction of other civil engineering projects,Construction of other civil engineering projects,Civil engineering,Construction,F_42_429_4290,Construction of other civil engineering projects,Construction of other civil engineering projects,Civil engineering,Construction,F_42_429_4290
Re-processing of secondary construction material into aggregates,Construction of water projects,F,42.91,Construction of other civil engineering projects,Construction of other civil engineering projects,Civil engineering,Construction,F_42_429_4290,Construction of other civil engineering projects,Construction of other civil engineering projects,Civil engineering,Construction,F_42_429_4290
Construction (45),Construction of other civil engineering projects n.e.c.,F,42.99,Construction of other civil engineering projects,Construction of other civil engineering projects,Civil engineering,Construction,F_42_429_4290,Construction of other civil engineering projects,Construction of other civil engineering projects,Civil engineering,Construction,F_42_429_4290
Re-processing of secondary construction material into aggregates,Construction of other civil engineering projects n.e.c.,F,42.99,Construction of other civil engineering projects,Construction of other civil engineering projects,Civil engineering,Construction,F_42_429_4290,Construction of other civil engineering projects,Construction of other civil engineering projects,Civil engineering,Construction,F_42_429_4290
Construction (45),Development of building projects,F,41.1,Construction of buildings,Construction of buildings,Construction of buildings,Construction,F_41_410_4100,Construction of residential and non-residential buildings,Construction of residential and non-residential buildings,Construction of residential and non-residential buildings,Construction,F_41_410_4100
Re-processing of secondary construction material into aggregates,Development of building projects,F,41.1,Construction of buildings,Construction of buildings,Construction of buildings,Construction,F_41_410_4100,Construction of residential and non-residential buildings,Construction of residential and non-residential buildings,Construction of residential and non-residential buildings,Construction,F_41_410_4100
Construction (45),Construction of residential and non-residential buildings,F,41.2,Construction of buildings,Construction of buildings,Construction of buildings,Construction,F_41_410_4100,Construction of residential and non-residential buildings,Construction of residential and non-residential buildings,Construction of residential and non-residential buildings,Construction,F_41_410_4100
Re-processing of secondary construction material into aggregates,Construction of residential and non-residential buildings,F,41.2,Construction of buildings,Construction of buildings,Construction of buildings,Construction,F_41_410_4100,Construction of residential and non-residential buildings,Construction of residential and non-residential buildings,Construction of residential and non-residential buildings,Construction,F_41_410_4100
Construction (45),Construction of roads and motorways,F,42.11,Construction of roads and railways,Construction of roads and railways,Civil engineering,Construction,F_42_421_4210,Construction of roads and railways,Construction of roads and railways,Civil engineering,Construction,F_42_421_4210
Re-processing of secondary construction material into aggregates,Construction of roads and motorways,F,42.11,Construction of roads and railways,Construction of roads and railways,Civil engineering,Construction,F_42_421_4210,Construction of roads and railways,Construction of roads and railways,Civil engineering,Construction,F_42_421_4210
Construction (45),Construction of railways and underground railways,F,42.12,Construction of roads and railways,Construction of roads and railways,Civil engineering,Construction,F_42_421_4210,Construction of roads and railways,Construction of roads and railways,Civil engineering,Construction,F_42_421_4210
Re-processing of secondary construction material into aggregates,Construction of railways and underground railways,F,42.12,Construction of roads and railways,Construction of roads and railways,Civil engineering,Construction,F_42_421_4210,Construction of roads and railways,Construction of roads and railways,Civil engineering,Construction,F_42_421_4210
Construction (45),Construction of bridges and tunnels,F,42.13,Construction of roads and railways,Construction of roads and railways,Civil engineering,Construction,F_42_421_4210,Construction of roads and railways,Construction of roads and railways,Civil engineering,Construction,F_42_421_4210
Re-processing of secondary construction material into aggregates,Construction of bridges and tunnels,F,42.13,Construction of roads and railways,Construction of roads and railways,Civil engineering,Construction,F_42_421_4210,Construction of roads and railways,Construction of roads and railways,Civil engineering,Construction,F_42_421_4210
Construction (45),Construction of utility projects for fluids,F,42.21,Construction of utility projects,Construction of utility projects,Civil engineering,Construction,F_42_422_4220,Construction of utility projects,Construction of utility projects,Civil engineering,Construction,F_42_422_4220
Re-processing of secondary construction material into aggregates,Construction of utility projects for fluids,F,42.21,Construction of utility projects,Construction of utility projects,Civil engineering,Construction,F_42_422_4220,Construction of utility projects,Construction of utility projects,Civil engineering,Construction,F_42_422_4220
Construction (45),Construction of utility projects for electricity and telecommunications,F,42.22,Construction of utility projects,Construction of utility projects,Civil engineering,Construction,F_42_422_4220,Construction of utility projects,Construction of utility projects,Civil engineering,Construction,F_42_422_4220
Re-processing of secondary construction material into aggregates,Construction of utility projects for electricity and telecommunications,F,42.22,Construction of utility projects,Construction of utility projects,Civil engineering,Construction,F_42_422_4220,Construction of utility projects,Construction of utility projects,Civil engineering,Construction,F_42_422_4220
Post and telecommunications (64),Other postal and courier activities,H,53.2,Courier activities,Courier activities,Postal and courier activities,Transportation and storage,H_53_532_5320,Courier activities,Courier activities,Postal and courier activities,Transportation and storage,H_53_532_5320
Education (80),Cultural education,P,85.52,Cultural education,Other education,Education,Education,P_85_854_8542,Cultural education,Other education,Education,Education,Q_85_855_8552
Manufacture of other non-metallic mineral products n.e.c.,"Cutting, shaping and finishing of stone",C,23.7,"Cutting, shaping and finishing of stone",Manufacture of non-metallic mineral products n.e.c.,Manufacture of other non-metallic mineral products,Manufacturing,C_23_239_2396,"Cutting, shaping and finishing of stone",Manufacture of non-metallic mineral products n.e.c.,Manufacture of other non-metallic mineral products,Manufacturing,C_23_239_2396
Other service activities (93),Hairdressing and other beauty treatment,S,96.02,Hairdressing and other beauty treatment,Other personal service activities,Other personal service activities,Other service activities,S_96_960_9602,"Day spa, sauna and steam bath activities","Hairdressing, beauty treatment, day spa and similar activities",Personal service activities,Other service activities,T_96_962_9623
Public administration and defence; compulsory social security (75),Defence activities,O,84.22,Defence activities,Provision of services to the community as a whole,Public administration and defence; compulsory social security,Public administration and defence; compulsory social security,O_84_842_8422,Defence activities,Provision of services to the community as a whole,Public administration and defence; compulsory social security,Public administration and defence; compulsory social security,P_84_842_8422
Construction (45),Demolition,F,43.11,Demolition,Demolition and site preparation,Specialized construction activities,Construction,F_43_431_4311,Demolition,Demolition and site preparation,Specialized construction activities,Construction,F_43_431_4311
Re-processing of secondary construction material into aggregates,Demolition,F,43.11,Demolition,Demolition and site preparation,Specialized construction activities,Construction,F_43_431_4311,Demolition,Demolition and site preparation,Specialized construction activities,Construction,F_43_431_4311
Computer and related activities (72),Computer programming activities,J,62.01,Computer programming activities,"Computer programming, consultancy and related activities","Computer programming, consultancy and related activities",Information and communication,J_62_620_6201,"Development of video games, video game software, and video game software tools",Computer programming activities,"Computer programming, consultancy and related activities","Telecommunications, computer programming, consultancy, computing infrastructure, and other information service activities",K_62_621_6211
Manufacture of beverages,"Distilling, rectifying and blending of spirits",C,11.01,"Distilling, rectifying and blending of spirits",Manufacture of beverages,Manufacture of beverages,Manufacturing,C_11_110_1101,"Distilling, rectifying and blending of spirits",Manufacture of beverages,Manufacture of beverages,Manufacturing,C_11_110_1101
Education (80),Driving school activities,P,85.53,Other education n.e.c.,Other education,Education,Education,P_85_854_8549,Driving school activities,Other education,Education,Education,Q_85_855_8553
Education (80),Other education n.e.c.,P,85.59,Other education n.e.c.,Other education,Education,Education,P_85_854_8549,Driving school activities,Other education,Education,Education,Q_85_855_8553
Construction (45),Electrical installation,F,43.21,Electrical installation,"Electrical, plumbing and other construction installation activities",Specialized construction activities,Construction,F_43_432_4321,Electrical installation,"Electrical, plumbing and other construction installation activities",Specialized construction activities,Construction,F_43_432_4321
Re-processing of secondary construction material into aggregates,Electrical installation,F,43.21,Electrical installation,"Electrical, plumbing and other construction installation activities",Specialized construction activities,Construction,F_43_432_4321,Electrical installation,"Electrical, plumbing and other construction installation activities",Specialized construction activities,Construction,F_43_432_4321
Hotels and restaurants (55),Event catering activities,I,56.21,Event catering,Event catering and other food service activities,Food and beverage service activities,Accommodation and food service activities,I_56_562_5621,Event catering activities,Event catering and other food service activities,Food and beverage service activities,Accommodation and food service activities,I_56_562_5621
"Extraction of crude petroleum and services related to crude oil extraction, excluding surveying",Extraction of crude petroleum,B,6.1,Extraction of crude petroleum,Extraction of crude petroleum,Extraction of crude petroleum and natural gas,Mining and quarrying,B_6_61_610,Extraction of crude petroleum,Extraction of crude petroleum,Extraction of crude petroleum and natural gas,Mining and quarrying,B_06_061_0610
"Extraction of natural gas and services related to natural gas extraction, excluding surveying",Extraction of natural gas,B,6.2,Extraction of natural gas,Extraction of natural gas,Extraction of crude petroleum and natural gas,Mining and quarrying,B_6_62_620,Extraction of natural gas,Extraction of natural gas,Extraction of crude petroleum and natural gas,Mining and quarrying,B_06_062_0620
"Extraction, liquefaction, and regasification of other petroleum and gaseous materials",Extraction of natural gas,B,6.2,Extraction of natural gas,Extraction of natural gas,Extraction of crude petroleum and natural gas,Mining and quarrying,B_6_62_620,Extraction of natural gas,Extraction of natural gas,Extraction of crude petroleum and natural gas,Mining and quarrying,B_06_062_0620
Mining of coal and lignite; extraction of peat (10),Extraction of peat,B,8.92,Extraction of peat,Mining and quarrying n.e.c.,Other mining and quarrying,Mining and quarrying,B_8_89_892,Extraction of peat,Mining and quarrying n.e.c.,Other mining and quarrying,Mining and quarrying,B_08_089_0892
"Mining of chemical and fertilizer minerals, production of salt, other mining and quarrying n.e.c.",Extraction of salt,B,8.93,Extraction of salt,Mining and quarrying n.e.c.,Other mining and quarrying,Mining and quarrying,B_8_89_893,Extraction of salt,Mining and quarrying n.e.c.,Other mining and quarrying,Mining and quarrying,B_08_089_0893
"Financial intermediation, except insurance and pension funding (65)","Other financial service activities, except insurance and pension funding n.e.c.",K,64.99,"Other financial service activities, except insurance and pension funding activities, n.e.c.","Other financial service activities, except insurance and pension funding activities","Financial service activities, except insurance and pension funding",Financial and insurance activities,K_64_649_6499,Factoring activities,"Other financial service activities, except insurance and pension funding activities","Financial service activities, except insurance and pension funding",Financial and insurance activities,L_64_649_6493
"Financial intermediation, except insurance and pension funding (65)",Financial leasing,K,64.91,Financial leasing,"Other financial service activities, except insurance and pension funding activities","Financial service activities, except insurance and pension funding",Financial and insurance activities,K_64_649_6491,Financial leasing activities,"Other financial service activities, except insurance and pension funding activities","Financial service activities, except insurance and pension funding",Financial and insurance activities,L_64_649_6491
Manufacture of textiles (17),Finishing of textiles,C,13.3,Finishing of textiles,"Spinning, weaving and finishing of textiles",Manufacture of textiles,Manufacturing,C_13_131_1313,Finishing of textiles,"Spinning, weaving and finishing of textiles",Manufacture of textiles,Manufacturing,C_13_131_1313
Public administration and defence; compulsory social security (75),Foreign affairs,O,84.21,Foreign affairs,Provision of services to the community as a whole,Public administration and defence; compulsory social security,Public administration and defence; compulsory social security,O_84_842_8421,Foreign affairs,Provision of services to the community as a whole,Public administration and defence; compulsory social security,Public administration and defence; compulsory social security,P_84_842_8421
"Manufacture of fabricated metal products, except machinery and equipment (28)","Forging, pressing, stamping and roll-forming of metal; powder metallurgy",C,25.5,"Forging, pressing, stamping and roll-forming of metal; powder metallurgy",Manufacture of other fabricated metal products; metalworking service activities,"Manufacture of fabricated metal products, except machinery and equipment",Manufacturing,C_25_259_2591,"Forging, pressing, stamping and roll-forming of metal; powder metallurgy",Manufacture of other fabricated metal products; metalworking service activities,"Manufacture of fabricated metal products, except machinery and equipment",Manufacturing,C_25_259_2591
Production of electricity by gas,Production of electricity,D,35.11,Fossil fuels energy production,"Electric power generation, transmission and distribution","Electricity, gas, steam and air conditioning supply","Electricity, gas, steam and air conditioning supply",D_35_351_3510,Fossil fuels energy production,"Electric power generation, transmission and distribution activities","Electricity, gas, steam and air conditioning supply","Electricity, gas, steam and air conditioning supply",D_35_351_3513
Production of electricity by petroleum and other oil derivatives,Production of electricity,D,35.11,Fossil fuels energy production,"Electric power generation, transmission and distribution","Electricity, gas, steam and air conditioning supply","Electricity, gas, steam and air conditioning supply",D_35_351_3510,Fossil fuels energy production,"Electric power generation, transmission and distribution activities","Electricity, gas, steam and air conditioning supply","Electricity, gas, steam and air conditioning supply",D_35_351_3513
Production of electricity by coal,Production of electricity,D,35.11,Fossil fuels energy production,"Electric power generation, transmission and distribution","Electricity, gas, steam and air conditioning supply","Electricity, gas, steam and air conditioning supply",D_35_351_3510,Fossil fuels energy production,"Electric power generation, transmission and distribution activities","Electricity, gas, steam and air conditioning supply","Electricity, gas, steam and air conditioning supply",D_35_351_3513
Air transport (62),Freight air transport,H,51.21,Freight air transport,Freight air transport,Air transport,Transportation and storage,H_51_512_5120,Freight air transport,Freight air transport,Air transport,Transportation and storage,H_51_512_5120
Air transport (62),Space transport,H,51.22,Freight air transport,Freight air transport,Air transport,Transportation and storage,H_51_512_5120,Freight air transport,Freight air transport,Air transport,Transportation and storage,H_51_512_5120
Transport via railways,Freight rail transport,H,49.2,Freight rail transport,Transport via railways,Land transport and transport via pipelines,Transportation and storage,H_49_491_4912,Freight rail transport,Transport via railways,Land transport and transport via pipelines,Transportation and storage,H_49_491_4912
Other land transport,Freight transport by road,H,49.41,Freight transport by road,Other land transport,Land transport and transport via pipelines,Transportation and storage,H_49_492_4923,Freight transport by road,Other land transport,Land transport and transport via pipelines,Transportation and storage,H_49_492_4923
Other land transport,Removal services,H,49.42,Freight transport by road,Other land transport,Land transport and transport via pipelines,Transportation and storage,H_49_492_4923,Freight transport by road,Other land transport,Land transport and transport via pipelines,Transportation and storage,H_49_492_4923
"Fishing, operating of fish hatcheries and fish farms; service activities incidental to fishing (05)",Freshwater aquaculture,A,3.22,Freshwater aquaculture,Aquaculture,Fishing and aquaculture,"Agriculture, forestry and fishing",A_3_32_322,Freshwater aquaculture,Aquaculture,Fishing and aquaculture,"Agriculture, forestry and fishing",A_03_032_0322
"Fishing, operating of fish hatcheries and fish farms; service activities incidental to fishing (05)",Freshwater fishing,A,3.12,Freshwater fishing,Fishing,Fishing and aquaculture,"Agriculture, forestry and fishing",A_3_31_312,Freshwater fishing,Fishing,Fishing and aquaculture,"Agriculture, forestry and fishing",A_03_031_0312
Activities auxiliary to financial intermediation (67),Fund management activities,K,66.3,Fund management activities,Fund management activities,Activities auxiliary to financial service and insurance activities,Financial and insurance activities,K_66_663_6630,Fund management activities,Fund management activities,Activities auxiliary to financial service and insurance activities,Financial and insurance activities,L_66_663_6630
Other service activities (93),Funeral and related activities,S,96.03,Funeral and related activities,Other personal service activities,Other personal service activities,Other service activities,S_96_960_9603,Funeral and related activities,Funeral and related activities,Personal service activities,Other service activities,T_96_963_9630
"Recreational, cultural and sporting activities (92)",Gambling and betting activities,R,92,Gambling and betting activities,Gambling and betting activities,Gambling and betting activities,"Arts, entertainment and recreation",R_92_920_9200,Gambling and betting activities,Gambling and betting activities,Gambling and betting activities,"Arts, sports and recreation",S_92_920_9200
"Forestry, logging and related service activities (02)",Gathering of wild growing non-wood products,A,2.3,Gathering of non-wood forest products,Gathering of non-wood forest products,Forestry and logging,"Agriculture, forestry and fishing",A_2_23_230,Gathering of non-wood forest products,Gathering of non-wood forest products,Forestry and logging,"Agriculture, forestry and fishing",A_02_023_0230
Other business activities (74),General cleaning of buildings,N,81.21,General cleaning of buildings,Cleaning activities,Services to buildings and landscape activities,Administrative and support service activities,N_81_812_8121,General cleaning of buildings,Cleaning activities,Services to buildings and landscape activities,Administrative and support service activities,O_81_812_8121
Public administration and defence; compulsory social security (75),General public administration activities,O,84.11,General public administration activities,Administration of the State and the economic and social policy of the community,Public administration and defence; compulsory social security,Public administration and defence; compulsory social security,O_84_841_8411,General public administration activities,"Administration of the State and the economic, social and environmental policies of the community",Public administration and defence; compulsory social security,Public administration and defence; compulsory social security,P_84_841_8411
Education (80),General secondary education,P,85.31,General secondary education,Secondary education,Education,Education,P_85_852_8521,General secondary education,Secondary and post-secondary non-tertiary education,Education,Education,Q_85_853_8531
Production of electricity by Geothermal,Production of electricity,D,35.11,Geothermal energy production,"Electric power generation, transmission and distribution","Electricity, gas, steam and air conditioning supply","Electricity, gas, steam and air conditioning supply",D_35_351_3510,Geothermal energy production,"Electric power generation, transmission and distribution activities","Electricity, gas, steam and air conditioning supply","Electricity, gas, steam and air conditioning supply",D_35_351_3513
Cultivation of crops nec,Growing of beverage crops,A,1.27,Growing of beverage crops,Growing of perennial crops,"Crop and animal production, hunting and related service activities","Agriculture, forestry and fishing",A_1_12_127,Growing of beverage crops,Growing of perennial crops,"Crop and animal production, hunting and related service activities","Agriculture, forestry and fishing",A_01_012_0127
Cultivation of cereal grains nec,"Growing of cereals (except rice), leguminous crops and oil seeds",A,1.11,"Growing of cereals (except rice), leguminous crops and oil seeds",Growing of non-perennial crops,"Crop and animal production, hunting and related service activities","Agriculture, forestry and fishing",A_1_11_111,"Growing of cereals (except rice), leguminous crops and oil seeds",Growing of non-perennial crops,"Crop and animal production, hunting and related service activities","Agriculture, forestry and fishing",A_01_011_0111
Cultivation of oil seeds,"Growing of cereals (except rice), leguminous crops and oil seeds",A,1.11,"Growing of cereals (except rice), leguminous crops and oil seeds",Growing of non-perennial crops,"Crop and animal production, hunting and related service activities","Agriculture, forestry and fishing",A_1_11_111,"Growing of cereals (except rice), leguminous crops and oil seeds",Growing of non-perennial crops,"Crop and animal production, hunting and related service activities","Agriculture, forestry and fishing",A_01_011_0111
"Cultivation of vegetables, fruit, nuts","Growing of cereals (except rice), leguminous crops and oil seeds",A,1.11,"Growing of cereals (except rice), leguminous crops and oil seeds",Growing of non-perennial crops,"Crop and animal production, hunting and related service activities","Agriculture, forestry and fishing",A_1_11_111,"Growing of cereals (except rice), leguminous crops and oil seeds",Growing of non-perennial crops,"Crop and animal production, hunting and related service activities","Agriculture, forestry and fishing",A_01_011_0111
Cultivation of wheat,"Growing of cereals (except rice), leguminous crops and oil seeds",A,1.11,"Growing of cereals (except rice), leguminous crops and oil seeds",Growing of non-perennial crops,"Crop and animal production, hunting and related service activities","Agriculture, forestry and fishing",A_1_11_111,"Growing of cereals (except rice), leguminous crops and oil seeds",Growing of non-perennial crops,"Crop and animal production, hunting and related service activities","Agriculture, forestry and fishing",A_01_011_0111
"Cultivation of vegetables, fruit, nuts",Growing of citrus fruits,A,1.23,Growing of citrus fruits,Growing of perennial crops,"Crop and animal production, hunting and related service activities","Agriculture, forestry and fishing",A_1_12_123,Growing of citrus fruits,Growing of perennial crops,"Crop and animal production, hunting and related service activities","Agriculture, forestry and fishing",A_01_012_0123
Cultivation of plant-based fibers,Growing of fibre crops,A,1.16,Growing of fibre crops,Growing of non-perennial crops,"Crop and animal production, hunting and related service activities","Agriculture, forestry and fishing",A_1_11_116,Growing of fibre crops,Growing of non-perennial crops,"Crop and animal production, hunting and related service activities","Agriculture, forestry and fishing",A_01_011_0116
"Cultivation of vegetables, fruit, nuts",Growing of grapes,A,1.21,Growing of grapes,Growing of perennial crops,"Crop and animal production, hunting and related service activities","Agriculture, forestry and fishing",A_1_12_121,Growing of grapes,Growing of perennial crops,"Crop and animal production, hunting and related service activities","Agriculture, forestry and fishing",A_01_012_0121
"Cultivation of vegetables, fruit, nuts",Growing of oleaginous fruits,A,1.26,Growing of oleaginous fruits,Growing of perennial crops,"Crop and animal production, hunting and related service activities","Agriculture, forestry and fishing",A_1_12_126,Growing of oleaginous fruits,Growing of perennial crops,"Crop and animal production, hunting and related service activities","Agriculture, forestry and fishing",A_01_012_0126
Cultivation of crops nec,Growing of other non-perennial crops,A,1.19,Growing of other non-perennial crops,Growing of non-perennial crops,"Crop and animal production, hunting and related service activities","Agriculture, forestry and fishing",A_1_11_119,Growing of other non-perennial crops,Growing of non-perennial crops,"Crop and animal production, hunting and related service activities","Agriculture, forestry and fishing",A_01_011_0119
Cultivation of crops nec,Growing of other perennial crops,A,1.29,Growing of other perennial crops,Growing of perennial crops,"Crop and animal production, hunting and related service activities","Agriculture, forestry and fishing",A_1_12_129,Growing of other perennial crops,Growing of perennial crops,"Crop and animal production, hunting and related service activities","Agriculture, forestry and fishing",A_01_012_0129
"Cultivation of vegetables, fruit, nuts",Growing of other tree and bush fruits and nuts,A,1.25,Growing of other tree and bush fruits and nuts,Growing of perennial crops,"Crop and animal production, hunting and related service activities","Agriculture, forestry and fishing",A_1_12_125,Growing of other tree and bush fruits and nuts,Growing of perennial crops,"Crop and animal production, hunting and related service activities","Agriculture, forestry and fishing",A_01_012_0125
"Cultivation of vegetables, fruit, nuts",Growing of pome fruits and stone fruits,A,1.24,Growing of pome fruits and stone fruits,Growing of perennial crops,"Crop and animal production, hunting and related service activities","Agriculture, forestry and fishing",A_1_12_124,Growing of pome fruits and stone fruits,Growing of perennial crops,"Crop and animal production, hunting and related service activities","Agriculture, forestry and fishing",A_01_012_0124
Cultivation of paddy rice,Growing of rice,A,1.12,Growing of rice,Growing of non-perennial crops,"Crop and animal production, hunting and related service activities","Agriculture, forestry and fishing",A_1_11_112,Growing of rice,Growing of non-perennial crops,"Crop and animal production, hunting and related service activities","Agriculture, forestry and fishing",A_01_011_0112
Cultivation of crops nec,"Growing of spices, aromatic, drug and pharmaceutical crops",A,1.28,"Growing of spices, aromatic, drug and pharmaceutical crops",Growing of perennial crops,"Crop and animal production, hunting and related service activities","Agriculture, forestry and fishing",A_1_12_128,"Growing of spices, aromatic, drug and pharmaceutical crops",Growing of perennial crops,"Crop and animal production, hunting and related service activities","Agriculture, forestry and fishing",A_01_012_0128
"Cultivation of sugar cane, sugar beet",Growing of sugar cane,A,1.14,Growing of sugar cane,Growing of non-perennial crops,"Crop and animal production, hunting and related service activities","Agriculture, forestry and fishing",A_1_11_114,Growing of sugar cane,Growing of non-perennial crops,"Crop and animal production, hunting and related service activities","Agriculture, forestry and fishing",A_01_011_0114
Cultivation of crops nec,Growing of tobacco,A,1.15,Growing of tobacco,Growing of non-perennial crops,"Crop and animal production, hunting and related service activities","Agriculture, forestry and fishing",A_1_11_115,Growing of tobacco,Growing of non-perennial crops,"Crop and animal production, hunting and related service activities","Agriculture, forestry and fishing",A_01_011_0115
"Cultivation of vegetables, fruit, nuts",Growing of tropical and subtropical fruits,A,1.22,Growing of tropical and subtropical fruits,Growing of perennial crops,"Crop and animal production, hunting and related service activities","Agriculture, forestry and fishing",A_1_12_122,Growing of tropical and subtropical fruits,Growing of perennial crops,"Crop and animal production, hunting and related service activities","Agriculture, forestry and fishing",A_01_012_0122
Cultivation of crops nec,"Growing of vegetables and melons, roots and tubers",A,1.13,"Growing of vegetables and melons, roots and tubers",Growing of non-perennial crops,"Crop and animal production, hunting and related service activities","Agriculture, forestry and fishing",A_1_11_113,"Growing of vegetables and melons, roots and tubers",Growing of non-perennial crops,"Crop and animal production, hunting and related service activities","Agriculture, forestry and fishing",A_01_011_0113
"Cultivation of vegetables, fruit, nuts","Growing of vegetables and melons, roots and tubers",A,1.13,"Growing of vegetables and melons, roots and tubers",Growing of non-perennial crops,"Crop and animal production, hunting and related service activities","Agriculture, forestry and fishing",A_1_11_113,"Growing of vegetables and melons, roots and tubers",Growing of non-perennial crops,"Crop and animal production, hunting and related service activities","Agriculture, forestry and fishing",A_01_011_0113
Cultivation of crops nec,"Growing of spices, aromatic, drug and pharmaceutical crops",A,1.28,"Growing of spices, aromatic, drug and pharmaceutical crops",Growing of perennial crops,"Crop and animal production, hunting and related service activities","Agriculture, forestry and fishing",A_1_12_128,"Growing of vegetables and melons, roots and tubers",Growing of non-perennial crops,"Crop and animal production, hunting and related service activities","Agriculture, forestry and fishing",A_01_011_0113
Other service activities (93),Hairdressing and other beauty treatment,S,96.02,Hairdressing and other beauty treatment,Other personal service activities,Other personal service activities,Other service activities,S_96_960_9602,Hairdressing and barber activities,"Hairdressing, beauty treatment, day spa and similar activities",Personal service activities,Other service activities,T_96_962_9621
"Recreational, cultural and sporting activities (92)",Museums activities,R,91.02,Museums activities and operation of historical sites and buildings,"Libraries, archives, museums and other cultural activities","Libraries, archives, museums and other cultural activities","Arts, entertainment and recreation",R_91_910_9102,Historical site and monument activities,"Museum, collection, historical site and monument activities","Library, archives, museum and other cultural activities","Arts, sports and recreation",S_91_912_9122
"Recreational, cultural and sporting activities (92)",Operation of historical sites and buildings and similar visitor attractions,R,91.03,Museums activities and operation of historical sites and buildings,"Libraries, archives, museums and other cultural activities","Libraries, archives, museums and other cultural activities","Arts, entertainment and recreation",R_91_910_9102,Historical site and monument activities,"Museum, collection, historical site and monument activities","Library, archives, museum and other cultural activities","Arts, sports and recreation",S_91_912_9122
Health and social work (85),Hospital activities,Q,86.1,Hospital activities,Hospital activities,Human health activities,Human health and social work activities,Q_86_861_8610,Hospital activities,Hospital activities,Human health activities,Human health and social work activities,R_86_861_8610
Hotels and restaurants (55),Hotels and similar accommodation,I,55.1,Short term accommodation activities,Short term accommodation activities,Accommodation,Accommodation and food service activities,I_55_551_5510,Hotels and similar accommodation activities,Hotels and similar accommodation activities,Accommodation,Accommodation and food service activities,I_55_551_5510
Hotels and restaurants (55),Holiday and other short-stay accommodation,I,55.2,Short term accommodation activities,Short term accommodation activities,Accommodation,Accommodation and food service activities,I_55_551_5510,Hotels and similar accommodation activities,Hotels and similar accommodation activities,Accommodation,Accommodation and food service activities,I_55_551_5510
Animal products nec,"Hunting, trapping and related service activities",A,1.7,"Hunting, trapping and related service activities","Hunting, trapping and related service activities","Crop and animal production, hunting and related service activities","Agriculture, forestry and fishing",A_1_17_170,"Hunting, trapping and related service activities","Hunting, trapping and related service activities","Crop and animal production, hunting and related service activities","Agriculture, forestry and fishing",A_01_017_0170
Meat animals nec,"Hunting, trapping and related service activities",A,1.7,"Hunting, trapping and related service activities","Hunting, trapping and related service activities","Crop and animal production, hunting and related service activities","Agriculture, forestry and fishing",A_1_17_170,"Hunting, trapping and related service activities","Hunting, trapping and related service activities","Crop and animal production, hunting and related service activities","Agriculture, forestry and fishing",A_01_017_0170
Production of electricity by hydro,Production of electricity,D,35.11,Hydropower energy production,"Electric power generation, transmission and distribution","Electricity, gas, steam and air conditioning supply","Electricity, gas, steam and air conditioning supply",D_35_351_3510,Hydropower energy production,"Electric power generation, transmission and distribution activities","Electricity, gas, steam and air conditioning supply","Electricity, gas, steam and air conditioning supply",D_35_351_3513
Inland water transport,Inland freight water transport,H,50.4,Inland freight water transport,Inland water transport,Water transport,Transportation and storage,H_50_502_5022,Inland freight water transport,Inland water transport,Water transport,Transportation and storage,H_50_502_5022
Inland water transport,Inland passenger water transport,H,50.3,Inland passenger water transport,Inland water transport,Water transport,Transportation and storage,H_50_502_5021,Inland passenger water transport,Inland water transport,Water transport,Transportation and storage,H_50_502_5021
Manufacture of electrical machinery and apparatus n.e.c. (31),Installation of industrial machinery and equipment,C,33.2,Installation of industrial machinery and equipment,Installation of industrial machinery and equipment,Repair and installation of machinery and equipment,Manufacturing,C_33_332_3320,Installation of industrial machinery and equipment,Installation of industrial machinery and equipment,"Repair, maintenance and installation of machinery and equipment",Manufacturing,C_33_332_3320
Manufacture of furniture; manufacturing n.e.c. (36),Installation of industrial machinery and equipment,C,33.2,Installation of industrial machinery and equipment,Installation of industrial machinery and equipment,Repair and installation of machinery and equipment,Manufacturing,C_33_332_3320,Installation of industrial machinery and equipment,Installation of industrial machinery and equipment,"Repair, maintenance and installation of machinery and equipment",Manufacturing,C_33_332_3320
Manufacture of machinery and equipment n.e.c. (29),Installation of industrial machinery and equipment,C,33.2,Installation of industrial machinery and equipment,Installation of industrial machinery and equipment,Repair and installation of machinery and equipment,Manufacturing,C_33_332_3320,Installation of industrial machinery and equipment,Installation of industrial machinery and equipment,"Repair, maintenance and installation of machinery and equipment",Manufacturing,C_33_332_3320
"Manufacture of medical, precision and optical instruments, watches and clocks (33)",Installation of industrial machinery and equipment,C,33.2,Installation of industrial machinery and equipment,Installation of industrial machinery and equipment,Repair and installation of machinery and equipment,Manufacturing,C_33_332_3320,Installation of industrial machinery and equipment,Installation of industrial machinery and equipment,"Repair, maintenance and installation of machinery and equipment",Manufacturing,C_33_332_3320
Manufacture of office machinery and computers (30),Installation of industrial machinery and equipment,C,33.2,Installation of industrial machinery and equipment,Installation of industrial machinery and equipment,Repair and installation of machinery and equipment,Manufacturing,C_33_332_3320,Installation of industrial machinery and equipment,Installation of industrial machinery and equipment,"Repair, maintenance and installation of machinery and equipment",Manufacturing,C_33_332_3320
"Manufacture of radio, television and communication equipment and apparatus (32)",Installation of industrial machinery and equipment,C,33.2,Installation of industrial machinery and equipment,Installation of industrial machinery and equipment,Repair and installation of machinery and equipment,Manufacturing,C_33_332_3320,Installation of industrial machinery and equipment,Installation of industrial machinery and equipment,"Repair, maintenance and installation of machinery and equipment",Manufacturing,C_33_332_3320
Hotels and restaurants (55),"Camping grounds, recreational vehicle parks and trailer parks",I,55.3,"Camping grounds, recreational vehicle parks and trailer parks","Camping grounds, recreational vehicle parks and trailer parks",Accommodation,Accommodation and food service activities,I_55_552_5520,Intermediation service activities for accommodation,Intermediation service activities for accommodation,Accommodation,Accommodation and food service activities,I_55_554_5540
Hotels and restaurants (55),Other accommodation,I,55.9,Other accommodation,Other accommodation,Accommodation,Accommodation and food service activities,I_55_559_5590,Intermediation service activities for accommodation,Intermediation service activities for accommodation,Accommodation,Accommodation and food service activities,I_55_554_5540
Hotels and restaurants (55),Hotels and similar accommodation,I,55.1,Short term accommodation activities,Short term accommodation activities,Accommodation,Accommodation and food service activities,I_55_551_5510,Intermediation service activities for accommodation,Intermediation service activities for accommodation,Accommodation,Accommodation and food service activities,I_55_554_5540
Hotels and restaurants (55),Holiday and other short-stay accommodation,I,55.2,Short term accommodation activities,Short term accommodation activities,Accommodation,Accommodation and food service activities,I_55_551_5510,Intermediation service activities for accommodation,Intermediation service activities for accommodation,Accommodation,Accommodation and food service activities,I_55_554_5540
Other business activities (74),Other business support service activities n.e.c.,N,82.99,Other business support service activities n.e.c.,Business support service activities n.e.c.,"Office administrative, office support and other business support activities",Administrative and support service activities,N_82_829_8299,"Intermediation service activities for business support activities n.e.c., except financial intermediation","Intermediation service activities for business support activities n.e.c., except financial intermediation","Office administrative, office support and other business support activities",Administrative and support service activities,O_82_824_8240
Other business activities (74),Organisation of conventions and trade shows,N,82.3,Organization of conventions and trade shows,Organization of conventions and trade shows,"Office administrative, office support and other business support activities",Administrative and support service activities,N_82_823_8230,"Intermediation service activities for business support activities n.e.c., except financial intermediation","Intermediation service activities for business support activities n.e.c., except financial intermediation","Office administrative, office support and other business support activities",Administrative and support service activities,O_82_824_8240
"Recreational, cultural and sporting activities (92)",Other reservation service and related activities,N,79.9,Other reservation service and related activities,Other reservation service and related activities,"Travel agency, tour operator, reservation service and related activities",Administrative and support service activities,N_79_799_7990,"Intermediation service activities for business support activities n.e.c., except financial intermediation","Intermediation service activities for business support activities n.e.c., except financial intermediation","Office administrative, office support and other business support activities",Administrative and support service activities,O_82_824_8240
Supporting and auxiliary transport activities; activities of travel agencies (63),Other reservation service and related activities,N,79.9,Other reservation service and related activities,Other reservation service and related activities,"Travel agency, tour operator, reservation service and related activities",Administrative and support service activities,N_79_799_7990,"Intermediation service activities for business support activities n.e.c., except financial intermediation","Intermediation service activities for business support activities n.e.c., except financial intermediation","Office administrative, office support and other business support activities",Administrative and support service activities,O_82_824_8240
Other business activities (74),Educational support activities,P,85.6,Educational support activities,Educational support activities,Education,Education,P_85_855_8550,Intermediation service activities for courses and tutors,Educational support activities,Education,Education,Q_85_856_8561
Education (80),Driving school activities,P,85.53,Other education n.e.c.,Other education,Education,Education,P_85_854_8549,Intermediation service activities for courses and tutors,Educational support activities,Education,Education,Q_85_856_8561
Education (80),Other education n.e.c.,P,85.59,Other education n.e.c.,Other education,Education,Education,P_85_854_8549,Intermediation service activities for courses and tutors,Educational support activities,Education,Education,Q_85_856_8561
Hotels and restaurants (55),Beverage serving activities,I,56.3,Beverage serving activities,Beverage serving activities,Food and beverage service activities,Accommodation and food service activities,I_56_563_5630,Intermediation service activities for food and beverage services activities,Intermediation service activities for food and beverage services activities,Food and beverage service activities,Accommodation and food service activities,I_56_564_5640
Hotels and restaurants (55),Event catering activities,I,56.21,Event catering,Event catering and other food service activities,Food and beverage service activities,Accommodation and food service activities,I_56_562_5621,Intermediation service activities for food and beverage services activities,Intermediation service activities for food and beverage services activities,Food and beverage service activities,Accommodation and food service activities,I_56_564_5640
Hotels and restaurants (55),Other food service activities,I,56.29,Other food service activities,Event catering and other food service activities,Food and beverage service activities,Accommodation and food service activities,I_56_562_5629,Intermediation service activities for food and beverage services activities,Intermediation service activities for food and beverage services activities,Food and beverage service activities,Accommodation and food service activities,I_56_564_5640
Hotels and restaurants (55),Restaurants and mobile food service activities,I,56.1,Restaurants and mobile food service activities,Restaurants and mobile food service activities,Food and beverage service activities,Accommodation and food service activities,I_56_561_5610,Intermediation service activities for food and beverage services activities,Intermediation service activities for food and beverage services activities,Food and beverage service activities,Accommodation and food service activities,I_56_564_5640
Supporting and auxiliary transport activities; activities of travel agencies (63),Cargo handling,H,52.24,Cargo handling,Support activities for transportation,Warehousing and support activities for transportation,Transportation and storage,H_52_522_5224,Intermediation service activities for freight transportation,Intermediation service activities for transportation,Warehousing and support activities for transportation,Transportation and storage,H_52_523_5231
Supporting and auxiliary transport activities; activities of travel agencies (63),Other transportation support activities,H,52.29,Other transportation support activities,Support activities for transportation,Warehousing and support activities for transportation,Transportation and storage,H_52_522_5229,Intermediation service activities for freight transportation,Intermediation service activities for transportation,Warehousing and support activities for transportation,Transportation and storage,H_52_523_5231
Supporting and auxiliary transport activities; activities of travel agencies (63),Service activities incidental to air transportation,H,52.23,Service activities incidental to air transportation,Support activities for transportation,Warehousing and support activities for transportation,Transportation and storage,H_52_522_5223,Intermediation service activities for freight transportation,Intermediation service activities for transportation,Warehousing and support activities for transportation,Transportation and storage,H_52_523_5231
Supporting and auxiliary transport activities; activities of travel agencies (63),Service activities incidental to land transportation,H,52.21,Service activities incidental to land transportation,Support activities for transportation,Warehousing and support activities for transportation,Transportation and storage,H_52_522_5221,Intermediation service activities for freight transportation,Intermediation service activities for transportation,Warehousing and support activities for transportation,Transportation and storage,H_52_523_5231
Supporting and auxiliary transport activities; activities of travel agencies (63),Service activities incidental to water transportation,H,52.22,Service activities incidental to water transportation,Support activities for transportation,Warehousing and support activities for transportation,Transportation and storage,H_52_522_5222,Intermediation service activities for freight transportation,Intermediation service activities for transportation,Warehousing and support activities for transportation,Transportation and storage,H_52_523_5231
Health and social work (85),Other human health activities,Q,86.9,Other human health activities,Other human health activities,Human health activities,Human health and social work activities,Q_86_869_8690,"Intermediation service activities for medical, dental, and other human health services",Other human health activities,Human health activities,Human health and social work activities,R_86_869_8691
Supporting and auxiliary transport activities; activities of travel agencies (63),Other transportation support activities,H,52.29,Other transportation support activities,Support activities for transportation,Warehousing and support activities for transportation,Transportation and storage,H_52_522_5229,Intermediation service activities for passenger transportation,Intermediation service activities for transportation,Warehousing and support activities for transportation,Transportation and storage,H_52_523_5232
Supporting and auxiliary transport activities; activities of travel agencies (63),Service activities incidental to air transportation,H,52.23,Service activities incidental to air transportation,Support activities for transportation,Warehousing and support activities for transportation,Transportation and storage,H_52_522_5223,Intermediation service activities for passenger transportation,Intermediation service activities for transportation,Warehousing and support activities for transportation,Transportation and storage,H_52_523_5232
Supporting and auxiliary transport activities; activities of travel agencies (63),Service activities incidental to land transportation,H,52.21,Service activities incidental to land transportation,Support activities for transportation,Warehousing and support activities for transportation,Transportation and storage,H_52_522_5221,Intermediation service activities for passenger transportation,Intermediation service activities for transportation,Warehousing and support activities for transportation,Transportation and storage,H_52_523_5232
Supporting and auxiliary transport activities; activities of travel agencies (63),Service activities incidental to water transportation,H,52.22,Service activities incidental to water transportation,Support activities for transportation,Warehousing and support activities for transportation,Transportation and storage,H_52_522_5222,Intermediation service activities for passenger transportation,Intermediation service activities for transportation,Warehousing and support activities for transportation,Transportation and storage,H_52_523_5232
Other service activities (93),Funeral and related activities,S,96.03,Funeral and related activities,Other personal service activities,Other personal service activities,Other service activities,S_96_960_9603,Intermediation service activities for personal services,Intermediation service activities for personal services,Personal service activities,Other service activities,T_96_964_9640
Other service activities (93),Hairdressing and other beauty treatment,S,96.02,Hairdressing and other beauty treatment,Other personal service activities,Other personal service activities,Other service activities,S_96_960_9602,Intermediation service activities for personal services,Intermediation service activities for personal services,Personal service activities,Other service activities,T_96_964_9640
Other service activities (93),Physical well-being activities,S,96.04,Other personal service activities n.e.c.,Other personal service activities,Other personal service activities,Other service activities,S_96_960_9609,Intermediation service activities for personal services,Intermediation service activities for personal services,Personal service activities,Other service activities,T_96_964_9640
Other service activities (93),Other personal service activities n.e.c.,S,96.09,Other personal service activities n.e.c.,Other personal service activities,Other personal service activities,Other service activities,S_96_960_9609,Intermediation service activities for personal services,Intermediation service activities for personal services,Personal service activities,Other service activities,T_96_964_9640
Other service activities (93),Washing and (dry-)cleaning of textile and fur products,S,96.01,Washing and (dry-) cleaning of textile and fur products,Other personal service activities,Other personal service activities,Other service activities,S_96_960_9601,Intermediation service activities for personal services,Intermediation service activities for personal services,Personal service activities,Other service activities,T_96_964_9640
Post and telecommunications (64),Other postal and courier activities,H,53.2,Courier activities,Courier activities,Postal and courier activities,Transportation and storage,H_53_532_5320,Intermediation service activities for postal and courier activities,Intermediation service activities for postal and courier activities,Postal and courier activities,Transportation and storage,H_53_533_5330
Post and telecommunications (64),Postal activities under universal service obligation,H,53.1,Postal activities,Postal activities,Postal and courier activities,Transportation and storage,H_53_531_5310,Intermediation service activities for postal and courier activities,Intermediation service activities for postal and courier activities,Postal and courier activities,Transportation and storage,H_53_533_5330
Real estate activities (70),Real estate agencies,L,68.31,Real estate activities on a fee or contract basis,Real estate activities on a fee or contract basis,Real estate activities,Real estate activities,L_68_682_6820,Intermediation service activities for real estate,Real estate activities on a fee or contract basis,Real estate activities,Real estate activities,M_68_682_6821
Real estate activities (70),Management of real estate on a fee or contract basis,L,68.32,Real estate activities on a fee or contract basis,Real estate activities on a fee or contract basis,Real estate activities,Real estate activities,L_68_682_6820,Intermediation service activities for real estate,Real estate activities on a fee or contract basis,Real estate activities,Real estate activities,M_68_682_6821
Renting of machinery and equipment without operator and of personal and household goods (71),Rental and leasing of cars and light motor vehicles,N,77.11,Renting and leasing of motor vehicles,Renting and leasing of motor vehicles,Rental and leasing activities,Administrative and support service activities,N_77_771_7710,"Intermediation service activities for rental and leasing of cars, motorhomes and trailers",Intermediation service activities for rental and leasing of tangible goods and non-financial intangible assets,Rental and leasing activities,Administrative and support service activities,O_77_775_7751
Renting of machinery and equipment without operator and of personal and household goods (71),Rental and leasing of trucks,N,77.12,Renting and leasing of motor vehicles,Renting and leasing of motor vehicles,Rental and leasing activities,Administrative and support service activities,N_77_771_7710,"Intermediation service activities for rental and leasing of cars, motorhomes and trailers",Intermediation service activities for rental and leasing of tangible goods and non-financial intangible assets,Rental and leasing activities,Administrative and support service activities,O_77_775_7751
Renting of machinery and equipment without operator and of personal and household goods (71),Rental and leasing of other personal and household goods,N,77.29,Renting and leasing of other personal and household goods,Renting and leasing of personal and household goods,Rental and leasing activities,Administrative and support service activities,N_77_772_7729,Intermediation service activities for rental and leasing of other tangible goods and non-financial intangible assets,Intermediation service activities for rental and leasing of tangible goods and non-financial intangible assets,Rental and leasing activities,Administrative and support service activities,O_77_775_7752
Renting of machinery and equipment without operator and of personal and household goods (71),Rental and leasing of recreational and sports goods,N,77.21,Renting and leasing of recreational and sports goods,Renting and leasing of personal and household goods,Rental and leasing activities,Administrative and support service activities,N_77_772_7721,Intermediation service activities for rental and leasing of other tangible goods and non-financial intangible assets,Intermediation service activities for rental and leasing of tangible goods and non-financial intangible assets,Rental and leasing activities,Administrative and support service activities,O_77_775_7752
"Sale, maintenance, repair of motor vehicles, motor vehicles parts, motorcycles, motor cycles parts and accessoiries",Maintenance and repair of motor vehicles,G,45.2,Maintenance and repair of motor vehicles,Maintenance and repair of motor vehicles,Wholesale and retail trade and repair of motor vehicles and motorcycles,Wholesale and retail trade; repair of motor vehicles and motorcycles,G_45_452_4520,"Intermediation service activities for repair and maintenance of computers, personal and household goods, and motor vehicles and motorcycles","Intermediation service activities for repair and maintenance of computers, personal and household goods, and motor vehicles and motorcycles","Repair and maintenance of computers, personal and household goods, and motor vehicles and motorcycles",Other service activities,T_95_954_9540
"Manufacture of radio, television and communication equipment and apparatus (32)",Repair of communication equipment,S,95.12,Repair of communication equipment,Repair of computers and communication equipment,Repair of computers and personal and household goods,Other service activities,S_95_951_9512,"Intermediation service activities for repair and maintenance of computers, personal and household goods, and motor vehicles and motorcycles","Intermediation service activities for repair and maintenance of computers, personal and household goods, and motor vehicles and motorcycles","Repair and maintenance of computers, personal and household goods, and motor vehicles and motorcycles",Other service activities,T_95_954_9540
"Retail trade, except of motor vehicles and motorcycles; repair of personal and household goods (52)",Repair of communication equipment,S,95.12,Repair of communication equipment,Repair of computers and communication equipment,Repair of computers and personal and household goods,Other service activities,S_95_951_9512,"Intermediation service activities for repair and maintenance of computers, personal and household goods, and motor vehicles and motorcycles","Intermediation service activities for repair and maintenance of computers, personal and household goods, and motor vehicles and motorcycles","Repair and maintenance of computers, personal and household goods, and motor vehicles and motorcycles",Other service activities,T_95_954_9540
Computer and related activities (72),Repair of computers and peripheral equipment,S,95.11,Repair of computers and peripheral equipment,Repair of computers and communication equipment,Repair of computers and personal and household goods,Other service activities,S_95_951_9511,"Intermediation service activities for repair and maintenance of computers, personal and household goods, and motor vehicles and motorcycles","Intermediation service activities for repair and maintenance of computers, personal and household goods, and motor vehicles and motorcycles","Repair and maintenance of computers, personal and household goods, and motor vehicles and motorcycles",Other service activities,T_95_954_9540
"Retail trade, except of motor vehicles and motorcycles; repair of personal and household goods (52)",Repair of consumer electronics,S,95.21,Repair of consumer electronics,Repair of personal and household goods,Repair of computers and personal and household goods,Other service activities,S_95_952_9521,"Intermediation service activities for repair and maintenance of computers, personal and household goods, and motor vehicles and motorcycles","Intermediation service activities for repair and maintenance of computers, personal and household goods, and motor vehicles and motorcycles","Repair and maintenance of computers, personal and household goods, and motor vehicles and motorcycles",Other service activities,T_95_954_9540
"Retail trade, except of motor vehicles and motorcycles; repair of personal and household goods (52)",Repair of footwear and leather goods,S,95.23,Repair of footwear and leather goods,Repair of personal and household goods,Repair of computers and personal and household goods,Other service activities,S_95_952_9523,"Intermediation service activities for repair and maintenance of computers, personal and household goods, and motor vehicles and motorcycles","Intermediation service activities for repair and maintenance of computers, personal and household goods, and motor vehicles and motorcycles","Repair and maintenance of computers, personal and household goods, and motor vehicles and motorcycles",Other service activities,T_95_954_9540
Manufacture of furniture; manufacturing n.e.c. (36),Repair of furniture and home furnishings,S,95.24,Repair of furniture and home furnishings,Repair of personal and household goods,Repair of computers and personal and household goods,Other service activities,S_95_952_9524,"Intermediation service activities for repair and maintenance of computers, personal and household goods, and motor vehicles and motorcycles","Intermediation service activities for repair and maintenance of computers, personal and household goods, and motor vehicles and motorcycles","Repair and maintenance of computers, personal and household goods, and motor vehicles and motorcycles",Other service activities,T_95_954_9540
Manufacture of machinery and equipment n.e.c. (29),Repair of household appliances and home and garden equipment,S,95.22,Repair of household appliances and home and garden equipment,Repair of personal and household goods,Repair of computers and personal and household goods,Other service activities,S_95_952_9522,"Intermediation service activities for repair and maintenance of computers, personal and household goods, and motor vehicles and motorcycles","Intermediation service activities for repair and maintenance of computers, personal and household goods, and motor vehicles and motorcycles","Repair and maintenance of computers, personal and household goods, and motor vehicles and motorcycles",Other service activities,T_95_954_9540
"Retail trade, except of motor vehicles and motorcycles; repair of personal and household goods (52)",Repair of household appliances and home and garden equipment,S,95.22,Repair of household appliances and home and garden equipment,Repair of personal and household goods,Repair of computers and personal and household goods,Other service activities,S_95_952_9522,"Intermediation service activities for repair and maintenance of computers, personal and household goods, and motor vehicles and motorcycles","Intermediation service activities for repair and maintenance of computers, personal and household goods, and motor vehicles and motorcycles","Repair and maintenance of computers, personal and household goods, and motor vehicles and motorcycles",Other service activities,T_95_954_9540
"Retail trade, except of motor vehicles and motorcycles; repair of personal and household goods (52)","Repair of watches, clocks and jewellery",S,95.25,Repair of other personal and household goods,Repair of personal and household goods,Repair of computers and personal and household goods,Other service activities,S_95_952_9529,"Intermediation service activities for repair and maintenance of computers, personal and household goods, and motor vehicles and motorcycles","Intermediation service activities for repair and maintenance of computers, personal and household goods, and motor vehicles and motorcycles","Repair and maintenance of computers, personal and household goods, and motor vehicles and motorcycles",Other service activities,T_95_954_9540
Manufacture of furniture; manufacturing n.e.c. (36),Repair of other personal and household goods,S,95.29,Repair of other personal and household goods,Repair of personal and household goods,Repair of computers and personal and household goods,Other service activities,S_95_952_9529,"Intermediation service activities for repair and maintenance of computers, personal and household goods, and motor vehicles and motorcycles","Intermediation service activities for repair and maintenance of computers, personal and household goods, and motor vehicles and motorcycles","Repair and maintenance of computers, personal and household goods, and motor vehicles and motorcycles",Other service activities,T_95_954_9540
"Retail trade, except of motor vehicles and motorcycles; repair of personal and household goods (52)",Repair of other personal and household goods,S,95.29,Repair of other personal and household goods,Repair of personal and household goods,Repair of computers and personal and household goods,Other service activities,S_95_952_9529,"Intermediation service activities for repair and maintenance of computers, personal and household goods, and motor vehicles and motorcycles","Intermediation service activities for repair and maintenance of computers, personal and household goods, and motor vehicles and motorcycles","Repair and maintenance of computers, personal and household goods, and motor vehicles and motorcycles",Other service activities,T_95_954_9540
"Sale, maintenance, repair of motor vehicles, motor vehicles parts, motorcycles, motor cycles parts and accessoiries","Sale, maintenance and repair of motorcycles and related parts and accessories",G,45.4,"Sale, maintenance and repair of motorcycles and related parts and accessories","Sale, maintenance and repair of motorcycles and related parts and accessories",Wholesale and retail trade and repair of motor vehicles and motorcycles,Wholesale and retail trade; repair of motor vehicles and motorcycles,G_45_454_4540,"Intermediation service activities for repair and maintenance of computers, personal and household goods, and motor vehicles and motorcycles","Intermediation service activities for repair and maintenance of computers, personal and household goods, and motor vehicles and motorcycles","Repair and maintenance of computers, personal and household goods, and motor vehicles and motorcycles",Other service activities,T_95_954_9540
Health and social work (85),Other residential care activities,Q,87.9,Other residential care activities,Other residential care activities,Residential care activities,Human health and social work activities,Q_87_879_8790,Intermediation service activities for residential care activities,Other residential care activities,Residential care activities,Human health and social work activities,R_87_879_8791
Health and social work (85),"Residential care activities for mental retardation, mental health and substance abuse",Q,87.2,"Residential care activities for mental retardation, mental health and substance abuse","Residential care activities for mental retardation, mental health and substance abuse",Residential care activities,Human health and social work activities,Q_87_872_8720,Intermediation service activities for residential care activities,Other residential care activities,Residential care activities,Human health and social work activities,R_87_879_8791
Health and social work (85),Residential care activities for the elderly and disabled,Q,87.3,Residential care activities for the elderly and disabled,Residential care activities for the elderly and disabled,Residential care activities,Human health and social work activities,Q_87_873_8730,Intermediation service activities for residential care activities,Other residential care activities,Residential care activities,Human health and social work activities,R_87_879_8791
Health and social work (85),Residential nursing care activities,Q,87.1,Residential nursing care facilities,Residential nursing care facilities,Residential care activities,Human health and social work activities,Q_87_871_8710,Intermediation service activities for residential care activities,Other residential care activities,Residential care activities,Human health and social work activities,R_87_879_8791
"Retail trade, except of motor vehicles and motorcycles; repair of personal and household goods (52)",Other retail sale in non-specialised stores,G,47.19,Other retail sale in non-specialized stores,Retail sale in non-specialized stores,"Retail trade, except of motor vehicles and motorcycles",Wholesale and retail trade; repair of motor vehicles and motorcycles,G_47_471_4719,Intermediation service activities for retail sale,Intermediation service activities for retail sale,Retail trade,Wholesale and retail trade,G_47_479_4790
"Retail trade, except of motor vehicles and motorcycles; repair of personal and household goods (52)","Retail sale in non-specialised stores with food, beverages or tobacco predominating",G,47.11,"Retail sale in non-specialized stores with food, beverages or tobacco predominating",Retail sale in non-specialized stores,"Retail trade, except of motor vehicles and motorcycles",Wholesale and retail trade; repair of motor vehicles and motorcycles,G_47_471_4711,Intermediation service activities for retail sale,Intermediation service activities for retail sale,Retail trade,Wholesale and retail trade,G_47_479_4790
Retail sale of automotive fuel,Retail sale of automotive fuel in specialised stores,G,47.3,Retail sale of automotive fuel in specialized stores,Retail sale of automotive fuel in specialized stores,"Retail trade, except of motor vehicles and motorcycles",Wholesale and retail trade; repair of motor vehicles and motorcycles,G_47_473_4730,Intermediation service activities for retail sale,Intermediation service activities for retail sale,Retail trade,Wholesale and retail trade,G_47_479_4790
"Retail trade, except of motor vehicles and motorcycles; repair of personal and household goods (52)",Retail sale of books in specialised stores,G,47.61,"Retail sale of books, newspapers and stationary in specialized stores",Retail sale of cultural and recreation goods in specialized stores,"Retail trade, except of motor vehicles and motorcycles",Wholesale and retail trade; repair of motor vehicles and motorcycles,G_47_476_4761,Intermediation service activities for retail sale,Intermediation service activities for retail sale,Retail trade,Wholesale and retail trade,G_47_479_4790
"Retail trade, except of motor vehicles and motorcycles; repair of personal and household goods (52)",Retail sale of newspapers and stationery in specialised stores,G,47.62,"Retail sale of books, newspapers and stationary in specialized stores",Retail sale of cultural and recreation goods in specialized stores,"Retail trade, except of motor vehicles and motorcycles",Wholesale and retail trade; repair of motor vehicles and motorcycles,G_47_476_4761,Intermediation service activities for retail sale,Intermediation service activities for retail sale,Retail trade,Wholesale and retail trade,G_47_479_4790
"Retail trade, except of motor vehicles and motorcycles; repair of personal and household goods (52)",Retail sale of games and toys in specialised stores,G,47.65,Retail sale of games and toys in specialized stores,Retail sale of cultural and recreation goods in specialized stores,"Retail trade, except of motor vehicles and motorcycles",Wholesale and retail trade; repair of motor vehicles and motorcycles,G_47_476_4764,Intermediation service activities for retail sale,Intermediation service activities for retail sale,Retail trade,Wholesale and retail trade,G_47_479_4790
"Retail trade, except of motor vehicles and motorcycles; repair of personal and household goods (52)",Retail sale of music and video recordings in specialised stores,G,47.63,Retail sale of music and video recordings in specialized stores,Retail sale of cultural and recreation goods in specialized stores,"Retail trade, except of motor vehicles and motorcycles",Wholesale and retail trade; repair of motor vehicles and motorcycles,G_47_476_4762,Intermediation service activities for retail sale,Intermediation service activities for retail sale,Retail trade,Wholesale and retail trade,G_47_479_4790
"Retail trade, except of motor vehicles and motorcycles; repair of personal and household goods (52)",Retail sale of sporting equipment in specialised stores,G,47.64,Retail sale of sporting equipment in specialized stores,Retail sale of cultural and recreation goods in specialized stores,"Retail trade, except of motor vehicles and motorcycles",Wholesale and retail trade; repair of motor vehicles and motorcycles,G_47_476_4763,Intermediation service activities for retail sale,Intermediation service activities for retail sale,Retail trade,Wholesale and retail trade,G_47_479_4790
"Retail trade, except of motor vehicles and motorcycles; repair of personal and household goods (52)",Retail sale of beverages in specialised stores,G,47.25,Retail sale of beverages in specialized stores,"Retail sale of food, beverages and tobacco in specialized stores","Retail trade, except of motor vehicles and motorcycles",Wholesale and retail trade; repair of motor vehicles and motorcycles,G_47_472_4722,Intermediation service activities for retail sale,Intermediation service activities for retail sale,Retail trade,Wholesale and retail trade,G_47_479_4790
"Retail trade, except of motor vehicles and motorcycles; repair of personal and household goods (52)",Retail sale of fruit and vegetables in specialised stores,G,47.21,Retail sale of food in specialized stores,"Retail sale of food, beverages and tobacco in specialized stores","Retail trade, except of motor vehicles and motorcycles",Wholesale and retail trade; repair of motor vehicles and motorcycles,G_47_472_4721,Intermediation service activities for retail sale,Intermediation service activities for retail sale,Retail trade,Wholesale and retail trade,G_47_479_4790
"Retail trade, except of motor vehicles and motorcycles; repair of personal and household goods (52)",Retail sale of meat and meat products in specialised stores,G,47.22,Retail sale of food in specialized stores,"Retail sale of food, beverages and tobacco in specialized stores","Retail trade, except of motor vehicles and motorcycles",Wholesale and retail trade; repair of motor vehicles and motorcycles,G_47_472_4721,Intermediation service activities for retail sale,Intermediation service activities for retail sale,Retail trade,Wholesale and retail trade,G_47_479_4790
"Retail trade, except of motor vehicles and motorcycles; repair of personal and household goods (52)","Retail sale of fish, crustaceans and molluscs in specialised stores",G,47.23,Retail sale of food in specialized stores,"Retail sale of food, beverages and tobacco in specialized stores","Retail trade, except of motor vehicles and motorcycles",Wholesale and retail trade; repair of motor vehicles and motorcycles,G_47_472_4721,Intermediation service activities for retail sale,Intermediation service activities for retail sale,Retail trade,Wholesale and retail trade,G_47_479_4790
"Retail trade, except of motor vehicles and motorcycles; repair of personal and household goods (52)","Retail sale of bread, cakes, flour confectionery and sugar confectionery in specialised stores",G,47.24,Retail sale of food in specialized stores,"Retail sale of food, beverages and tobacco in specialized stores","Retail trade, except of motor vehicles and motorcycles",Wholesale and retail trade; repair of motor vehicles and motorcycles,G_47_472_4721,Intermediation service activities for retail sale,Intermediation service activities for retail sale,Retail trade,Wholesale and retail trade,G_47_479_4790
"Retail trade, except of motor vehicles and motorcycles; repair of personal and household goods (52)",Other retail sale of food in specialised stores,G,47.29,Retail sale of food in specialized stores,"Retail sale of food, beverages and tobacco in specialized stores","Retail trade, except of motor vehicles and motorcycles",Wholesale and retail trade; repair of motor vehicles and motorcycles,G_47_472_4721,Intermediation service activities for retail sale,Intermediation service activities for retail sale,Retail trade,Wholesale and retail trade,G_47_479_4790
"Retail trade, except of motor vehicles and motorcycles; repair of personal and household goods (52)",Retail sale of tobacco products in specialised stores,G,47.26,Retail sale of tobacco products in specialized stores,"Retail sale of food, beverages and tobacco in specialized stores","Retail trade, except of motor vehicles and motorcycles",Wholesale and retail trade; repair of motor vehicles and motorcycles,G_47_472_4723,Intermediation service activities for retail sale,Intermediation service activities for retail sale,Retail trade,Wholesale and retail trade,G_47_479_4790
"Retail trade, except of motor vehicles and motorcycles; repair of personal and household goods (52)",Retail sale of audio and video equipment in specialised stores,G,47.43,Retail sale of audio and video equipment in specialized stores,Retail sale of information and communications equipment in specialized stores,"Retail trade, except of motor vehicles and motorcycles",Wholesale and retail trade; repair of motor vehicles and motorcycles,G_47_474_4742,Intermediation service activities for retail sale,Intermediation service activities for retail sale,Retail trade,Wholesale and retail trade,G_47_479_4790
"Retail trade, except of motor vehicles and motorcycles; repair of personal and household goods (52)","Retail sale of computers, peripheral units and software in specialised stores",G,47.41,"Retail sale of computers, peripheral units, software and telecommunications equipment in specialized stores",Retail sale of information and communications equipment in specialized stores,"Retail trade, except of motor vehicles and motorcycles",Wholesale and retail trade; repair of motor vehicles and motorcycles,G_47_474_4741,Intermediation service activities for retail sale,Intermediation service activities for retail sale,Retail trade,Wholesale and retail trade,G_47_479_4790
"Retail trade, except of motor vehicles and motorcycles; repair of personal and household goods (52)",Retail sale of telecommunications equipment in specialised stores,G,47.42,"Retail sale of computers, peripheral units, software and telecommunications equipment in specialized stores",Retail sale of information and communications equipment in specialized stores,"Retail trade, except of motor vehicles and motorcycles",Wholesale and retail trade; repair of motor vehicles and motorcycles,G_47_474_4741,Intermediation service activities for retail sale,Intermediation service activities for retail sale,Retail trade,Wholesale and retail trade,G_47_479_4790
"Retail trade, except of motor vehicles and motorcycles; repair of personal and household goods (52)","Retail sale of flowers, plants, seeds, fertilisers, pet animals and pet food in specialised stores",G,47.76,Other retail sale of new goods in specialized stores,Retail sale of other goods in specialized stores,"Retail trade, except of motor vehicles and motorcycles",Wholesale and retail trade; repair of motor vehicles and motorcycles,G_47_477_4773,Intermediation service activities for retail sale,Intermediation service activities for retail sale,Retail trade,Wholesale and retail trade,G_47_479_4790
"Retail trade, except of motor vehicles and motorcycles; repair of personal and household goods (52)",Retail sale of watches and jewellery in specialised stores,G,47.77,Other retail sale of new goods in specialized stores,Retail sale of other goods in specialized stores,"Retail trade, except of motor vehicles and motorcycles",Wholesale and retail trade; repair of motor vehicles and motorcycles,G_47_477_4773,Intermediation service activities for retail sale,Intermediation service activities for retail sale,Retail trade,Wholesale and retail trade,G_47_479_4790
"Retail trade, except of motor vehicles and motorcycles; repair of personal and household goods (52)",Other retail sale of new goods in specialised stores,G,47.78,Other retail sale of new goods in specialized stores,Retail sale of other goods in specialized stores,"Retail trade, except of motor vehicles and motorcycles",Wholesale and retail trade; repair of motor vehicles and motorcycles,G_47_477_4773,Intermediation service activities for retail sale,Intermediation service activities for retail sale,Retail trade,Wholesale and retail trade,G_47_479_4790
"Retail trade, except of motor vehicles and motorcycles; repair of personal and household goods (52)",Retail sale of clothing in specialised stores,G,47.71,"Retail sale of clothing, footwear and leather articles in specialized stores",Retail sale of other goods in specialized stores,"Retail trade, except of motor vehicles and motorcycles",Wholesale and retail trade; repair of motor vehicles and motorcycles,G_47_477_4771,Intermediation service activities for retail sale,Intermediation service activities for retail sale,Retail trade,Wholesale and retail trade,G_47_479_4790
"Retail trade, except of motor vehicles and motorcycles; repair of personal and household goods (52)",Retail sale of footwear and leather goods in specialised stores,G,47.72,"Retail sale of clothing, footwear and leather articles in specialized stores",Retail sale of other goods in specialized stores,"Retail trade, except of motor vehicles and motorcycles",Wholesale and retail trade; repair of motor vehicles and motorcycles,G_47_477_4771,Intermediation service activities for retail sale,Intermediation service activities for retail sale,Retail trade,Wholesale and retail trade,G_47_479_4790
"Retail trade, except of motor vehicles and motorcycles; repair of personal and household goods (52)",Dispensing chemist in specialised stores,G,47.73,"Retail sale of pharmaceutical and medical goods, cosmetic and toilet articles in specialized stores",Retail sale of other goods in specialized stores,"Retail trade, except of motor vehicles and motorcycles",Wholesale and retail trade; repair of motor vehicles and motorcycles,G_47_477_4772,Intermediation service activities for retail sale,Intermediation service activities for retail sale,Retail trade,Wholesale and retail trade,G_47_479_4790
"Retail trade, except of motor vehicles and motorcycles; repair of personal and household goods (52)",Retail sale of medical and orthopaedic goods in specialised stores,G,47.74,"Retail sale of pharmaceutical and medical goods, cosmetic and toilet articles in specialized stores",Retail sale of other goods in specialized stores,"Retail trade, except of motor vehicles and motorcycles",Wholesale and retail trade; repair of motor vehicles and motorcycles,G_47_477_4772,Intermediation service activities for retail sale,Intermediation service activities for retail sale,Retail trade,Wholesale and retail trade,G_47_479_4790
"Retail trade, except of motor vehicles and motorcycles; repair of personal and household goods (52)",Retail sale of cosmetic and toilet articles in specialised stores,G,47.75,"Retail sale of pharmaceutical and medical goods, cosmetic and toilet articles in specialized stores",Retail sale of other goods in specialized stores,"Retail trade, except of motor vehicles and motorcycles",Wholesale and retail trade; repair of motor vehicles and motorcycles,G_47_477_4772,Intermediation service activities for retail sale,Intermediation service activities for retail sale,Retail trade,Wholesale and retail trade,G_47_479_4790
"Retail trade, except of motor vehicles and motorcycles; repair of personal and household goods (52)",Retail sale of second-hand goods in stores,G,47.79,Retail sale of second-hand goods,Retail sale of other goods in specialized stores,"Retail trade, except of motor vehicles and motorcycles",Wholesale and retail trade; repair of motor vehicles and motorcycles,G_47_477_4774,Intermediation service activities for retail sale,Intermediation service activities for retail sale,Retail trade,Wholesale and retail trade,G_47_479_4790
"Retail trade, except of motor vehicles and motorcycles; repair of personal and household goods (52)","Retail sale of carpets, rugs, wall and floor coverings in specialised stores",G,47.53,"Retail sale of carpets, rugs, wall and floor coverings in specialized stores",Retail sale of other household equipment in specialized stores,"Retail trade, except of motor vehicles and motorcycles",Wholesale and retail trade; repair of motor vehicles and motorcycles,G_47_475_4753,Intermediation service activities for retail sale,Intermediation service activities for retail sale,Retail trade,Wholesale and retail trade,G_47_479_4790
"Retail trade, except of motor vehicles and motorcycles; repair of personal and household goods (52)",Retail sale of electrical household appliances in specialised stores,G,47.54,"Retail sale of electrical household appliances, furniture, lighting equipment and other household articles in specialized stores",Retail sale of other household equipment in specialized stores,"Retail trade, except of motor vehicles and motorcycles",Wholesale and retail trade; repair of motor vehicles and motorcycles,G_47_475_4759,Intermediation service activities for retail sale,Intermediation service activities for retail sale,Retail trade,Wholesale and retail trade,G_47_479_4790
"Retail trade, except of motor vehicles and motorcycles; repair of personal and household goods (52)","Retail sale of furniture, lighting equipment and other household articles in specialised stores",G,47.59,"Retail sale of electrical household appliances, furniture, lighting equipment and other household articles in specialized stores",Retail sale of other household equipment in specialized stores,"Retail trade, except of motor vehicles and motorcycles",Wholesale and retail trade; repair of motor vehicles and motorcycles,G_47_475_4759,Intermediation service activities for retail sale,Intermediation service activities for retail sale,Retail trade,Wholesale and retail trade,G_47_479_4790
"Retail trade, except of motor vehicles and motorcycles; repair of personal and household goods (52)","Retail sale of hardware, paints and glass in specialised stores",G,47.52,"Retail sale of hardware, paints and glass in specialized stores",Retail sale of other household equipment in specialized stores,"Retail trade, except of motor vehicles and motorcycles",Wholesale and retail trade; repair of motor vehicles and motorcycles,G_47_475_4752,Intermediation service activities for retail sale,Intermediation service activities for retail sale,Retail trade,Wholesale and retail trade,G_47_479_4790
"Retail trade, except of motor vehicles and motorcycles; repair of personal and household goods (52)",Retail sale of textiles in specialised stores,G,47.51,Retail sale of textiles in specialized stores,Retail sale of other household equipment in specialized stores,"Retail trade, except of motor vehicles and motorcycles",Wholesale and retail trade; repair of motor vehicles and motorcycles,G_47_475_4751,Intermediation service activities for retail sale,Intermediation service activities for retail sale,Retail trade,Wholesale and retail trade,G_47_479_4790
"Retail trade, except of motor vehicles and motorcycles; repair of personal and household goods (52)","Other retail sale not in stores, stalls or markets",G,47.99,"Other retail sale not in stores, stalls or markets","Retail trade not in stores, stalls or markets","Retail trade, except of motor vehicles and motorcycles",Wholesale and retail trade; repair of motor vehicles and motorcycles,G_47_479_4799,Intermediation service activities for retail sale,Intermediation service activities for retail sale,Retail trade,Wholesale and retail trade,G_47_479_4790
"Retail trade, except of motor vehicles and motorcycles; repair of personal and household goods (52)",Retail sale via mail order houses or via Internet,G,47.91,Retail sale via mail order houses or via Internet,"Retail trade not in stores, stalls or markets","Retail trade, except of motor vehicles and motorcycles",Wholesale and retail trade; repair of motor vehicles and motorcycles,G_47_479_4791,Intermediation service activities for retail sale,Intermediation service activities for retail sale,Retail trade,Wholesale and retail trade,G_47_479_4790
"Sale, maintenance, repair of motor vehicles, motor vehicles parts, motorcycles, motor cycles parts and accessoiries",Sale of cars and light motor vehicles,G,45.11,Sale of motor vehicles,Sale of motor vehicles,Wholesale and retail trade and repair of motor vehicles and motorcycles,Wholesale and retail trade; repair of motor vehicles and motorcycles,G_45_451_4510,Intermediation service activities for retail sale,Intermediation service activities for retail sale,Retail trade,Wholesale and retail trade,G_47_479_4790
"Sale, maintenance, repair of motor vehicles, motor vehicles parts, motorcycles, motor cycles parts and accessoiries",Sale of other motor vehicles,G,45.19,Sale of motor vehicles,Sale of motor vehicles,Wholesale and retail trade and repair of motor vehicles and motorcycles,Wholesale and retail trade; repair of motor vehicles and motorcycles,G_45_451_4510,Intermediation service activities for retail sale,Intermediation service activities for retail sale,Retail trade,Wholesale and retail trade,G_47_479_4790
Construction (45),Plastering,F,43.31,Building completion and finishing,Building completion and finishing,Specialized construction activities,Construction,F_43_433_4330,Intermediation service activities for specialized construction services,Intermediation service activities for specialized construction services,Specialized construction activities,Construction,F_43_434_4340
Re-processing of secondary construction material into aggregates,Plastering,F,43.31,Building completion and finishing,Building completion and finishing,Specialized construction activities,Construction,F_43_433_4330,Intermediation service activities for specialized construction services,Intermediation service activities for specialized construction services,Specialized construction activities,Construction,F_43_434_4340
Construction (45),Joinery installation,F,43.32,Building completion and finishing,Building completion and finishing,Specialized construction activities,Construction,F_43_433_4330,Intermediation service activities for specialized construction services,Intermediation service activities for specialized construction services,Specialized construction activities,Construction,F_43_434_4340
Re-processing of secondary construction material into aggregates,Joinery installation,F,43.32,Building completion and finishing,Building completion and finishing,Specialized construction activities,Construction,F_43_433_4330,Intermediation service activities for specialized construction services,Intermediation service activities for specialized construction services,Specialized construction activities,Construction,F_43_434_4340
Construction (45),Floor and wall covering,F,43.33,Building completion and finishing,Building completion and finishing,Specialized construction activities,Construction,F_43_433_4330,Intermediation service activities for specialized construction services,Intermediation service activities for specialized construction services,Specialized construction activities,Construction,F_43_434_4340
Re-processing of secondary construction material into aggregates,Floor and wall covering,F,43.33,Building completion and finishing,Building completion and finishing,Specialized construction activities,Construction,F_43_433_4330,Intermediation service activities for specialized construction services,Intermediation service activities for specialized construction services,Specialized construction activities,Construction,F_43_434_4340
Construction (45),Painting and glazing,F,43.34,Building completion and finishing,Building completion and finishing,Specialized construction activities,Construction,F_43_433_4330,Intermediation service activities for specialized construction services,Intermediation service activities for specialized construction services,Specialized construction activities,Construction,F_43_434_4340
Re-processing of secondary construction material into aggregates,Painting and glazing,F,43.34,Building completion and finishing,Building completion and finishing,Specialized construction activities,Construction,F_43_433_4330,Intermediation service activities for specialized construction services,Intermediation service activities for specialized construction services,Specialized construction activities,Construction,F_43_434_4340
Construction (45),Other building completion and finishing,F,43.39,Building completion and finishing,Building completion and finishing,Specialized construction activities,Construction,F_43_433_4330,Intermediation service activities for specialized construction services,Intermediation service activities for specialized construction services,Specialized construction activities,Construction,F_43_434_4340
Re-processing of secondary construction material into aggregates,Other building completion and finishing,F,43.39,Building completion and finishing,Building completion and finishing,Specialized construction activities,Construction,F_43_433_4330,Intermediation service activities for specialized construction services,Intermediation service activities for specialized construction services,Specialized construction activities,Construction,F_43_434_4340
Construction (45),Demolition,F,43.11,Demolition,Demolition and site preparation,Specialized construction activities,Construction,F_43_431_4311,Intermediation service activities for specialized construction services,Intermediation service activities for specialized construction services,Specialized construction activities,Construction,F_43_434_4340
Re-processing of secondary construction material into aggregates,Demolition,F,43.11,Demolition,Demolition and site preparation,Specialized construction activities,Construction,F_43_431_4311,Intermediation service activities for specialized construction services,Intermediation service activities for specialized construction services,Specialized construction activities,Construction,F_43_434_4340
Construction (45),Site preparation,F,43.12,Site preparation,Demolition and site preparation,Specialized construction activities,Construction,F_43_431_4312,Intermediation service activities for specialized construction services,Intermediation service activities for specialized construction services,Specialized construction activities,Construction,F_43_434_4340
Re-processing of secondary construction material into aggregates,Site preparation,F,43.12,Site preparation,Demolition and site preparation,Specialized construction activities,Construction,F_43_431_4312,Intermediation service activities for specialized construction services,Intermediation service activities for specialized construction services,Specialized construction activities,Construction,F_43_434_4340
Construction (45),Test drilling and boring,F,43.13,Site preparation,Demolition and site preparation,Specialized construction activities,Construction,F_43_431_4312,Intermediation service activities for specialized construction services,Intermediation service activities for specialized construction services,Specialized construction activities,Construction,F_43_434_4340
Re-processing of secondary construction material into aggregates,Test drilling and boring,F,43.13,Site preparation,Demolition and site preparation,Specialized construction activities,Construction,F_43_431_4312,Intermediation service activities for specialized construction services,Intermediation service activities for specialized construction services,Specialized construction activities,Construction,F_43_434_4340
Construction (45),Electrical installation,F,43.21,Electrical installation,"Electrical, plumbing and other construction installation activities",Specialized construction activities,Construction,F_43_432_4321,Intermediation service activities for specialized construction services,Intermediation service activities for specialized construction services,Specialized construction activities,Construction,F_43_434_4340
Re-processing of secondary construction material into aggregates,Electrical installation,F,43.21,Electrical installation,"Electrical, plumbing and other construction installation activities",Specialized construction activities,Construction,F_43_432_4321,Intermediation service activities for specialized construction services,Intermediation service activities for specialized construction services,Specialized construction activities,Construction,F_43_434_4340
Construction (45),Other construction installation,F,43.29,Other construction installation,"Electrical, plumbing and other construction installation activities",Specialized construction activities,Construction,F_43_432_4329,Intermediation service activities for specialized construction services,Intermediation service activities for specialized construction services,Specialized construction activities,Construction,F_43_434_4340
Re-processing of secondary construction material into aggregates,Other construction installation,F,43.29,Other construction installation,"Electrical, plumbing and other construction installation activities",Specialized construction activities,Construction,F_43_432_4329,Intermediation service activities for specialized construction services,Intermediation service activities for specialized construction services,Specialized construction activities,Construction,F_43_434_4340
Construction (45),"Plumbing, heat and air-conditioning installation",F,43.22,"Plumbing, heat and air-conditioning installation","Electrical, plumbing and other construction installation activities",Specialized construction activities,Construction,F_43_432_4322,Intermediation service activities for specialized construction services,Intermediation service activities for specialized construction services,Specialized construction activities,Construction,F_43_434_4340
Re-processing of secondary construction material into aggregates,"Plumbing, heat and air-conditioning installation",F,43.22,"Plumbing, heat and air-conditioning installation","Electrical, plumbing and other construction installation activities",Specialized construction activities,Construction,F_43_432_4322,Intermediation service activities for specialized construction services,Intermediation service activities for specialized construction services,Specialized construction activities,Construction,F_43_434_4340
Construction (45),Roofing activities,F,43.91,Other specialized construction activities,Other specialized construction activities,Specialized construction activities,Construction,F_43_439_4390,Intermediation service activities for specialized construction services,Intermediation service activities for specialized construction services,Specialized construction activities,Construction,F_43_434_4340
Re-processing of secondary construction material into aggregates,Roofing activities,F,43.91,Other specialized construction activities,Other specialized construction activities,Specialized construction activities,Construction,F_43_439_4390,Intermediation service activities for specialized construction services,Intermediation service activities for specialized construction services,Specialized construction activities,Construction,F_43_434_4340
Construction (45),Other specialised construction activities n.e.c.,F,43.99,Other specialized construction activities,Other specialized construction activities,Specialized construction activities,Construction,F_43_439_4390,Intermediation service activities for specialized construction services,Intermediation service activities for specialized construction services,Specialized construction activities,Construction,F_43_434_4340
Re-processing of secondary construction material into aggregates,Other specialised construction activities n.e.c.,F,43.99,Other specialized construction activities,Other specialized construction activities,Specialized construction activities,Construction,F_43_439_4390,Intermediation service activities for specialized construction services,Intermediation service activities for specialized construction services,Specialized construction activities,Construction,F_43_434_4340
"Financial intermediation, except insurance and pension funding (65)",Other credit granting,K,64.92,Other credit granting,"Other financial service activities, except insurance and pension funding activities","Financial service activities, except insurance and pension funding",Financial and insurance activities,K_64_649_6492,International trade financing activities,"Other financial service activities, except insurance and pension funding activities","Financial service activities, except insurance and pension funding",Financial and insurance activities,L_64_649_6492
Other business activities (74),Investigation activities,N,80.3,Investigation activities,Investigation activities,Security and investigation activities,Administrative and support service activities,N_80_803_8030,Investigation and private security activities,Investigation and security activities,Investigation and security activities,Administrative and support service activities,O_80_801_8011
Other business activities (74),Private security activities,N,80.1,Private security activities,Private security activities,Security and investigation activities,Administrative and support service activities,N_80_801_8010,Investigation and private security activities,Investigation and security activities,Investigation and security activities,Administrative and support service activities,O_80_801_8011
Other business activities (74),Landscape service activities,N,81.3,Landscape care and maintenance service activities,Landscape care and maintenance service activities,Services to buildings and landscape activities,Administrative and support service activities,N_81_813_8130,Landscape service activities,Landscape service activities,Services to buildings and landscape activities,Administrative and support service activities,O_81_813_8130
Other business activities (74),"Leasing of intellectual property and similar products, except copyrighted works",N,77.4,"Leasing of intellectual property and similar products, except copyrighted works","Leasing of intellectual property and similar products, except copyrighted works",Rental and leasing activities,Administrative and support service activities,N_77_774_7740,"Leasing of intellectual property and similar products, except copyrighted works","Leasing of intellectual property and similar products, except copyrighted works",Rental and leasing activities,Administrative and support service activities,O_77_774_7740
Other business activities (74),Legal activities,M,69.1,Legal activities,Legal activities,Legal and accounting activities,"Professional, scientific and technical activities",M_69_691_6910,Legal activities,Legal activities,Legal and accounting activities,"Professional, scientific and technical activities",N_69_691_6910
"Recreational, cultural and sporting activities (92)",Library and archives activities,R,91.01,Library and archives activities,"Libraries, archives, museums and other cultural activities","Libraries, archives, museums and other cultural activities","Arts, entertainment and recreation",R_91_910_9101,Library activities,Library and archive activities,"Library, archives, museum and other cultural activities","Arts, sports and recreation",S_91_911_9111
"Insurance and pension funding, except compulsory social security (66)",Life insurance,K,65.11,Life insurance,Insurance,"Insurance, reinsurance and pension funding, except compulsory social security",Financial and insurance activities,K_65_651_6511,Life insurance,Insurance,"Insurance, reinsurance and pension funding, except compulsory social security",Financial and insurance activities,L_65_651_6511
"Recreational, cultural and sporting activities (92)",Performing arts,R,90.01,"Creative, arts and entertainment activities","Creative, arts and entertainment activities","Creative, arts and entertainment activities","Arts, entertainment and recreation",R_90_900_9000,Literary creation and musical composition activities,Arts creation activities,Arts creation and performing arts activities,"Arts, sports and recreation",S_90_901_9011
"Recreational, cultural and sporting activities (92)",Support activities to performing arts,R,90.02,"Creative, arts and entertainment activities","Creative, arts and entertainment activities","Creative, arts and entertainment activities","Arts, entertainment and recreation",R_90_900_9000,Literary creation and musical composition activities,Arts creation activities,Arts creation and performing arts activities,"Arts, sports and recreation",S_90_901_9011
"Recreational, cultural and sporting activities (92)",Artistic creation,R,90.03,"Creative, arts and entertainment activities","Creative, arts and entertainment activities","Creative, arts and entertainment activities","Arts, entertainment and recreation",R_90_900_9000,Literary creation and musical composition activities,Arts creation activities,Arts creation and performing arts activities,"Arts, sports and recreation",S_90_901_9011
"Recreational, cultural and sporting activities (92)",Operation of arts facilities,R,90.04,"Creative, arts and entertainment activities","Creative, arts and entertainment activities","Creative, arts and entertainment activities","Arts, entertainment and recreation",R_90_900_9000,Literary creation and musical composition activities,Arts creation activities,Arts creation and performing arts activities,"Arts, sports and recreation",S_90_901_9011
"Forestry, logging and related service activities (02)",Logging,A,2.2,Logging,Logging,Forestry and logging,"Agriculture, forestry and fishing",A_2_22_220,Logging,Logging,Forestry and logging,"Agriculture, forestry and fishing",A_02_022_0220
Manufacture of machinery and equipment n.e.c. (29),Manufacture of agricultural and forestry machinery,C,28.3,Manufacture of agricultural and forestry machinery,Manufacture of special-purpose machinery,Manufacture of machinery and equipment n.e.c.,Manufacturing,C_28_282_2821,Manufacture of agricultural and forestry machinery,Manufacture of special-purpose machinery,Manufacture of machinery and equipment n.e.c.,Manufacturing,C_28_282_2821
Manufacture of other transport equipment (35),Manufacture of air and spacecraft and related machinery,C,30.3,Manufacture of air and spacecraft and related machinery,Manufacture of air and spacecraft and related machinery,Manufacture of other transport equipment,Manufacturing,C_30_303_3030,Manufacture of air and spacecraft and related machinery,Manufacture of air and spacecraft and related machinery,Manufacture of other transport equipment,Manufacturing,C_30_303_3030
Manufacture of other non-metallic mineral products n.e.c.,Manufacture of concrete products for construction purposes,C,23.61,"Manufacture of articles of concrete, cement and plaster",Manufacture of non-metallic mineral products n.e.c.,Manufacture of other non-metallic mineral products,Manufacturing,C_23_239_2395,"Manufacture of articles of concrete, cement and plaster",Manufacture of non-metallic mineral products n.e.c.,Manufacture of other non-metallic mineral products,Manufacturing,C_23_239_2395
Manufacture of other non-metallic mineral products n.e.c.,Manufacture of plaster products for construction purposes,C,23.62,"Manufacture of articles of concrete, cement and plaster",Manufacture of non-metallic mineral products n.e.c.,Manufacture of other non-metallic mineral products,Manufacturing,C_23_239_2395,"Manufacture of articles of concrete, cement and plaster",Manufacture of non-metallic mineral products n.e.c.,Manufacture of other non-metallic mineral products,Manufacturing,C_23_239_2395
Manufacture of other non-metallic mineral products n.e.c.,Manufacture of ready-mixed concrete,C,23.63,"Manufacture of articles of concrete, cement and plaster",Manufacture of non-metallic mineral products n.e.c.,Manufacture of other non-metallic mineral products,Manufacturing,C_23_239_2395,"Manufacture of articles of concrete, cement and plaster",Manufacture of non-metallic mineral products n.e.c.,Manufacture of other non-metallic mineral products,Manufacturing,C_23_239_2395
Manufacture of other non-metallic mineral products n.e.c.,Manufacture of mortars,C,23.64,"Manufacture of articles of concrete, cement and plaster",Manufacture of non-metallic mineral products n.e.c.,Manufacture of other non-metallic mineral products,Manufacturing,C_23_239_2395,"Manufacture of articles of concrete, cement and plaster",Manufacture of non-metallic mineral products n.e.c.,Manufacture of other non-metallic mineral products,Manufacturing,C_23_239_2395
Manufacture of other non-metallic mineral products n.e.c.,Manufacture of fibre cement,C,23.65,"Manufacture of articles of concrete, cement and plaster",Manufacture of non-metallic mineral products n.e.c.,Manufacture of other non-metallic mineral products,Manufacturing,C_23_239_2395,"Manufacture of articles of concrete, cement and plaster",Manufacture of non-metallic mineral products n.e.c.,Manufacture of other non-metallic mineral products,Manufacturing,C_23_239_2395
Manufacture of other non-metallic mineral products n.e.c.,"Manufacture of other articles of concrete, plaster and cement",C,23.69,"Manufacture of articles of concrete, cement and plaster",Manufacture of non-metallic mineral products n.e.c.,Manufacture of other non-metallic mineral products,Manufacturing,C_23_239_2395,"Manufacture of articles of concrete, cement and plaster",Manufacture of non-metallic mineral products n.e.c.,Manufacture of other non-metallic mineral products,Manufacturing,C_23_239_2395
Manufacture of wearing apparel; dressing and dyeing of fur (18),Manufacture of articles of fur,C,14.2,Manufacture of articles of fur,Manufacture of articles of fur,Manufacture of wearing apparel,Manufacturing,C_14_142_1420,Manufacture of articles of fur,Manufacture of articles of fur,Manufacture of wearing apparel,Manufacturing,C_14_142_1420
Processing of Food products nec,Manufacture of bread; manufacture of fresh pastry goods and cakes,C,10.71,Manufacture of bakery products,Manufacture of other food products,Manufacture of food products,Manufacturing,C_10_107_1071,Manufacture of bakery products,Manufacture of other food products,Manufacture of food products,Manufacturing,C_10_107_1071
Processing of Food products nec,Manufacture of rusks and biscuits; manufacture of preserved pastry goods and cakes,C,10.72,Manufacture of bakery products,Manufacture of other food products,Manufacture of food products,Manufacturing,C_10_107_1071,Manufacture of bakery products,Manufacture of other food products,Manufacture of food products,Manufacturing,C_10_107_1071
Chemicals nec,Manufacture of industrial gases,C,20.11,Manufacture of basic chemicals,"Manufacture of basic chemicals, fertilizers and nitrogen compounds, plastics and synthetic rubber in primary forms",Manufacture of chemicals and chemical products,Manufacturing,C_20_201_2011,Manufacture of basic chemicals,"Manufacture of basic chemicals, fertilizers and nitrogen compounds, plastics and synthetic rubber in primary forms",Manufacture of chemicals and chemical products,Manufacturing,C_20_201_2011
Chemicals nec,Manufacture of dyes and pigments,C,20.12,Manufacture of basic chemicals,"Manufacture of basic chemicals, fertilizers and nitrogen compounds, plastics and synthetic rubber in primary forms",Manufacture of chemicals and chemical products,Manufacturing,C_20_201_2011,Manufacture of basic chemicals,"Manufacture of basic chemicals, fertilizers and nitrogen compounds, plastics and synthetic rubber in primary forms",Manufacture of chemicals and chemical products,Manufacturing,C_20_201_2011
Chemicals nec,Manufacture of other inorganic basic chemicals,C,20.13,Manufacture of basic chemicals,"Manufacture of basic chemicals, fertilizers and nitrogen compounds, plastics and synthetic rubber in primary forms",Manufacture of chemicals and chemical products,Manufacturing,C_20_201_2011,Manufacture of basic chemicals,"Manufacture of basic chemicals, fertilizers and nitrogen compounds, plastics and synthetic rubber in primary forms",Manufacture of chemicals and chemical products,Manufacturing,C_20_201_2011
Chemicals nec,Manufacture of other organic basic chemicals,C,20.14,Manufacture of basic chemicals,"Manufacture of basic chemicals, fertilizers and nitrogen compounds, plastics and synthetic rubber in primary forms",Manufacture of chemicals and chemical products,Manufacturing,C_20_201_2011,Manufacture of basic chemicals,"Manufacture of basic chemicals, fertilizers and nitrogen compounds, plastics and synthetic rubber in primary forms",Manufacture of chemicals and chemical products,Manufacturing,C_20_201_2011
Manufacture of basic iron and steel and of ferro-alloys and first products thereof,Manufacture of basic iron and steel and of ferro-alloys,C,24.1,Manufacture of basic iron and steel,Manufacture of basic iron and steel,Manufacture of basic metals,Manufacturing,C_24_241_2410,Manufacture of basic iron and steel,Manufacture of basic iron and steel,Manufacture of basic metals,Manufacturing,C_24_241_2410
Re-processing of secondary steel into new steel,Manufacture of basic iron and steel and of ferro-alloys,C,24.1,Manufacture of basic iron and steel,Manufacture of basic iron and steel,Manufacture of basic metals,Manufacturing,C_24_241_2410,Manufacture of basic iron and steel,Manufacture of basic iron and steel,Manufacture of basic metals,Manufacturing,C_24_241_2410
Manufacture of basic iron and steel and of ferro-alloys and first products thereof,"Manufacture of tubes, pipes, hollow profiles and related fittings, of steel",C,24.2,Manufacture of basic iron and steel,Manufacture of basic iron and steel,Manufacture of basic metals,Manufacturing,C_24_241_2410,Manufacture of basic iron and steel,Manufacture of basic iron and steel,Manufacture of basic metals,Manufacturing,C_24_241_2410
Re-processing of secondary steel into new steel,"Manufacture of tubes, pipes, hollow profiles and related fittings, of steel",C,24.2,Manufacture of basic iron and steel,Manufacture of basic iron and steel,Manufacture of basic metals,Manufacturing,C_24_241_2410,Manufacture of basic iron and steel,Manufacture of basic iron and steel,Manufacture of basic metals,Manufacturing,C_24_241_2410
Manufacture of basic iron and steel and of ferro-alloys and first products thereof,Cold drawing of bars,C,24.31,Manufacture of basic iron and steel,Manufacture of basic iron and steel,Manufacture of basic metals,Manufacturing,C_24_241_2410,Manufacture of basic iron and steel,Manufacture of basic iron and steel,Manufacture of basic metals,Manufacturing,C_24_241_2410
Re-processing of secondary steel into new steel,Cold drawing of bars,C,24.31,Manufacture of basic iron and steel,Manufacture of basic iron and steel,Manufacture of basic metals,Manufacturing,C_24_241_2410,Manufacture of basic iron and steel,Manufacture of basic iron and steel,Manufacture of basic metals,Manufacturing,C_24_241_2410
Manufacture of basic iron and steel and of ferro-alloys and first products thereof,Cold rolling of narrow strip,C,24.32,Manufacture of basic iron and steel,Manufacture of basic iron and steel,Manufacture of basic metals,Manufacturing,C_24_241_2410,Manufacture of basic iron and steel,Manufacture of basic iron and steel,Manufacture of basic metals,Manufacturing,C_24_241_2410
Re-processing of secondary steel into new steel,Cold rolling of narrow strip,C,24.32,Manufacture of basic iron and steel,Manufacture of basic iron and steel,Manufacture of basic metals,Manufacturing,C_24_241_2410,Manufacture of basic iron and steel,Manufacture of basic iron and steel,Manufacture of basic metals,Manufacturing,C_24_241_2410
Manufacture of basic iron and steel and of ferro-alloys and first products thereof,Cold forming or folding,C,24.33,Manufacture of basic iron and steel,Manufacture of basic iron and steel,Manufacture of basic metals,Manufacturing,C_24_241_2410,Manufacture of basic iron and steel,Manufacture of basic iron and steel,Manufacture of basic metals,Manufacturing,C_24_241_2410
Re-processing of secondary steel into new steel,Cold forming or folding,C,24.33,Manufacture of basic iron and steel,Manufacture of basic iron and steel,Manufacture of basic metals,Manufacturing,C_24_241_2410,Manufacture of basic iron and steel,Manufacture of basic iron and steel,Manufacture of basic metals,Manufacturing,C_24_241_2410
Manufacture of basic iron and steel and of ferro-alloys and first products thereof,Cold drawing of wire,C,24.34,Manufacture of basic iron and steel,Manufacture of basic iron and steel,Manufacture of basic metals,Manufacturing,C_24_241_2410,Manufacture of basic iron and steel,Manufacture of basic iron and steel,Manufacture of basic metals,Manufacturing,C_24_241_2410
Re-processing of secondary steel into new steel,Cold drawing of wire,C,24.34,Manufacture of basic iron and steel,Manufacture of basic iron and steel,Manufacture of basic metals,Manufacturing,C_24_241_2410,Manufacture of basic iron and steel,Manufacture of basic iron and steel,Manufacture of basic metals,Manufacturing,C_24_241_2410
Precious metals production,Precious metals production,C,24.41,Manufacture of basic precious and other non-ferrous metals,Manufacture of basic precious and other non-ferrous metals,Manufacture of basic metals,Manufacturing,C_24_242_2420,Manufacture of basic precious and other non-ferrous metals,Manufacture of basic precious and other non-ferrous metals,Manufacture of basic metals,Manufacturing,C_24_242_2420
Re-processing of secondary preciuos metals into new preciuos metals,Precious metals production,C,24.41,Manufacture of basic precious and other non-ferrous metals,Manufacture of basic precious and other non-ferrous metals,Manufacture of basic metals,Manufacturing,C_24_242_2420,Manufacture of basic precious and other non-ferrous metals,Manufacture of basic precious and other non-ferrous metals,Manufacture of basic metals,Manufacturing,C_24_242_2420
Aluminium production,Aluminium production,C,24.42,Manufacture of basic precious and other non-ferrous metals,Manufacture of basic precious and other non-ferrous metals,Manufacture of basic metals,Manufacturing,C_24_242_2420,Manufacture of basic precious and other non-ferrous metals,Manufacture of basic precious and other non-ferrous metals,Manufacture of basic metals,Manufacturing,C_24_242_2420
Re-processing of secondary aluminium into new aluminium,Aluminium production,C,24.42,Manufacture of basic precious and other non-ferrous metals,Manufacture of basic precious and other non-ferrous metals,Manufacture of basic metals,Manufacturing,C_24_242_2420,Manufacture of basic precious and other non-ferrous metals,Manufacture of basic precious and other non-ferrous metals,Manufacture of basic metals,Manufacturing,C_24_242_2420
"Lead, zinc and tin production","Lead, zinc and tin production",C,24.43,Manufacture of basic precious and other non-ferrous metals,Manufacture of basic precious and other non-ferrous metals,Manufacture of basic metals,Manufacturing,C_24_242_2420,Manufacture of basic precious and other non-ferrous metals,Manufacture of basic precious and other non-ferrous metals,Manufacture of basic metals,Manufacturing,C_24_242_2420
"Re-processing of secondary lead into new lead, zinc and tin","Lead, zinc and tin production",C,24.43,Manufacture of basic precious and other non-ferrous metals,Manufacture of basic precious and other non-ferrous metals,Manufacture of basic metals,Manufacturing,C_24_242_2420,Manufacture of basic precious and other non-ferrous metals,Manufacture of basic precious and other non-ferrous metals,Manufacture of basic metals,Manufacturing,C_24_242_2420
Copper production,Copper production,C,24.44,Manufacture of basic precious and other non-ferrous metals,Manufacture of basic precious and other non-ferrous metals,Manufacture of basic metals,Manufacturing,C_24_242_2420,Manufacture of basic precious and other non-ferrous metals,Manufacture of basic precious and other non-ferrous metals,Manufacture of basic metals,Manufacturing,C_24_242_2420
Re-processing of secondary copper into new copper,Copper production,C,24.44,Manufacture of basic precious and other non-ferrous metals,Manufacture of basic precious and other non-ferrous metals,Manufacture of basic metals,Manufacturing,C_24_242_2420,Manufacture of basic precious and other non-ferrous metals,Manufacture of basic precious and other non-ferrous metals,Manufacture of basic metals,Manufacturing,C_24_242_2420
Other non-ferrous metal production,Other non-ferrous metal production,C,24.45,Manufacture of basic precious and other non-ferrous metals,Manufacture of basic precious and other non-ferrous metals,Manufacture of basic metals,Manufacturing,C_24_242_2420,Manufacture of basic precious and other non-ferrous metals,Manufacture of basic precious and other non-ferrous metals,Manufacture of basic metals,Manufacturing,C_24_242_2420
Re-processing of secondary other non-ferrous metals into new other non-ferrous metals,Other non-ferrous metal production,C,24.45,Manufacture of basic precious and other non-ferrous metals,Manufacture of basic precious and other non-ferrous metals,Manufacture of basic metals,Manufacturing,C_24_242_2420,Manufacture of basic precious and other non-ferrous metals,Manufacture of basic precious and other non-ferrous metals,Manufacture of basic metals,Manufacturing,C_24_242_2420
Processing of nuclear fuel,Processing of nuclear fuel,C,24.46,Manufacture of basic precious and other non-ferrous metals,Manufacture of basic precious and other non-ferrous metals,Manufacture of basic metals,Manufacturing,C_24_242_2420,Manufacture of basic precious and other non-ferrous metals,Manufacture of basic precious and other non-ferrous metals,Manufacture of basic metals,Manufacturing,C_24_242_2420
Manufacture of electrical machinery and apparatus n.e.c. (31),Manufacture of batteries and accumulators,C,27.2,Manufacture of batteries and accumulators,Manufacture of batteries and accumulators,Manufacture of electrical equipment,Manufacturing,C_27_272_2720,Manufacture of batteries and accumulators,Manufacture of batteries and accumulators,Manufacture of electrical equipment,Manufacturing,C_27_272_2720
Manufacture of machinery and equipment n.e.c. (29),"Manufacture of bearings, gears, gearing and driving elements",C,28.15,"Manufacture of bearings, gears, gearing and driving elements",Manufacture of general-purpose machinery,Manufacture of machinery and equipment n.e.c.,Manufacturing,C_28_281_2814,"Manufacture of bearings, gears, gearing and driving elements",Manufacture of general-purpose machinery,Manufacture of machinery and equipment n.e.c.,Manufacturing,C_28_281_2814
Manufacture of beverages,Manufacture of beer,C,11.05,Manufacture of malt liquors and malt,Manufacture of beverages,Manufacture of beverages,Manufacturing,C_11_110_1103,Manufacture of beer,Manufacture of beverages,Manufacture of beverages,Manufacturing,C_11_110_1103
Manufacture of beverages,Manufacture of malt,C,11.06,Manufacture of malt liquors and malt,Manufacture of beverages,Manufacture of beverages,Manufacturing,C_11_110_1103,Manufacture of beer,Manufacture of beverages,Manufacture of beverages,Manufacturing,C_11_110_1103
Manufacture of other transport equipment (35),Manufacture of bicycles and invalid carriages,C,30.92,Manufacture of bicycles and invalid carriages,Manufacture of transport equipment n.e.c.,Manufacture of other transport equipment,Manufacturing,C_30_309_3092,Manufacture of bicycles and invalid carriages,Manufacture of transport equipment n.e.c.,Manufacture of other transport equipment,Manufacturing,C_30_309_3092
"Manufacture of motor vehicles, trailers and semi-trailers (34)",Manufacture of bodies (coachwork) for motor vehicles; manufacture of trailers and semi-trailers,C,29.2,Manufacture of bodies (coachwork) for motor vehicles; manufacture of trailers and semi-trailers,Manufacture of bodies (coachwork) for motor vehicles; manufacture of trailers and semi-trailers,"Manufacture of motor vehicles, trailers and semi-trailers",Manufacturing,C_29_292_2920,Manufacture of bodies (coachwork) for motor vehicles; manufacture of trailers and semi-trailers,Manufacture of bodies (coachwork) for motor vehicles; manufacture of trailers and semi-trailers,"Manufacture of motor vehicles, trailers and semi-trailers",Manufacturing,C_29_292_2920
"Manufacture of wood and of products of wood and cork, except furniture; manufacture of articles of straw and plaiting materials (20)",Manufacture of assembled parquet floors,C,16.22,Manufacture of builders' carpentry and joinery,"Manufacture of products of wood, cork, straw and plaiting materials","Manufacture of wood and of products of wood and cork, except furniture; manufacture of articles of straw and plaiting materials",Manufacturing,C_16_162_1622,Manufacture of builders' carpentry and joinery,"Manufacture of products of wood, cork, straw and plaiting materials","Manufacture of wood and of products of wood and cork, except furniture; manufacture of articles of straw and plaiting materials",Manufacturing,C_16_162_1622
Re-processing of secondary wood material into new wood material,Manufacture of assembled parquet floors,C,16.22,Manufacture of builders' carpentry and joinery,"Manufacture of products of wood, cork, straw and plaiting materials","Manufacture of wood and of products of wood and cork, except furniture; manufacture of articles of straw and plaiting materials",Manufacturing,C_16_162_1622,Manufacture of builders' carpentry and joinery,"Manufacture of products of wood, cork, straw and plaiting materials","Manufacture of wood and of products of wood and cork, except furniture; manufacture of articles of straw and plaiting materials",Manufacturing,C_16_162_1622
"Manufacture of wood and of products of wood and cork, except furniture; manufacture of articles of straw and plaiting materials (20)",Manufacture of other builders' carpentry and joinery,C,16.23,Manufacture of builders' carpentry and joinery,"Manufacture of products of wood, cork, straw and plaiting materials","Manufacture of wood and of products of wood and cork, except furniture; manufacture of articles of straw and plaiting materials",Manufacturing,C_16_162_1622,Manufacture of builders' carpentry and joinery,"Manufacture of products of wood, cork, straw and plaiting materials","Manufacture of wood and of products of wood and cork, except furniture; manufacture of articles of straw and plaiting materials",Manufacturing,C_16_162_1622
Re-processing of secondary wood material into new wood material,Manufacture of other builders' carpentry and joinery,C,16.23,Manufacture of builders' carpentry and joinery,"Manufacture of products of wood, cork, straw and plaiting materials","Manufacture of wood and of products of wood and cork, except furniture; manufacture of articles of straw and plaiting materials",Manufacturing,C_16_162_1622,Manufacture of builders' carpentry and joinery,"Manufacture of products of wood, cork, straw and plaiting materials","Manufacture of wood and of products of wood and cork, except furniture; manufacture of articles of straw and plaiting materials",Manufacturing,C_16_162_1622
Manufacture of textiles (17),Manufacture of carpets and rugs,C,13.93,Manufacture of carpets and rugs,Manufacture of other textiles,Manufacture of textiles,Manufacturing,C_13_139_1393,Manufacture of carpets and rugs,Manufacture of other textiles,Manufacture of textiles,Manufacturing,C_13_139_1393
"Manufacture of cement, lime and plaster",Manufacture of cement,C,23.51,"Manufacture of cement, lime and plaster",Manufacture of non-metallic mineral products n.e.c.,Manufacture of other non-metallic mineral products,Manufacturing,C_23_239_2394,"Manufacture of cement, lime and plaster",Manufacture of non-metallic mineral products n.e.c.,Manufacture of other non-metallic mineral products,Manufacturing,C_23_239_2394
Re-processing of ash into clinker,Manufacture of cement,C,23.51,"Manufacture of cement, lime and plaster",Manufacture of non-metallic mineral products n.e.c.,Manufacture of other non-metallic mineral products,Manufacturing,C_23_239_2394,"Manufacture of cement, lime and plaster",Manufacture of non-metallic mineral products n.e.c.,Manufacture of other non-metallic mineral products,Manufacturing,C_23_239_2394
"Manufacture of cement, lime and plaster",Manufacture of lime and plaster,C,23.52,"Manufacture of cement, lime and plaster",Manufacture of non-metallic mineral products n.e.c.,Manufacture of other non-metallic mineral products,Manufacturing,C_23_239_2394,"Manufacture of cement, lime and plaster",Manufacture of non-metallic mineral products n.e.c.,Manufacture of other non-metallic mineral products,Manufacturing,C_23_239_2394
Re-processing of ash into clinker,Manufacture of lime and plaster,C,23.52,"Manufacture of cement, lime and plaster",Manufacture of non-metallic mineral products n.e.c.,Manufacture of other non-metallic mineral products,Manufacturing,C_23_239_2394,"Manufacture of cement, lime and plaster",Manufacture of non-metallic mineral products n.e.c.,Manufacture of other non-metallic mineral products,Manufacturing,C_23_239_2394
Manufacture of ceramic goods,Manufacture of ceramic tiles and flags,C,23.31,Manufacture of clay building materials,Manufacture of non-metallic mineral products n.e.c.,Manufacture of other non-metallic mineral products,Manufacturing,C_23_239_2392,Manufacture of clay building materials,Manufacture of non-metallic mineral products n.e.c.,Manufacture of other non-metallic mineral products,Manufacturing,C_23_239_2392
"Manufacture of bricks, tiles and construction products, in baked clay","Manufacture of bricks, tiles and construction products, in baked clay",C,23.32,Manufacture of clay building materials,Manufacture of non-metallic mineral products n.e.c.,Manufacture of other non-metallic mineral products,Manufacturing,C_23_239_2392,Manufacture of clay building materials,Manufacture of non-metallic mineral products n.e.c.,Manufacture of other non-metallic mineral products,Manufacturing,C_23_239_2392
Processing of Food products nec,"Manufacture of cocoa, chocolate and sugar confectionery",C,10.82,"Manufacture of cocoa, chocolate and sugar confectionery",Manufacture of other food products,Manufacture of food products,Manufacturing,C_10_107_1073,"Manufacture of cocoa, chocolate and sugar confectionery",Manufacture of other food products,Manufacture of food products,Manufacturing,C_10_107_1073
Manufacture of coke oven products,Manufacture of coke oven products,C,19.1,Manufacture of coke oven products,Manufacture of coke oven products,Manufacture of coke and refined petroleum products,Manufacturing,C_19_191_1910,Manufacture of coke oven products,Manufacture of coke oven products,Manufacture of coke and refined petroleum products,Manufacturing,C_19_191_1910
Manufacture of electrical machinery and apparatus n.e.c. (31),Manufacture of communication equipment,C,26.3,Manufacture of communication equipment,Manufacture of communication equipment,"Manufacture of computer, electronic and optical products",Manufacturing,C_26_263_2630,Manufacture of communication equipment,Manufacture of communication equipment,"Manufacture of computer, electronic and optical products",Manufacturing,C_26_263_2630
"Manufacture of radio, television and communication equipment and apparatus (32)",Manufacture of communication equipment,C,26.3,Manufacture of communication equipment,Manufacture of communication equipment,"Manufacture of computer, electronic and optical products",Manufacturing,C_26_263_2630,Manufacture of communication equipment,Manufacture of communication equipment,"Manufacture of computer, electronic and optical products",Manufacturing,C_26_263_2630
Manufacture of office machinery and computers (30),Manufacture of computers and peripheral equipment,C,26.2,Manufacture of computers and peripheral equipment,Manufacture of computers and peripheral equipment,"Manufacture of computer, electronic and optical products",Manufacturing,C_26_262_2620,Manufacture of computers and peripheral equipment,Manufacture of computers and peripheral equipment,"Manufacture of computer, electronic and optical products",Manufacturing,C_26_262_2620
"Manufacture of radio, television and communication equipment and apparatus (32)",Manufacture of computers and peripheral equipment,C,26.2,Manufacture of computers and peripheral equipment,Manufacture of computers and peripheral equipment,"Manufacture of computer, electronic and optical products",Manufacturing,C_26_262_2620,Manufacture of computers and peripheral equipment,Manufacture of computers and peripheral equipment,"Manufacture of computer, electronic and optical products",Manufacturing,C_26_262_2620
Manufacture of furniture; manufacturing n.e.c. (36),Manufacture of consumer electronics,C,26.4,Manufacture of consumer electronics,Manufacture of consumer electronics,"Manufacture of computer, electronic and optical products",Manufacturing,C_26_264_2640,Manufacture of consumer electronics,Manufacture of consumer electronics,"Manufacture of computer, electronic and optical products",Manufacturing,C_26_264_2640
"Manufacture of radio, television and communication equipment and apparatus (32)",Manufacture of consumer electronics,C,26.4,Manufacture of consumer electronics,Manufacture of consumer electronics,"Manufacture of computer, electronic and optical products",Manufacturing,C_26_264_2640,Manufacture of consumer electronics,Manufacture of consumer electronics,"Manufacture of computer, electronic and optical products",Manufacturing,C_26_264_2640
Manufacture of textiles (17),"Manufacture of cordage, rope, twine and netting",C,13.94,"Manufacture of cordage, rope, twine and netting",Manufacture of other textiles,Manufacture of textiles,Manufacturing,C_13_139_1394,"Manufacture of cordage, rope, twine and netting",Manufacture of other textiles,Manufacture of textiles,Manufacturing,C_13_139_1394
Paper,Manufacture of corrugated paper and paperboard and of containers of paper and paperboard,C,17.21,Manufacture of corrugated paper and paperboard and of containers of paper and paperboard,Manufacture of paper and paper products,Manufacture of paper and paper products,Manufacturing,C_17_170_1702,Manufacture of corrugated paper and paperboard and of containers of paper and paperboard,Manufacture of paper and paper products,Manufacture of paper and paper products,Manufacturing,C_17_170_1702
"Manufacture of fabricated metal products, except machinery and equipment (28)",Manufacture of cutlery,C,25.71,"Manufacture of cutlery, hand tools and general hardware",Manufacture of other fabricated metal products; metalworking service activities,"Manufacture of fabricated metal products, except machinery and equipment",Manufacturing,C_25_259_2593,"Manufacture of cutlery, hand tools and general hardware",Manufacture of other fabricated metal products; metalworking service activities,"Manufacture of fabricated metal products, except machinery and equipment",Manufacturing,C_25_259_2593
"Manufacture of fabricated metal products, except machinery and equipment (28)",Manufacture of locks and hinges,C,25.72,"Manufacture of cutlery, hand tools and general hardware",Manufacture of other fabricated metal products; metalworking service activities,"Manufacture of fabricated metal products, except machinery and equipment",Manufacturing,C_25_259_2593,"Manufacture of cutlery, hand tools and general hardware",Manufacture of other fabricated metal products; metalworking service activities,"Manufacture of fabricated metal products, except machinery and equipment",Manufacturing,C_25_259_2593
"Manufacture of fabricated metal products, except machinery and equipment (28)",Manufacture of tools,C,25.73,"Manufacture of cutlery, hand tools and general hardware",Manufacture of other fabricated metal products; metalworking service activities,"Manufacture of fabricated metal products, except machinery and equipment",Manufacturing,C_25_259_2593,"Manufacture of cutlery, hand tools and general hardware",Manufacture of other fabricated metal products; metalworking service activities,"Manufacture of fabricated metal products, except machinery and equipment",Manufacturing,C_25_259_2593
Manufacture of machinery and equipment n.e.c. (29),Manufacture of tools,C,25.73,"Manufacture of cutlery, hand tools and general hardware",Manufacture of other fabricated metal products; metalworking service activities,"Manufacture of fabricated metal products, except machinery and equipment",Manufacturing,C_25_259_2593,"Manufacture of cutlery, hand tools and general hardware",Manufacture of other fabricated metal products; metalworking service activities,"Manufacture of fabricated metal products, except machinery and equipment",Manufacturing,C_25_259_2593
Processing of dairy products,Operation of dairies and cheese making,C,10.51,Manufacture of dairy products,Manufacture of dairy products,Manufacture of food products,Manufacturing,C_10_105_1050,Manufacture of dairy products,Manufacture of dairy products,Manufacture of food products,Manufacturing,C_10_105_1050
Processing of dairy products,Manufacture of ice cream,C,10.52,Manufacture of dairy products,Manufacture of dairy products,Manufacture of food products,Manufacturing,C_10_105_1050,Manufacture of dairy products,Manufacture of dairy products,Manufacture of food products,Manufacturing,C_10_105_1050
Manufacture of machinery and equipment n.e.c. (29),Manufacture of electric domestic appliances,C,27.51,Manufacture of domestic appliances,Manufacture of domestic appliances,Manufacture of electrical equipment,Manufacturing,C_27_275_2750,Manufacture of domestic appliances,Manufacture of domestic appliances,Manufacture of electrical equipment,Manufacturing,C_27_275_2750
Manufacture of machinery and equipment n.e.c. (29),Manufacture of non-electric domestic appliances,C,27.52,Manufacture of domestic appliances,Manufacture of domestic appliances,Manufacture of electrical equipment,Manufacturing,C_27_275_2750,Manufacture of domestic appliances,Manufacture of domestic appliances,Manufacture of electrical equipment,Manufacturing,C_27_275_2750
Manufacture of electrical machinery and apparatus n.e.c. (31),"Manufacture of electric motors, generators and transformers",C,27.11,"Manufacture of electric motors, generators, transformers and electricity distribution and control apparatus","Manufacture of electric motors, generators, transformers and electricity distribution and control apparatus",Manufacture of electrical equipment,Manufacturing,C_27_271_2710,"Manufacture of electric motors, generators, transformers and electricity distribution and control apparatus","Manufacture of electric motors, generators, transformers and electricity distribution and control apparatus",Manufacture of electrical equipment,Manufacturing,C_27_271_2710
Manufacture of electrical machinery and apparatus n.e.c. (31),Manufacture of electricity distribution and control apparatus,C,27.12,"Manufacture of electric motors, generators, transformers and electricity distribution and control apparatus","Manufacture of electric motors, generators, transformers and electricity distribution and control apparatus",Manufacture of electrical equipment,Manufacturing,C_27_271_2710,"Manufacture of electric motors, generators, transformers and electricity distribution and control apparatus","Manufacture of electric motors, generators, transformers and electricity distribution and control apparatus",Manufacture of electrical equipment,Manufacturing,C_27_271_2710
Manufacture of machinery and equipment n.e.c. (29),"Manufacture of engines and turbines, except aircraft, vehicle and cycle engines",C,28.11,"Manufacture of engines and turbines, except aircraft, vehicle and cycle engines",Manufacture of general-purpose machinery,Manufacture of machinery and equipment n.e.c.,Manufacturing,C_28_281_2811,"Manufacture of engines and turbines, except aircraft, vehicle and cycle engines",Manufacture of general-purpose machinery,Manufacture of machinery and equipment n.e.c.,Manufacturing,C_28_281_2811
Chemicals nec,Manufacture of fertilisers and nitrogen compounds,C,20.15,Manufacture of fertilizers and nitrogen compounds,"Manufacture of basic chemicals, fertilizers and nitrogen compounds, plastics and synthetic rubber in primary forms",Manufacture of chemicals and chemical products,Manufacturing,C_20_201_2012,Manufacture of fertilizers and nitrogen compounds,"Manufacture of basic chemicals, fertilizers and nitrogen compounds, plastics and synthetic rubber in primary forms",Manufacture of chemicals and chemical products,Manufacturing,C_20_201_2012
N-fertiliser,Manufacture of fertilisers and nitrogen compounds,C,20.15,Manufacture of fertilizers and nitrogen compounds,"Manufacture of basic chemicals, fertilizers and nitrogen compounds, plastics and synthetic rubber in primary forms",Manufacture of chemicals and chemical products,Manufacturing,C_20_201_2012,Manufacture of fertilizers and nitrogen compounds,"Manufacture of basic chemicals, fertilizers and nitrogen compounds, plastics and synthetic rubber in primary forms",Manufacture of chemicals and chemical products,Manufacturing,C_20_201_2012
P- and other fertiliser,Manufacture of fertilisers and nitrogen compounds,C,20.15,Manufacture of fertilizers and nitrogen compounds,"Manufacture of basic chemicals, fertilizers and nitrogen compounds, plastics and synthetic rubber in primary forms",Manufacture of chemicals and chemical products,Manufacturing,C_20_201_2012,Manufacture of fertilizers and nitrogen compounds,"Manufacture of basic chemicals, fertilizers and nitrogen compounds, plastics and synthetic rubber in primary forms",Manufacture of chemicals and chemical products,Manufacturing,C_20_201_2012
Manufacture of electrical machinery and apparatus n.e.c. (31),Manufacture of fibre optic cables,C,27.31,Manufacture of fibre optic cables,Manufacture of wiring and wiring devices,Manufacture of electrical equipment,Manufacturing,C_27_273_2731,Manufacture of fibre optic cables,Manufacture of wiring and wiring devices,Manufacture of electrical equipment,Manufacturing,C_27_273_2731
Manufacture of machinery and equipment n.e.c. (29),Manufacture of fluid power equipment,C,28.12,Manufacture of fluid power equipment,Manufacture of general-purpose machinery,Manufacture of machinery and equipment n.e.c.,Manufacturing,C_28_281_2812,Manufacture of fluid power equipment,Manufacture of general-purpose machinery,Manufacture of machinery and equipment n.e.c.,Manufacturing,C_28_281_2812
"Tanning and dressing of leather; manufacture of luggage, handbags, saddlery, harness and footwear (19)",Manufacture of footwear,C,15.2,Manufacture of footwear,Manufacture of footwear,Manufacture of leather and related products,Manufacturing,C_15_152_1520,Manufacture of footwear,Manufacture of footwear,Manufacture of leather and related products,Manufacturing,C_15_152_1520
Manufacture of furniture; manufacturing n.e.c. (36),Manufacture of games and toys,C,32.4,Manufacture of games and toys,Manufacture of games and toys,Other manufacturing,Manufacturing,C_32_324_3240,Manufacture of games and toys,Manufacture of games and toys,Other manufacturing,Manufacturing,C_32_324_3240
Manufacture of gas; distribution of gaseous fuels through mains,Manufacture of gas,D,35.21,Manufacture of gas; distribution of gaseous fuels through mains,Manufacture of gas; distribution of gaseous fuels through mains,"Electricity, gas, steam and air conditioning supply","Electricity, gas, steam and air conditioning supply",D_35_352_3520,Manufacture of gas; distribution of gaseous fuels through mains,Manufacture of gas; distribution of gaseous fuels through mains,"Electricity, gas, steam and air conditioning supply","Electricity, gas, steam and air conditioning supply",D_35_352_3520
Manufacture of gas; distribution of gaseous fuels through mains,Distribution of gaseous fuels through mains,D,35.22,Manufacture of gas; distribution of gaseous fuels through mains,Manufacture of gas; distribution of gaseous fuels through mains,"Electricity, gas, steam and air conditioning supply","Electricity, gas, steam and air conditioning supply",D_35_352_3520,Manufacture of gas; distribution of gaseous fuels through mains,Manufacture of gas; distribution of gaseous fuels through mains,"Electricity, gas, steam and air conditioning supply","Electricity, gas, steam and air conditioning supply",D_35_352_3520
Manufacture of gas; distribution of gaseous fuels through mains,Trade of gas through mains,D,35.23,Manufacture of gas; distribution of gaseous fuels through mains,Manufacture of gas; distribution of gaseous fuels through mains,"Electricity, gas, steam and air conditioning supply","Electricity, gas, steam and air conditioning supply",D_35_352_3520,Manufacture of gas; distribution of gaseous fuels through mains,Manufacture of gas; distribution of gaseous fuels through mains,"Electricity, gas, steam and air conditioning supply","Electricity, gas, steam and air conditioning supply",D_35_352_3520
Manufacture of glass and glass products,Manufacture of flat glass,C,23.11,Manufacture of glass and glass products,Manufacture of glass and glass products,Manufacture of other non-metallic mineral products,Manufacturing,C_23_231_2310,Manufacture of glass and glass products,Manufacture of glass and glass products,Manufacture of other non-metallic mineral products,Manufacturing,C_23_231_2310
Re-processing of secondary glass into new glass,Manufacture of flat glass,C,23.11,Manufacture of glass and glass products,Manufacture of glass and glass products,Manufacture of other non-metallic mineral products,Manufacturing,C_23_231_2310,Manufacture of glass and glass products,Manufacture of glass and glass products,Manufacture of other non-metallic mineral products,Manufacturing,C_23_231_2310
Manufacture of glass and glass products,Shaping and processing of flat glass,C,23.12,Manufacture of glass and glass products,Manufacture of glass and glass products,Manufacture of other non-metallic mineral products,Manufacturing,C_23_231_2310,Manufacture of glass and glass products,Manufacture of glass and glass products,Manufacture of other non-metallic mineral products,Manufacturing,C_23_231_2310
Re-processing of secondary glass into new glass,Shaping and processing of flat glass,C,23.12,Manufacture of glass and glass products,Manufacture of glass and glass products,Manufacture of other non-metallic mineral products,Manufacturing,C_23_231_2310,Manufacture of glass and glass products,Manufacture of glass and glass products,Manufacture of other non-metallic mineral products,Manufacturing,C_23_231_2310
Manufacture of glass and glass products,Manufacture of hollow glass,C,23.13,Manufacture of glass and glass products,Manufacture of glass and glass products,Manufacture of other non-metallic mineral products,Manufacturing,C_23_231_2310,Manufacture of glass and glass products,Manufacture of glass and glass products,Manufacture of other non-metallic mineral products,Manufacturing,C_23_231_2310
Re-processing of secondary glass into new glass,Manufacture of hollow glass,C,23.13,Manufacture of glass and glass products,Manufacture of glass and glass products,Manufacture of other non-metallic mineral products,Manufacturing,C_23_231_2310,Manufacture of glass and glass products,Manufacture of glass and glass products,Manufacture of other non-metallic mineral products,Manufacturing,C_23_231_2310
Manufacture of glass and glass products,Manufacture of glass fibres,C,23.14,Manufacture of glass and glass products,Manufacture of glass and glass products,Manufacture of other non-metallic mineral products,Manufacturing,C_23_231_2310,Manufacture of glass and glass products,Manufacture of glass and glass products,Manufacture of other non-metallic mineral products,Manufacturing,C_23_231_2310
Re-processing of secondary glass into new glass,Manufacture of glass fibres,C,23.14,Manufacture of glass and glass products,Manufacture of glass and glass products,Manufacture of other non-metallic mineral products,Manufacturing,C_23_231_2310,Manufacture of glass and glass products,Manufacture of glass and glass products,Manufacture of other non-metallic mineral products,Manufacturing,C_23_231_2310
Manufacture of glass and glass products,"Manufacture and processing of other glass, including technical glassware",C,23.19,Manufacture of glass and glass products,Manufacture of glass and glass products,Manufacture of other non-metallic mineral products,Manufacturing,C_23_231_2310,Manufacture of glass and glass products,Manufacture of glass and glass products,Manufacture of other non-metallic mineral products,Manufacturing,C_23_231_2310
Re-processing of secondary glass into new glass,"Manufacture and processing of other glass, including technical glassware",C,23.19,Manufacture of glass and glass products,Manufacture of glass and glass products,Manufacture of other non-metallic mineral products,Manufacturing,C_23_231_2310,Manufacture of glass and glass products,Manufacture of glass and glass products,Manufacture of other non-metallic mineral products,Manufacturing,C_23_231_2310
Processed rice,Manufacture of grain mill products,C,10.61,Manufacture of grain mill products,"Manufacture of grain mill products, starches and starch products",Manufacture of food products,Manufacturing,C_10_106_1061,Manufacture of grain mill products,"Manufacture of grain mill products, starches and starch products",Manufacture of food products,Manufacturing,C_10_106_1061
Processing of Food products nec,Manufacture of grain mill products,C,10.61,Manufacture of grain mill products,"Manufacture of grain mill products, starches and starch products",Manufacture of food products,Manufacturing,C_10_106_1061,Manufacture of grain mill products,"Manufacture of grain mill products, starches and starch products",Manufacture of food products,Manufacturing,C_10_106_1061
Manufacture of furniture; manufacturing n.e.c. (36),Manufacture of imitation jewellery and related articles,C,32.13,Manufacture of imitation jewellery and related articles,"Manufacture of jewellery, bijouterie and related articles",Other manufacturing,Manufacturing,C_32_321_3212,Manufacture of imitation jewellery and related articles,"Manufacture of jewellery, bijouterie and related articles",Other manufacturing,Manufacturing,C_32_321_3212
"Manufacture of medical, precision and optical instruments, watches and clocks (33)","Manufacture of irradiation, electromedical and electrotherapeutic equipment",C,26.6,"Manufacture of irradiation, electromedical and electrotherapeutic equipment","Manufacture of irradiation, electromedical and electrotherapeutic equipment","Manufacture of computer, electronic and optical products",Manufacturing,C_26_266_2660,"Manufacture of irradiation, electromedical and electrotherapeutic equipment","Manufacture of irradiation, electromedical and electrotherapeutic equipment","Manufacture of computer, electronic and optical products",Manufacturing,C_26_266_2660
Manufacture of furniture; manufacturing n.e.c. (36),Striking of coins,C,32.11,Manufacture of jewellery and related articles,"Manufacture of jewellery, bijouterie and related articles",Other manufacturing,Manufacturing,C_32_321_3211,Manufacture of jewellery and related articles,"Manufacture of jewellery, bijouterie and related articles",Other manufacturing,Manufacturing,C_32_321_3211
Manufacture of furniture; manufacturing n.e.c. (36),Manufacture of jewellery and related articles,C,32.12,Manufacture of jewellery and related articles,"Manufacture of jewellery, bijouterie and related articles",Other manufacturing,Manufacturing,C_32_321_3211,Manufacture of jewellery and related articles,"Manufacture of jewellery, bijouterie and related articles",Other manufacturing,Manufacturing,C_32_321_3211
Manufacture of textiles (17),Manufacture of knitted and crocheted hosiery,C,14.31,Manufacture of knitted and crocheted apparel,Manufacture of knitted and crocheted apparel,Manufacture of wearing apparel,Manufacturing,C_14_143_1430,Manufacture of knitted and crocheted apparel,Manufacture of knitted and crocheted apparel,Manufacture of wearing apparel,Manufacturing,C_14_143_1430
Manufacture of textiles (17),Manufacture of other knitted and crocheted apparel,C,14.39,Manufacture of knitted and crocheted apparel,Manufacture of knitted and crocheted apparel,Manufacture of wearing apparel,Manufacturing,C_14_143_1430,Manufacture of knitted and crocheted apparel,Manufacture of knitted and crocheted apparel,Manufacture of wearing apparel,Manufacturing,C_14_143_1430
Manufacture of textiles (17),Manufacture of knitted and crocheted fabrics,C,13.91,Manufacture of knitted and crocheted fabrics,Manufacture of other textiles,Manufacture of textiles,Manufacturing,C_13_139_1391,Manufacture of knitted and crocheted fabrics,Manufacture of other textiles,Manufacture of textiles,Manufacturing,C_13_139_1391
Manufacture of machinery and equipment n.e.c. (29),Manufacture of lifting and handling equipment,C,28.22,Manufacture of lifting and handling equipment,Manufacture of general-purpose machinery,Manufacture of machinery and equipment n.e.c.,Manufacturing,C_28_281_2816,Manufacture of lifting and handling equipment,Manufacture of general-purpose machinery,Manufacture of machinery and equipment n.e.c.,Manufacturing,C_28_281_2816
Manufacture of other transport equipment (35),Manufacture of lifting and handling equipment,C,28.22,Manufacture of lifting and handling equipment,Manufacture of general-purpose machinery,Manufacture of machinery and equipment n.e.c.,Manufacturing,C_28_281_2816,Manufacture of lifting and handling equipment,Manufacture of general-purpose machinery,Manufacture of machinery and equipment n.e.c.,Manufacturing,C_28_281_2816
Manufacture of electrical machinery and apparatus n.e.c. (31),Manufacture of electric lighting equipment,C,27.4,Manufacture of electric lighting equipment,Manufacture of electric lighting equipment,Manufacture of electrical equipment,Manufacturing,C_27_274_2740,Manufacture of lighting equipment,Manufacture of lighting equipment,Manufacture of electrical equipment,Manufacturing,C_27_274_2740
"Tanning and dressing of leather; manufacture of luggage, handbags, saddlery, harness and footwear (19)","Manufacture of luggage, handbags and the like, saddlery and harness",C,15.12,"Manufacture of luggage, handbags and the like, saddlery and harness","Tanning and dressing of leather; manufacture of luggage, handbags, saddlery and harness; dressing and dyeing of fur",Manufacture of leather and related products,Manufacturing,C_15_151_1512,"Manufacture of luggage, handbags and the like, saddlery and harness of any material","Tanning, dyeing, dressing of leather and fur; manufacture of luggage, handbags, saddlery and harness",Manufacture of leather and related products,Manufacturing,C_15_151_1512
Processing of Food products nec,"Manufacture of macaroni, noodles, couscous and similar farinaceous products",C,10.73,"Manufacture of macaroni, noodles, couscous and similar farinaceous products",Manufacture of other food products,Manufacture of food products,Manufacturing,C_10_107_1074,"Manufacture of macaroni, noodles, couscous and similar farinaceous products",Manufacture of other food products,Manufacture of food products,Manufacturing,C_10_107_1074
Manufacture of machinery and equipment n.e.c. (29),"Manufacture of machinery for food, beverage and tobacco processing",C,28.93,"Manufacture of machinery for food, beverage and tobacco processing",Manufacture of special-purpose machinery,Manufacture of machinery and equipment n.e.c.,Manufacturing,C_28_282_2825,"Manufacture of machinery for food, beverage and tobacco processing",Manufacture of special-purpose machinery,Manufacture of machinery and equipment n.e.c.,Manufacturing,C_28_282_2825
Manufacture of machinery and equipment n.e.c. (29),Manufacture of machinery for metallurgy,C,28.91,Manufacture of machinery for metallurgy,Manufacture of special-purpose machinery,Manufacture of machinery and equipment n.e.c.,Manufacturing,C_28_282_2823,Manufacture of machinery for metallurgy,Manufacture of special-purpose machinery,Manufacture of machinery and equipment n.e.c.,Manufacturing,C_28_282_2823
Manufacture of machinery and equipment n.e.c. (29),"Manufacture of machinery for mining, quarrying and construction",C,28.92,"Manufacture of machinery for mining, quarrying and construction",Manufacture of special-purpose machinery,Manufacture of machinery and equipment n.e.c.,Manufacturing,C_28_282_2824,"Manufacture of machinery for mining, quarrying and construction",Manufacture of special-purpose machinery,Manufacture of machinery and equipment n.e.c.,Manufacturing,C_28_282_2824
Manufacture of machinery and equipment n.e.c. (29),"Manufacture of machinery for textile, apparel and leather production",C,28.94,"Manufacture of machinery for textile, apparel and leather production",Manufacture of special-purpose machinery,Manufacture of machinery and equipment n.e.c.,Manufacturing,C_28_282_2826,"Manufacture of machinery for textile, apparel and leather production",Manufacture of special-purpose machinery,Manufacture of machinery and equipment n.e.c.,Manufacturing,C_28_282_2826
Manufacture of textiles (17),"Manufacture of made-up textile articles, except apparel",C,13.92,"Manufacture of made-up textile articles, except apparel",Manufacture of other textiles,Manufacture of textiles,Manufacturing,C_13_139_1392,"Manufacture of made-up textile articles, except apparel",Manufacture of other textiles,Manufacture of textiles,Manufacturing,C_13_139_1392
"Manufacture of medical, precision and optical instruments, watches and clocks (33)",Manufacture of magnetic and optical media,C,26.8,Manufacture of magnetic and optical media,Manufacture of magnetic and optical media,"Manufacture of computer, electronic and optical products",Manufacturing,C_26_268_2680,Manufacture of magnetic and optical media,Manufacture of magnetic and optical media,"Manufacture of computer, electronic and optical products",Manufacturing,C_26_268_2680
Manufacture of beverages,Manufacture of beer,C,11.05,Manufacture of malt liquors and malt,Manufacture of beverages,Manufacture of beverages,Manufacturing,C_11_110_1103,Manufacture of malt,Manufacture of beverages,Manufacture of beverages,Manufacturing,C_11_110_1104
Manufacture of beverages,Manufacture of malt,C,11.06,Manufacture of malt liquors and malt,Manufacture of beverages,Manufacture of beverages,Manufacturing,C_11_110_1103,Manufacture of malt,Manufacture of beverages,Manufacture of beverages,Manufacturing,C_11_110_1104
Chemicals nec,Manufacture of man-made fibres,C,20.6,Manufacture of man-made fibres,Manufacture of man-made fibres,Manufacture of chemicals and chemical products,Manufacturing,C_20_203_2030,Manufacture of man-made fibres,Manufacture of man-made fibres,Manufacture of chemicals and chemical products,Manufacturing,C_20_203_2030
"Manufacture of medical, precision and optical instruments, watches and clocks (33)","Manufacture of instruments and appliances for measuring, testing and navigation",C,26.51,"Manufacture of measuring, testing, navigating and control equipment","Manufacture of measuring, testing, navigating and control equipment; watches and clocks","Manufacture of computer, electronic and optical products",Manufacturing,C_26_265_2651,"Manufacture of measuring, testing, navigating and control equipment","Manufacture of measuring, testing, navigating and control equipment; watches and clocks","Manufacture of computer, electronic and optical products",Manufacturing,C_26_265_2651
"Manufacture of medical, precision and optical instruments, watches and clocks (33)",Manufacture of medical and dental instruments and supplies,C,32.5,Manufacture of medical and dental instruments and supplies,Manufacture of medical and dental instruments and supplies,Other manufacturing,Manufacturing,C_32_325_3250,Manufacture of medical and dental instruments and supplies,Manufacture of medical and dental instruments and supplies,Other manufacturing,Manufacturing,C_32_325_3250
Manufacture of machinery and equipment n.e.c. (29),Manufacture of metal forming machinery,C,28.41,Manufacture of metal-forming machinery and machine tools,Manufacture of special-purpose machinery,Manufacture of machinery and equipment n.e.c.,Manufacturing,C_28_282_2822,Manufacture of metal-forming machinery and machine tools,Manufacture of special-purpose machinery,Manufacture of machinery and equipment n.e.c.,Manufacturing,C_28_282_2822
Manufacture of machinery and equipment n.e.c. (29),Manufacture of other machine tools,C,28.49,Manufacture of metal-forming machinery and machine tools,Manufacture of special-purpose machinery,Manufacture of machinery and equipment n.e.c.,Manufacturing,C_28_282_2822,Manufacture of metal-forming machinery and machine tools,Manufacture of special-purpose machinery,Manufacture of machinery and equipment n.e.c.,Manufacturing,C_28_282_2822
Manufacture of other transport equipment (35),Manufacture of military fighting vehicles,C,30.4,Manufacture of military fighting vehicles,Manufacture of military fighting vehicles,Manufacture of other transport equipment,Manufacturing,C_30_304_3040,Manufacture of military fighting vehicles,Manufacture of military fighting vehicles,Manufacture of other transport equipment,Manufacturing,C_30_304_3040
"Manufacture of motor vehicles, trailers and semi-trailers (34)",Manufacture of motor vehicles,C,29.1,Manufacture of motor vehicles,Manufacture of motor vehicles,"Manufacture of motor vehicles, trailers and semi-trailers",Manufacturing,C_29_291_2910,Manufacture of motor vehicles,Manufacture of motor vehicles,"Manufacture of motor vehicles, trailers and semi-trailers",Manufacturing,C_29_291_2910
"Manufacture of motor vehicles, trailers and semi-trailers (34)",Manufacture of motorcycles,C,30.91,Manufacture of motorcycles,Manufacture of transport equipment n.e.c.,Manufacture of other transport equipment,Manufacturing,C_30_309_3091,Manufacture of motorcycles,Manufacture of transport equipment n.e.c.,Manufacture of other transport equipment,Manufacturing,C_30_309_3091
Manufacture of furniture; manufacturing n.e.c. (36),Manufacture of musical instruments,C,32.2,Manufacture of musical instruments,Manufacture of musical instruments,Other manufacturing,Manufacturing,C_32_322_3220,Manufacture of musical instruments,Manufacture of musical instruments,Other manufacturing,Manufacturing,C_32_322_3220
Manufacture of office machinery and computers (30),Manufacture of office machinery and equipment (except computers and peripheral equipment),C,28.23,Manufacture of office machinery and equipment (except computers and peripheral equipment),Manufacture of general-purpose machinery,Manufacture of machinery and equipment n.e.c.,Manufacturing,C_28_281_2817,Manufacture of office machinery and equipment (except computers and peripheral equipment),Manufacture of general-purpose machinery,Manufacture of machinery and equipment n.e.c.,Manufacturing,C_28_281_2817
"Manufacture of radio, television and communication equipment and apparatus (32)",Manufacture of office machinery and equipment (except computers and peripheral equipment),C,28.23,Manufacture of office machinery and equipment (except computers and peripheral equipment),Manufacture of general-purpose machinery,Manufacture of machinery and equipment n.e.c.,Manufacturing,C_28_281_2817,Manufacture of office machinery and equipment (except computers and peripheral equipment),Manufacture of general-purpose machinery,Manufacture of machinery and equipment n.e.c.,Manufacturing,C_28_281_2817
"Manufacture of medical, precision and optical instruments, watches and clocks (33)",Manufacture of optical instruments and photographic equipment,C,26.7,Manufacture of optical instruments and photographic equipment,Manufacture of optical instruments and photographic equipment,"Manufacture of computer, electronic and optical products",Manufacturing,C_26_267_2670,Manufacture of optical instruments and photographic equipment,Manufacture of optical instruments and photographic equipment,"Manufacture of computer, electronic and optical products",Manufacturing,C_26_267_2670
Paper,Manufacture of paper stationery,C,17.23,Manufacture of other articles of paper and paperboard,Manufacture of paper and paper products,Manufacture of paper and paper products,Manufacturing,C_17_170_1709,Manufacture of other articles of paper and paperboard,Manufacture of paper and paper products,Manufacture of paper and paper products,Manufacturing,C_17_170_1709
Paper,Manufacture of wallpaper,C,17.24,Manufacture of other articles of paper and paperboard,Manufacture of paper and paper products,Manufacture of paper and paper products,Manufacturing,C_17_170_1709,Manufacture of other articles of paper and paperboard,Manufacture of paper and paper products,Manufacture of paper and paper products,Manufacturing,C_17_170_1709
Paper,Manufacture of other articles of paper and paperboard,C,17.29,Manufacture of other articles of paper and paperboard,Manufacture of paper and paper products,Manufacture of paper and paper products,Manufacturing,C_17_170_1709,Manufacture of other articles of paper and paperboard,Manufacture of paper and paper products,Manufacture of paper and paper products,Manufacturing,C_17_170_1709
Paper,Manufacture of household and sanitary goods and of toilet requisites,C,17.22,Manufacture of other articles of paper and paperboard,Manufacture of paper and paper products,Manufacture of paper and paper products,Manufacturing,C_17_170_1709,Manufacture of other articles of paper and paperboard,Manufacture of paper and paper products,Manufacture of paper and paper products,Manufacturing,C_17_170_1709
Chemicals nec,Manufacture of industrial gases,C,20.11,Manufacture of basic chemicals,"Manufacture of basic chemicals, fertilizers and nitrogen compounds, plastics and synthetic rubber in primary forms",Manufacture of chemicals and chemical products,Manufacturing,C_20_201_2011,Manufacture of other chemical products n.e.c.,Manufacture of other chemical products,Manufacture of chemicals and chemical products,Manufacturing,C_20_202_2029
Chemicals nec,Manufacture of dyes and pigments,C,20.12,Manufacture of basic chemicals,"Manufacture of basic chemicals, fertilizers and nitrogen compounds, plastics and synthetic rubber in primary forms",Manufacture of chemicals and chemical products,Manufacturing,C_20_201_2011,Manufacture of other chemical products n.e.c.,Manufacture of other chemical products,Manufacture of chemicals and chemical products,Manufacturing,C_20_202_2029
Chemicals nec,Manufacture of other inorganic basic chemicals,C,20.13,Manufacture of basic chemicals,"Manufacture of basic chemicals, fertilizers and nitrogen compounds, plastics and synthetic rubber in primary forms",Manufacture of chemicals and chemical products,Manufacturing,C_20_201_2011,Manufacture of other chemical products n.e.c.,Manufacture of other chemical products,Manufacture of chemicals and chemical products,Manufacturing,C_20_202_2029
Chemicals nec,Manufacture of other organic basic chemicals,C,20.14,Manufacture of basic chemicals,"Manufacture of basic chemicals, fertilizers and nitrogen compounds, plastics and synthetic rubber in primary forms",Manufacture of chemicals and chemical products,Manufacturing,C_20_201_2011,Manufacture of other chemical products n.e.c.,Manufacture of other chemical products,Manufacture of chemicals and chemical products,Manufacturing,C_20_202_2029
Chemicals nec,Manufacture of explosives,C,20.51,Manufacture of other chemical products n.e.c.,Manufacture of other chemical products,Manufacture of chemicals and chemical products,Manufacturing,C_20_202_2029,Manufacture of other chemical products n.e.c.,Manufacture of other chemical products,Manufacture of chemicals and chemical products,Manufacturing,C_20_202_2029
Chemicals nec,Manufacture of glues,C,20.52,Manufacture of other chemical products n.e.c.,Manufacture of other chemical products,Manufacture of chemicals and chemical products,Manufacturing,C_20_202_2029,Manufacture of other chemical products n.e.c.,Manufacture of other chemical products,Manufacture of chemicals and chemical products,Manufacturing,C_20_202_2029
Chemicals nec,Manufacture of essential oils,C,20.53,Manufacture of other chemical products n.e.c.,Manufacture of other chemical products,Manufacture of chemicals and chemical products,Manufacturing,C_20_202_2029,Manufacture of other chemical products n.e.c.,Manufacture of other chemical products,Manufacture of chemicals and chemical products,Manufacturing,C_20_202_2029
Chemicals nec,Manufacture of other chemical products n.e.c.,C,20.59,Manufacture of other chemical products n.e.c.,Manufacture of other chemical products,Manufacture of chemicals and chemical products,Manufacturing,C_20_202_2029,Manufacture of other chemical products n.e.c.,Manufacture of other chemical products,Manufacture of chemicals and chemical products,Manufacturing,C_20_202_2029
Manufacture of electrical machinery and apparatus n.e.c. (31),Manufacture of other electrical equipment,C,27.9,Manufacture of other electrical equipment,Manufacture of other electrical equipment,Manufacture of electrical equipment,Manufacturing,C_27_279_2790,Manufacture of other electrical equipment,Manufacture of other electrical equipment,Manufacture of electrical equipment,Manufacturing,C_27_279_2790
"Manufacture of radio, television and communication equipment and apparatus (32)",Manufacture of other electrical equipment,C,27.9,Manufacture of other electrical equipment,Manufacture of other electrical equipment,Manufacture of electrical equipment,Manufacturing,C_27_279_2790,Manufacture of other electrical equipment,Manufacture of other electrical equipment,Manufacture of electrical equipment,Manufacturing,C_27_279_2790
Manufacture of electrical machinery and apparatus n.e.c. (31),Manufacture of other electronic and electric wires and cables,C,27.32,Manufacture of other electronic and electric wires and cables,Manufacture of wiring and wiring devices,Manufacture of electrical equipment,Manufacturing,C_27_273_2732,Manufacture of other electronic and electric wires and cables,Manufacture of wiring and wiring devices,Manufacture of electrical equipment,Manufacturing,C_27_273_2732
Manufacture of electrical machinery and apparatus n.e.c. (31),Manufacture of electronic components,C,26.11,Manufacture of electronic components and boards,Manufacture of electronic components and boards,"Manufacture of computer, electronic and optical products",Manufacturing,C_26_261_2610,Manufacture of other electronic components and boards,Manufacture of electronic components and boards,"Manufacture of computer, electronic and optical products",Manufacturing,C_26_261_2619
"Manufacture of radio, television and communication equipment and apparatus (32)",Manufacture of electronic components,C,26.11,Manufacture of electronic components and boards,Manufacture of electronic components and boards,"Manufacture of computer, electronic and optical products",Manufacturing,C_26_261_2610,Manufacture of other electronic components and boards,Manufacture of electronic components and boards,"Manufacture of computer, electronic and optical products",Manufacturing,C_26_261_2619
"Manufacture of radio, television and communication equipment and apparatus (32)",Manufacture of loaded electronic boards,C,26.12,Manufacture of electronic components and boards,Manufacture of electronic components and boards,"Manufacture of computer, electronic and optical products",Manufacturing,C_26_261_2610,Manufacture of other electronic components and boards,Manufacture of electronic components and boards,"Manufacture of computer, electronic and optical products",Manufacturing,C_26_261_2619
"Manufacture of fabricated metal products, except machinery and equipment (28)",Manufacture of steel drums and similar containers,C,25.91,Manufacture of other fabricated metal products n.e.c.,Manufacture of other fabricated metal products; metalworking service activities,"Manufacture of fabricated metal products, except machinery and equipment",Manufacturing,C_25_259_2599,Manufacture of other fabricated metal products n.e.c.,Manufacture of other fabricated metal products; metalworking service activities,"Manufacture of fabricated metal products, except machinery and equipment",Manufacturing,C_25_259_2599
"Manufacture of fabricated metal products, except machinery and equipment (28)",Manufacture of light metal packaging,C,25.92,Manufacture of other fabricated metal products n.e.c.,Manufacture of other fabricated metal products; metalworking service activities,"Manufacture of fabricated metal products, except machinery and equipment",Manufacturing,C_25_259_2599,Manufacture of other fabricated metal products n.e.c.,Manufacture of other fabricated metal products; metalworking service activities,"Manufacture of fabricated metal products, except machinery and equipment",Manufacturing,C_25_259_2599
"Manufacture of fabricated metal products, except machinery and equipment (28)","Manufacture of wire products, chain and springs",C,25.93,Manufacture of other fabricated metal products n.e.c.,Manufacture of other fabricated metal products; metalworking service activities,"Manufacture of fabricated metal products, except machinery and equipment",Manufacturing,C_25_259_2599,Manufacture of other fabricated metal products n.e.c.,Manufacture of other fabricated metal products; metalworking service activities,"Manufacture of fabricated metal products, except machinery and equipment",Manufacturing,C_25_259_2599
"Manufacture of fabricated metal products, except machinery and equipment (28)",Manufacture of fasteners and screw machine products,C,25.94,Manufacture of other fabricated metal products n.e.c.,Manufacture of other fabricated metal products; metalworking service activities,"Manufacture of fabricated metal products, except machinery and equipment",Manufacturing,C_25_259_2599,Manufacture of other fabricated metal products n.e.c.,Manufacture of other fabricated metal products; metalworking service activities,"Manufacture of fabricated metal products, except machinery and equipment",Manufacturing,C_25_259_2599
"Manufacture of fabricated metal products, except machinery and equipment (28)",Manufacture of other fabricated metal products n.e.c.,C,25.99,Manufacture of other fabricated metal products n.e.c.,Manufacture of other fabricated metal products; metalworking service activities,"Manufacture of fabricated metal products, except machinery and equipment",Manufacturing,C_25_259_2599,Manufacture of other fabricated metal products n.e.c.,Manufacture of other fabricated metal products; metalworking service activities,"Manufacture of fabricated metal products, except machinery and equipment",Manufacturing,C_25_259_2599
Processing of Food products nec,Processing of tea and coffee,C,10.83,Manufacture of other food products n.e.c.,Manufacture of other food products,Manufacture of food products,Manufacturing,C_10_107_1079,Manufacture of other food products n.e.c.,Manufacture of other food products,Manufacture of food products,Manufacturing,C_10_107_1079
Processing of Food products nec,Manufacture of condiments and seasonings,C,10.84,Manufacture of other food products n.e.c.,Manufacture of other food products,Manufacture of food products,Manufacturing,C_10_107_1079,Manufacture of other food products n.e.c.,Manufacture of other food products,Manufacture of food products,Manufacturing,C_10_107_1079
Processing of Food products nec,Manufacture of homogenised food preparations and dietetic food,C,10.86,Manufacture of other food products n.e.c.,Manufacture of other food products,Manufacture of food products,Manufacturing,C_10_107_1079,Manufacture of other food products n.e.c.,Manufacture of other food products,Manufacture of food products,Manufacturing,C_10_107_1079
Processing of Food products nec,Manufacture of other food products n.e.c.,C,10.89,Manufacture of other food products n.e.c.,Manufacture of other food products,Manufacture of food products,Manufacturing,C_10_107_1079,Manufacture of other food products n.e.c.,Manufacture of other food products,Manufacture of food products,Manufacturing,C_10_107_1079
Manufacture of furniture; manufacturing n.e.c. (36),Manufacture of office and shop furniture,C,31.01,Manufacture of furniture,Manufacture of furniture,Manufacture of furniture,Manufacturing,C_31_310_3100,Manufacture of other furniture,Manufacture of furniture,Manufacture of furniture,Manufacturing,C_31_310_3102
Manufacture of furniture; manufacturing n.e.c. (36),Manufacture of kitchen furniture,C,31.02,Manufacture of furniture,Manufacture of furniture,Manufacture of furniture,Manufacturing,C_31_310_3100,Manufacture of other furniture,Manufacture of furniture,Manufacture of furniture,Manufacturing,C_31_310_3102
Manufacture of furniture; manufacturing n.e.c. (36),Manufacture of mattresses,C,31.03,Manufacture of furniture,Manufacture of furniture,Manufacture of furniture,Manufacturing,C_31_310_3100,Manufacture of other furniture,Manufacture of furniture,Manufacture of furniture,Manufacturing,C_31_310_3102
Manufacture of furniture; manufacturing n.e.c. (36),Manufacture of other furniture,C,31.09,Manufacture of furniture,Manufacture of furniture,Manufacture of furniture,Manufacturing,C_31_310_3100,Manufacture of other furniture,Manufacture of furniture,Manufacture of furniture,Manufacturing,C_31_310_3102
Manufacture of machinery and equipment n.e.c. (29),Manufacture of non-domestic cooling and ventilation equipment,C,28.25,Manufacture of other general-purpose machinery,Manufacture of general-purpose machinery,Manufacture of machinery and equipment n.e.c.,Manufacturing,C_28_281_2819,Manufacture of other general-purpose machinery,Manufacture of general-purpose machinery,Manufacture of machinery and equipment n.e.c.,Manufacturing,C_28_281_2819
Manufacture of machinery and equipment n.e.c. (29),Manufacture of other general-purpose machinery n.e.c.,C,28.29,Manufacture of other general-purpose machinery,Manufacture of general-purpose machinery,Manufacture of machinery and equipment n.e.c.,Manufacturing,C_28_281_2819,Manufacture of other general-purpose machinery,Manufacture of general-purpose machinery,Manufacture of machinery and equipment n.e.c.,Manufacturing,C_28_281_2819
"Manufacture of medical, precision and optical instruments, watches and clocks (33)",Manufacture of other general-purpose machinery n.e.c.,C,28.29,Manufacture of other general-purpose machinery,Manufacture of general-purpose machinery,Manufacture of machinery and equipment n.e.c.,Manufacturing,C_28_281_2819,Manufacture of other general-purpose machinery,Manufacture of general-purpose machinery,Manufacture of machinery and equipment n.e.c.,Manufacturing,C_28_281_2819
Manufacture of other non-metallic mineral products n.e.c.,Production of abrasive products,C,23.91,Manufacture of other non-metallic mineral products n.e.c.,Manufacture of non-metallic mineral products n.e.c.,Manufacture of other non-metallic mineral products,Manufacturing,C_23_239_2399,Manufacture of other non-metallic mineral products n.e.c.,Manufacture of non-metallic mineral products n.e.c.,Manufacture of other non-metallic mineral products,Manufacturing,C_23_239_2399
Manufacture of other non-metallic mineral products n.e.c.,Manufacture of other non-metallic mineral products n.e.c.,C,23.99,Manufacture of other non-metallic mineral products n.e.c.,Manufacture of non-metallic mineral products n.e.c.,Manufacture of other non-metallic mineral products,Manufacturing,C_23_239_2399,Manufacture of other non-metallic mineral products n.e.c.,Manufacture of non-metallic mineral products n.e.c.,Manufacture of other non-metallic mineral products,Manufacturing,C_23_239_2399
Manufacture of ceramic goods,Manufacture of ceramic household and ornamental articles,C,23.41,Manufacture of other porcelain and ceramic products,Manufacture of non-metallic mineral products n.e.c.,Manufacture of other non-metallic mineral products,Manufacturing,C_23_239_2393,Manufacture of other porcelain and ceramic products,Manufacture of non-metallic mineral products n.e.c.,Manufacture of other non-metallic mineral products,Manufacturing,C_23_239_2393
Manufacture of ceramic goods,Manufacture of ceramic sanitary fixtures,C,23.42,Manufacture of other porcelain and ceramic products,Manufacture of non-metallic mineral products n.e.c.,Manufacture of other non-metallic mineral products,Manufacturing,C_23_239_2393,Manufacture of other porcelain and ceramic products,Manufacture of non-metallic mineral products n.e.c.,Manufacture of other non-metallic mineral products,Manufacturing,C_23_239_2393
Manufacture of ceramic goods,Manufacture of ceramic insulators and insulating fittings,C,23.43,Manufacture of other porcelain and ceramic products,Manufacture of non-metallic mineral products n.e.c.,Manufacture of other non-metallic mineral products,Manufacturing,C_23_239_2393,Manufacture of other porcelain and ceramic products,Manufacture of non-metallic mineral products n.e.c.,Manufacture of other non-metallic mineral products,Manufacturing,C_23_239_2393
Manufacture of ceramic goods,Manufacture of other technical ceramic products,C,23.44,Manufacture of other porcelain and ceramic products,Manufacture of non-metallic mineral products n.e.c.,Manufacture of other non-metallic mineral products,Manufacturing,C_23_239_2393,Manufacture of other porcelain and ceramic products,Manufacture of non-metallic mineral products n.e.c.,Manufacture of other non-metallic mineral products,Manufacturing,C_23_239_2393
Manufacture of ceramic goods,Manufacture of other ceramic products,C,23.49,Manufacture of other porcelain and ceramic products,Manufacture of non-metallic mineral products n.e.c.,Manufacture of other non-metallic mineral products,Manufacturing,C_23_239_2393,Manufacture of other porcelain and ceramic products,Manufacture of non-metallic mineral products n.e.c.,Manufacture of other non-metallic mineral products,Manufacturing,C_23_239_2393
"Manufacture of wood and of products of wood and cork, except furniture; manufacture of articles of straw and plaiting materials (20)","Manufacture of other products of wood; manufacture of articles of cork, straw and plaiting materials",C,16.29,"Manufacture of other products of wood; manufacture of articles of cork, straw and plaiting materials","Manufacture of products of wood, cork, straw and plaiting materials","Manufacture of wood and of products of wood and cork, except furniture; manufacture of articles of straw and plaiting materials",Manufacturing,C_16_162_1629,"Manufacture of other products of wood; manufacture of articles of cork, straw and plaiting materials","Manufacture of products of wood, cork, straw and plaiting materials","Manufacture of wood and of products of wood and cork, except furniture; manufacture of articles of straw and plaiting materials",Manufacturing,C_16_162_1629
Re-processing of secondary wood material into new wood material,"Manufacture of other products of wood; manufacture of articles of cork, straw and plaiting materials",C,16.29,"Manufacture of other products of wood; manufacture of articles of cork, straw and plaiting materials","Manufacture of products of wood, cork, straw and plaiting materials","Manufacture of wood and of products of wood and cork, except furniture; manufacture of articles of straw and plaiting materials",Manufacturing,C_16_162_1629,"Manufacture of other products of wood; manufacture of articles of cork, straw and plaiting materials","Manufacture of products of wood, cork, straw and plaiting materials","Manufacture of wood and of products of wood and cork, except furniture; manufacture of articles of straw and plaiting materials",Manufacturing,C_16_162_1629
Manufacture of machinery and equipment n.e.c. (29),Manufacture of other pumps and compressors,C,28.13,"Manufacture of other pumps, compressors, taps and valves",Manufacture of general-purpose machinery,Manufacture of machinery and equipment n.e.c.,Manufacturing,C_28_281_2813,"Manufacture of other pumps, compressors, taps and valves",Manufacture of general-purpose machinery,Manufacture of machinery and equipment n.e.c.,Manufacturing,C_28_281_2813
Manufacture of machinery and equipment n.e.c. (29),Manufacture of other taps and valves,C,28.14,"Manufacture of other pumps, compressors, taps and valves",Manufacture of general-purpose machinery,Manufacture of machinery and equipment n.e.c.,Manufacturing,C_28_281_2813,"Manufacture of other pumps, compressors, taps and valves",Manufacture of general-purpose machinery,Manufacture of machinery and equipment n.e.c.,Manufacturing,C_28_281_2813
Manufacture of rubber and plastic products (25),Manufacture of other rubber products,C,22.19,Manufacture of other rubber products,Manufacture of rubber products,Manufacture of rubber and plastics products,Manufacturing,C_22_221_2219,Manufacture of other rubber products,Manufacture of rubber products,Manufacture of rubber and plastic products,Manufacturing,C_22_221_2219
Manufacture of machinery and equipment n.e.c. (29),Manufacture of machinery for paper and paperboard production,C,28.95,Manufacture of other special-purpose machinery,Manufacture of special-purpose machinery,Manufacture of machinery and equipment n.e.c.,Manufacturing,C_28_282_2829,Manufacture of other special-purpose machinery,Manufacture of special-purpose machinery,Manufacture of machinery and equipment n.e.c.,Manufacturing,C_28_282_2829
Manufacture of machinery and equipment n.e.c. (29),Manufacture of plastics and rubber machinery,C,28.96,Manufacture of other special-purpose machinery,Manufacture of special-purpose machinery,Manufacture of machinery and equipment n.e.c.,Manufacturing,C_28_282_2829,Manufacture of other special-purpose machinery,Manufacture of special-purpose machinery,Manufacture of machinery and equipment n.e.c.,Manufacturing,C_28_282_2829
Manufacture of electrical machinery and apparatus n.e.c. (31),Manufacture of other special-purpose machinery n.e.c.,C,28.99,Manufacture of other special-purpose machinery,Manufacture of special-purpose machinery,Manufacture of machinery and equipment n.e.c.,Manufacturing,C_28_282_2829,Manufacture of other special-purpose machinery,Manufacture of special-purpose machinery,Manufacture of machinery and equipment n.e.c.,Manufacturing,C_28_282_2829
Manufacture of machinery and equipment n.e.c. (29),Manufacture of other special-purpose machinery n.e.c.,C,28.99,Manufacture of other special-purpose machinery,Manufacture of special-purpose machinery,Manufacture of machinery and equipment n.e.c.,Manufacturing,C_28_282_2829,Manufacture of other special-purpose machinery,Manufacture of special-purpose machinery,Manufacture of machinery and equipment n.e.c.,Manufacturing,C_28_282_2829
Manufacture of textiles (17),"Manufacture of non-wovens and articles made from non-wovens, except apparel",C,13.95,Manufacture of other textiles n.e.c.,Manufacture of other textiles,Manufacture of textiles,Manufacturing,C_13_139_1399,Manufacture of other textiles n.e.c.,Manufacture of other textiles,Manufacture of textiles,Manufacturing,C_13_139_1399
Manufacture of textiles (17),Manufacture of other technical and industrial textiles,C,13.96,Manufacture of other textiles n.e.c.,Manufacture of other textiles,Manufacture of textiles,Manufacturing,C_13_139_1399,Manufacture of other textiles n.e.c.,Manufacture of other textiles,Manufacture of textiles,Manufacturing,C_13_139_1399
Manufacture of textiles (17),Manufacture of other textiles n.e.c.,C,13.99,Manufacture of other textiles n.e.c.,Manufacture of other textiles,Manufacture of textiles,Manufacturing,C_13_139_1399,Manufacture of other textiles n.e.c.,Manufacture of other textiles,Manufacture of textiles,Manufacturing,C_13_139_1399
Manufacture of other transport equipment (35),Manufacture of other transport equipment n.e.c.,C,30.99,Manufacture of other transport equipment n.e.c.,Manufacture of transport equipment n.e.c.,Manufacture of other transport equipment,Manufacturing,C_30_309_3099,Manufacture of other transport equipment n.e.c.,Manufacture of transport equipment n.e.c.,Manufacture of other transport equipment,Manufacturing,C_30_309_3099
Manufacture of machinery and equipment n.e.c. (29),"Manufacture of ovens, furnaces and furnace burners",C,28.21,"Manufacture of ovens, furnaces and furnace burners",Manufacture of general-purpose machinery,Manufacture of machinery and equipment n.e.c.,Manufacturing,C_28_281_2815,"Manufacture of ovens, furnaces and permanent household heating equipment",Manufacture of general-purpose machinery,Manufacture of machinery and equipment n.e.c.,Manufacturing,C_28_281_2815
Chemicals nec,"Manufacture of paints, varnishes and similar coatings, printing ink and mastics",C,20.3,"Manufacture of paints, varnishes and similar coatings, printing ink and mastics",Manufacture of other chemical products,Manufacture of chemicals and chemical products,Manufacturing,C_20_202_2022,"Manufacture of paints, varnishes and similar coatings, printing ink and mastics",Manufacture of other chemical products,Manufacture of chemicals and chemical products,Manufacturing,C_20_202_2022
Manufacture of electrical machinery and apparatus n.e.c. (31),Manufacture of electrical and electronic equipment for motor vehicles,C,29.31,Manufacture of parts and accessories for motor vehicles,Manufacture of parts and accessories for motor vehicles,"Manufacture of motor vehicles, trailers and semi-trailers",Manufacturing,C_29_293_2930,Manufacture of parts and accessories for motor vehicles,Manufacture of parts and accessories for motor vehicles,"Manufacture of motor vehicles, trailers and semi-trailers",Manufacturing,C_29_293_2930
"Manufacture of motor vehicles, trailers and semi-trailers (34)",Manufacture of other parts and accessories for motor vehicles,C,29.32,Manufacture of parts and accessories for motor vehicles,Manufacture of parts and accessories for motor vehicles,"Manufacture of motor vehicles, trailers and semi-trailers",Manufacturing,C_29_293_2930,Manufacture of parts and accessories for motor vehicles,Manufacture of parts and accessories for motor vehicles,"Manufacture of motor vehicles, trailers and semi-trailers",Manufacturing,C_29_293_2930
Chemicals nec,Manufacture of pesticides and other agrochemical products,C,20.2,Manufacture of pesticides and other agrochemical products,Manufacture of other chemical products,Manufacture of chemicals and chemical products,Manufacturing,C_20_202_2021,Manufacture of pesticides and other agrochemical products,Manufacture of other chemical products,Manufacture of chemicals and chemical products,Manufacturing,C_20_202_2021
Chemicals nec,Manufacture of basic pharmaceutical products,C,21.1,"Manufacture of pharmaceuticals, medicinal chemical and botanical products","Manufacture of pharmaceuticals, medicinal chemical and botanical products",Manufacture of basic pharmaceutical products and pharmaceutical preparations,Manufacturing,C_21_210_2100,"Manufacture of pharmaceuticals, medicinal chemical and botanical products","Manufacture of pharmaceuticals, medicinal chemical and botanical products",Manufacture of basic pharmaceutical products and pharmaceutical preparations,Manufacturing,C_21_210_2100
Chemicals nec,Manufacture of pharmaceutical preparations,C,21.2,"Manufacture of pharmaceuticals, medicinal chemical and botanical products","Manufacture of pharmaceuticals, medicinal chemical and botanical products",Manufacture of basic pharmaceutical products and pharmaceutical preparations,Manufacturing,C_21_210_2100,"Manufacture of pharmaceuticals, medicinal chemical and botanical products","Manufacture of pharmaceuticals, medicinal chemical and botanical products",Manufacture of basic pharmaceutical products and pharmaceutical preparations,Manufacturing,C_21_210_2100
"Plastics, basic",Manufacture of plastics in primary forms,C,20.16,Manufacture of plastics and synthetic rubber in primary forms,"Manufacture of basic chemicals, fertilizers and nitrogen compounds, plastics and synthetic rubber in primary forms",Manufacture of chemicals and chemical products,Manufacturing,C_20_201_2013,Manufacture of plastics and synthetic rubber in primary forms,"Manufacture of basic chemicals, fertilizers and nitrogen compounds, plastics and synthetic rubber in primary forms",Manufacture of chemicals and chemical products,Manufacturing,C_20_201_2013
Re-processing of secondary plastic into new plastic,Manufacture of plastics in primary forms,C,20.16,Manufacture of plastics and synthetic rubber in primary forms,"Manufacture of basic chemicals, fertilizers and nitrogen compounds, plastics and synthetic rubber in primary forms",Manufacture of chemicals and chemical products,Manufacturing,C_20_201_2013,Manufacture of plastics and synthetic rubber in primary forms,"Manufacture of basic chemicals, fertilizers and nitrogen compounds, plastics and synthetic rubber in primary forms",Manufacture of chemicals and chemical products,Manufacturing,C_20_201_2013
"Plastics, basic",Manufacture of synthetic rubber in primary forms,C,20.17,Manufacture of plastics and synthetic rubber in primary forms,"Manufacture of basic chemicals, fertilizers and nitrogen compounds, plastics and synthetic rubber in primary forms",Manufacture of chemicals and chemical products,Manufacturing,C_20_201_2013,Manufacture of plastics and synthetic rubber in primary forms,"Manufacture of basic chemicals, fertilizers and nitrogen compounds, plastics and synthetic rubber in primary forms",Manufacture of chemicals and chemical products,Manufacturing,C_20_201_2013
Re-processing of secondary plastic into new plastic,Manufacture of synthetic rubber in primary forms,C,20.17,Manufacture of plastics and synthetic rubber in primary forms,"Manufacture of basic chemicals, fertilizers and nitrogen compounds, plastics and synthetic rubber in primary forms",Manufacture of chemicals and chemical products,Manufacturing,C_20_201_2013,Manufacture of plastics and synthetic rubber in primary forms,"Manufacture of basic chemicals, fertilizers and nitrogen compounds, plastics and synthetic rubber in primary forms",Manufacture of chemicals and chemical products,Manufacturing,C_20_201_2013
Manufacture of rubber and plastic products (25),"Manufacture of plastic plates, sheets, tubes and profiles",C,22.21,Manufacture of plastics products,Manufacture of plastics products,Manufacture of rubber and plastics products,Manufacturing,C_22_222_2220,Manufacture of plastics products,Manufacture of plastics products,Manufacture of rubber and plastic products,Manufacturing,C_22_222_2220
Manufacture of rubber and plastic products (25),Manufacture of plastic packing goods,C,22.22,Manufacture of plastics products,Manufacture of plastics products,Manufacture of rubber and plastics products,Manufacturing,C_22_222_2220,Manufacture of plastics products,Manufacture of plastics products,Manufacture of rubber and plastic products,Manufacturing,C_22_222_2220
Manufacture of rubber and plastic products (25),Manufacture of builders' ware of plastic,C,22.23,Manufacture of plastics products,Manufacture of plastics products,Manufacture of rubber and plastics products,Manufacturing,C_22_222_2220,Manufacture of plastics products,Manufacture of plastics products,Manufacture of rubber and plastic products,Manufacturing,C_22_222_2220
Manufacture of rubber and plastic products (25),Manufacture of other plastic products,C,22.29,Manufacture of plastics products,Manufacture of plastics products,Manufacture of rubber and plastics products,Manufacturing,C_22_222_2220,Manufacture of plastics products,Manufacture of plastics products,Manufacture of rubber and plastic products,Manufacturing,C_22_222_2220
Manufacture of machinery and equipment n.e.c. (29),Manufacture of power-driven hand tools,C,28.24,Manufacture of power-driven hand tools,Manufacture of general-purpose machinery,Manufacture of machinery and equipment n.e.c.,Manufacturing,C_28_281_2818,Manufacture of power-driven hand tools,Manufacture of general-purpose machinery,Manufacture of machinery and equipment n.e.c.,Manufacturing,C_28_281_2818
Processing of Food products nec,Manufacture of prepared feeds for farm animals,C,10.91,Manufacture of prepared animal feeds,Manufacture of prepared animal feeds,Manufacture of food products,Manufacturing,C_10_108_1080,Manufacture of prepared animal feeds,Manufacture of prepared animal feeds,Manufacture of food products,Manufacturing,C_10_108_1080
Processing of Food products nec,Manufacture of prepared pet foods,C,10.92,Manufacture of prepared animal feeds,Manufacture of prepared animal feeds,Manufacture of food products,Manufacturing,C_10_108_1080,Manufacture of prepared animal feeds,Manufacture of prepared animal feeds,Manufacture of food products,Manufacturing,C_10_108_1080
Processing of Food products nec,Manufacture of prepared meals and dishes,C,10.85,Manufacture of prepared meals and dishes,Manufacture of other food products,Manufacture of food products,Manufacturing,C_10_107_1075,Manufacture of prepared meals and dishes,Manufacture of other food products,Manufacture of food products,Manufacturing,C_10_107_1075
Pulp,Manufacture of pulp,C,17.11,"Manufacture of pulp, paper and paperboard",Manufacture of paper and paper products,Manufacture of paper and paper products,Manufacturing,C_17_170_1701,"Manufacture of pulp, paper and paperboard",Manufacture of paper and paper products,Manufacture of paper and paper products,Manufacturing,C_17_170_1701
Re-processing of secondary paper into new pulp,Manufacture of pulp,C,17.11,"Manufacture of pulp, paper and paperboard",Manufacture of paper and paper products,Manufacture of paper and paper products,Manufacturing,C_17_170_1701,"Manufacture of pulp, paper and paperboard",Manufacture of paper and paper products,Manufacture of paper and paper products,Manufacturing,C_17_170_1701
Pulp,Manufacture of paper and paperboard,C,17.12,"Manufacture of pulp, paper and paperboard",Manufacture of paper and paper products,Manufacture of paper and paper products,Manufacturing,C_17_170_1701,"Manufacture of pulp, paper and paperboard",Manufacture of paper and paper products,Manufacture of paper and paper products,Manufacturing,C_17_170_1701
Re-processing of secondary paper into new pulp,Manufacture of paper and paperboard,C,17.12,"Manufacture of pulp, paper and paperboard",Manufacture of paper and paper products,Manufacture of paper and paper products,Manufacturing,C_17_170_1701,"Manufacture of pulp, paper and paperboard",Manufacture of paper and paper products,Manufacture of paper and paper products,Manufacturing,C_17_170_1701
Manufacture of other transport equipment (35),Manufacture of railway locomotives and rolling stock,C,30.2,Manufacture of railway locomotives and rolling stock,Manufacture of railway locomotives and rolling stock,Manufacture of other transport equipment,Manufacturing,C_30_302_3020,Manufacture of railway locomotives and rolling stock,Manufacture of railway locomotives and rolling stock,Manufacture of other transport equipment,Manufacturing,C_30_302_3020
Petroleum Refinery,Manufacture of refined petroleum products,C,19.2,Manufacture of refined petroleum products,Manufacture of refined petroleum products,Manufacture of coke and refined petroleum products,Manufacturing,C_19_192_1920,Manufacture of refined petroleum products; manufacture of fossil fuel products,Manufacture of refined petroleum products; manufacture of fossil fuel products,Manufacture of coke and refined petroleum products,Manufacturing,C_19_192_1920
Manufacture of ceramic goods,Manufacture of refractory products,C,23.2,Manufacture of refractory products,Manufacture of non-metallic mineral products n.e.c.,Manufacture of other non-metallic mineral products,Manufacturing,C_23_239_2391,Manufacture of refractory products,Manufacture of non-metallic mineral products n.e.c.,Manufacture of other non-metallic mineral products,Manufacturing,C_23_239_2391
Manufacture of rubber and plastic products (25),Manufacture of rubber tyres and tubes; retreading and rebuilding of rubber tyres,C,22.11,Manufacture of rubber tyres and tubes; retreading and rebuilding of rubber tyres,Manufacture of rubber products,Manufacture of rubber and plastics products,Manufacturing,C_22_221_2211,Manufacture of rubber tyres and tubes; retreading and rebuilding of rubber tyres,Manufacture of rubber products,Manufacture of rubber and plastic products,Manufacturing,C_22_221_2211
Chemicals nec,Manufacture of perfumes and toilet preparations,C,20.42,"Manufacture of soap and detergents, cleaning and polishing preparations, perfumes and toilet preparations",Manufacture of other chemical products,Manufacture of chemicals and chemical products,Manufacturing,C_20_202_2023,"Manufacture of soap and detergents, cleaning and polishing preparations, perfumes and toilet preparations",Manufacture of other chemical products,Manufacture of chemicals and chemical products,Manufacturing,C_20_202_2023
Chemicals nec,"Manufacture of soap and detergents, cleaning and polishing preparations",C,20.41,"Manufacture of soap and detergents, cleaning and polishing preparations, perfumes and toilet preparations",Manufacture of other chemical products,Manufacture of chemicals and chemical products,Manufacturing,C_20_202_2023,"Manufacture of soap and detergents, cleaning and polishing preparations, perfumes and toilet preparations",Manufacture of other chemical products,Manufacture of chemicals and chemical products,Manufacturing,C_20_202_2023
Manufacture of beverages,Manufacture of soft drinks; production of mineral waters and other bottled waters,C,11.07,Manufacture of soft drinks; production of mineral waters and other bottled waters,Manufacture of beverages,Manufacture of beverages,Manufacturing,C_11_110_1104,Manufacture of soft drinks; production of mineral waters and other bottled waters,Manufacture of beverages,Manufacture of beverages,Manufacturing,C_11_110_1105
Manufacture of electrical machinery and apparatus n.e.c. (31),Manufacture of electronic components,C,26.11,Manufacture of electronic components and boards,Manufacture of electronic components and boards,"Manufacture of computer, electronic and optical products",Manufacturing,C_26_261_2610,"Manufacture of solar cells, solar panels and photovoltaic inverters",Manufacture of electronic components and boards,"Manufacture of computer, electronic and optical products",Manufacturing,C_26_261_2611
"Manufacture of radio, television and communication equipment and apparatus (32)",Manufacture of electronic components,C,26.11,Manufacture of electronic components and boards,Manufacture of electronic components and boards,"Manufacture of computer, electronic and optical products",Manufacturing,C_26_261_2610,"Manufacture of solar cells, solar panels and photovoltaic inverters",Manufacture of electronic components and boards,"Manufacture of computer, electronic and optical products",Manufacturing,C_26_261_2611
"Manufacture of radio, television and communication equipment and apparatus (32)",Manufacture of loaded electronic boards,C,26.12,Manufacture of electronic components and boards,Manufacture of electronic components and boards,"Manufacture of computer, electronic and optical products",Manufacturing,C_26_261_2610,"Manufacture of solar cells, solar panels and photovoltaic inverters",Manufacture of electronic components and boards,"Manufacture of computer, electronic and optical products",Manufacturing,C_26_261_2611
Manufacture of furniture; manufacturing n.e.c. (36),Manufacture of sports goods,C,32.3,Manufacture of sports goods,Manufacture of sports goods,Other manufacturing,Manufacturing,C_32_323_3230,Manufacture of sports goods,Manufacture of sports goods,Other manufacturing,Manufacturing,C_32_323_3230
Processed rice,Manufacture of starches and starch products,C,10.62,Manufacture of starches and starch products,"Manufacture of grain mill products, starches and starch products",Manufacture of food products,Manufacturing,C_10_106_1062,Manufacture of starches and starch products,"Manufacture of grain mill products, starches and starch products",Manufacture of food products,Manufacturing,C_10_106_1062
Processing of Food products nec,Manufacture of starches and starch products,C,10.62,Manufacture of starches and starch products,"Manufacture of grain mill products, starches and starch products",Manufacture of food products,Manufacturing,C_10_106_1062,Manufacture of starches and starch products,"Manufacture of grain mill products, starches and starch products",Manufacture of food products,Manufacturing,C_10_106_1062
"Manufacture of fabricated metal products, except machinery and equipment (28)","Manufacture of steam generators, except central heating hot water boilers",C,25.3,"Manufacture of steam generators, except central heating hot water boilers","Manufacture of structural metal products, tanks, reservoirs and steam generators","Manufacture of fabricated metal products, except machinery and equipment",Manufacturing,C_25_251_2513,"Manufacture of steam generators, except central heating hot water boilers","Manufacture of structural metal products, tanks, reservoirs and steam generators","Manufacture of fabricated metal products, except machinery and equipment",Manufacturing,C_25_251_2513
"Manufacture of fabricated metal products, except machinery and equipment (28)",Manufacture of metal structures and parts of structures,C,25.11,Manufacture of structural metal products,"Manufacture of structural metal products, tanks, reservoirs and steam generators","Manufacture of fabricated metal products, except machinery and equipment",Manufacturing,C_25_251_2511,Manufacture of structural metal products,"Manufacture of structural metal products, tanks, reservoirs and steam generators","Manufacture of fabricated metal products, except machinery and equipment",Manufacturing,C_25_251_2511
"Manufacture of fabricated metal products, except machinery and equipment (28)",Manufacture of doors and windows of metal,C,25.12,Manufacture of structural metal products,"Manufacture of structural metal products, tanks, reservoirs and steam generators","Manufacture of fabricated metal products, except machinery and equipment",Manufacturing,C_25_251_2511,Manufacture of structural metal products,"Manufacture of structural metal products, tanks, reservoirs and steam generators","Manufacture of fabricated metal products, except machinery and equipment",Manufacturing,C_25_251_2511
Sugar refining,Manufacture of sugar,C,10.81,Manufacture of sugar,Manufacture of other food products,Manufacture of food products,Manufacturing,C_10_107_1072,Manufacture of sugar,Manufacture of other food products,Manufacture of food products,Manufacturing,C_10_107_1072
"Manufacture of fabricated metal products, except machinery and equipment (28)",Manufacture of central heating radiators and boilers,C,25.21,"Manufacture of tanks, reservoirs and containers of metal","Manufacture of structural metal products, tanks, reservoirs and steam generators","Manufacture of fabricated metal products, except machinery and equipment",Manufacturing,C_25_251_2512,"Manufacture of tanks, reservoirs and containers of metal","Manufacture of structural metal products, tanks, reservoirs and steam generators","Manufacture of fabricated metal products, except machinery and equipment",Manufacturing,C_25_251_2512
"Manufacture of fabricated metal products, except machinery and equipment (28)","Manufacture of other tanks, reservoirs and containers of metal",C,25.29,"Manufacture of tanks, reservoirs and containers of metal","Manufacture of structural metal products, tanks, reservoirs and steam generators","Manufacture of fabricated metal products, except machinery and equipment",Manufacturing,C_25_251_2512,"Manufacture of tanks, reservoirs and containers of metal","Manufacture of structural metal products, tanks, reservoirs and steam generators","Manufacture of fabricated metal products, except machinery and equipment",Manufacturing,C_25_251_2512
Manufacture of tobacco products (16),Manufacture of tobacco products,C,12,Manufacture of tobacco products,Manufacture of tobacco products,Manufacture of tobacco products,Manufacturing,C_12_120_1200,Manufacture of tobacco products,Manufacture of tobacco products,Manufacture of tobacco products,Manufacturing,C_12_120_1200
Processing vegetable oils and fats,Manufacture of oils and fats,C,10.41,Manufacture of vegetable and animal oils and fats,Manufacture of vegetable and animal oils and fats,Manufacture of food products,Manufacturing,C_10_104_1040,Manufacture of vegetable and animal oils and fats,Manufacture of vegetable and animal oils and fats,Manufacture of food products,Manufacturing,C_10_104_1040
Processing vegetable oils and fats,Manufacture of margarine and similar edible fats,C,10.42,Manufacture of vegetable and animal oils and fats,Manufacture of vegetable and animal oils and fats,Manufacture of food products,Manufacturing,C_10_104_1040,Manufacture of vegetable and animal oils and fats,Manufacture of vegetable and animal oils and fats,Manufacture of food products,Manufacturing,C_10_104_1040
"Manufacture of wood and of products of wood and cork, except furniture; manufacture of articles of straw and plaiting materials (20)",Manufacture of veneer sheets and wood-based panels,C,16.21,Manufacture of veneer sheets and wood-based panels,"Manufacture of products of wood, cork, straw and plaiting materials","Manufacture of wood and of products of wood and cork, except furniture; manufacture of articles of straw and plaiting materials",Manufacturing,C_16_162_1621,Manufacture of veneer sheets and wood-based panels,"Manufacture of products of wood, cork, straw and plaiting materials","Manufacture of wood and of products of wood and cork, except furniture; manufacture of articles of straw and plaiting materials",Manufacturing,C_16_162_1621
Re-processing of secondary wood material into new wood material,Manufacture of veneer sheets and wood-based panels,C,16.21,Manufacture of veneer sheets and wood-based panels,"Manufacture of products of wood, cork, straw and plaiting materials","Manufacture of wood and of products of wood and cork, except furniture; manufacture of articles of straw and plaiting materials",Manufacturing,C_16_162_1621,Manufacture of veneer sheets and wood-based panels,"Manufacture of products of wood, cork, straw and plaiting materials","Manufacture of wood and of products of wood and cork, except furniture; manufacture of articles of straw and plaiting materials",Manufacturing,C_16_162_1621
"Manufacture of medical, precision and optical instruments, watches and clocks (33)",Manufacture of watches and clocks,C,26.52,Manufacture of watches and clocks,"Manufacture of measuring, testing, navigating and control equipment; watches and clocks","Manufacture of computer, electronic and optical products",Manufacturing,C_26_265_2652,Manufacture of watches and clocks,"Manufacture of measuring, testing, navigating and control equipment; watches and clocks","Manufacture of computer, electronic and optical products",Manufacturing,C_26_265_2652
Manufacture of other transport equipment (35),Manufacture of air and spacecraft and related machinery,C,30.3,Manufacture of air and spacecraft and related machinery,Manufacture of air and spacecraft and related machinery,Manufacture of other transport equipment,Manufacturing,C_30_303_3030,Manufacture of weapons and ammunition,Manufacture of weapons and ammunition,"Manufacture of fabricated metal products, except machinery and equipment",Manufacturing,C_25_252_2520
Manufacture of machinery and equipment n.e.c. (29),Manufacture of weapons and ammunition,C,25.4,Manufacture of weapons and ammunition,Manufacture of weapons and ammunition,"Manufacture of fabricated metal products, except machinery and equipment",Manufacturing,C_25_252_2520,Manufacture of weapons and ammunition,Manufacture of weapons and ammunition,"Manufacture of fabricated metal products, except machinery and equipment",Manufacturing,C_25_252_2520
Manufacture of wearing apparel; dressing and dyeing of fur (18),Manufacture of leather clothes,C,14.11,"Manufacture of wearing apparel, except fur apparel","Manufacture of wearing apparel, except fur apparel",Manufacture of wearing apparel,Manufacturing,C_14_141_1410,"Manufacture of wearing apparel, except fur apparel","Manufacture of wearing apparel, except fur apparel",Manufacture of wearing apparel,Manufacturing,C_14_141_1410
Manufacture of wearing apparel; dressing and dyeing of fur (18),Manufacture of workwear,C,14.12,"Manufacture of wearing apparel, except fur apparel","Manufacture of wearing apparel, except fur apparel",Manufacture of wearing apparel,Manufacturing,C_14_141_1410,"Manufacture of wearing apparel, except fur apparel","Manufacture of wearing apparel, except fur apparel",Manufacture of wearing apparel,Manufacturing,C_14_141_1410
Manufacture of wearing apparel; dressing and dyeing of fur (18),Manufacture of other outerwear,C,14.13,"Manufacture of wearing apparel, except fur apparel","Manufacture of wearing apparel, except fur apparel",Manufacture of wearing apparel,Manufacturing,C_14_141_1410,"Manufacture of wearing apparel, except fur apparel","Manufacture of wearing apparel, except fur apparel",Manufacture of wearing apparel,Manufacturing,C_14_141_1410
Manufacture of wearing apparel; dressing and dyeing of fur (18),Manufacture of underwear,C,14.14,"Manufacture of wearing apparel, except fur apparel","Manufacture of wearing apparel, except fur apparel",Manufacture of wearing apparel,Manufacturing,C_14_141_1410,"Manufacture of wearing apparel, except fur apparel","Manufacture of wearing apparel, except fur apparel",Manufacture of wearing apparel,Manufacturing,C_14_141_1410
Manufacture of wearing apparel; dressing and dyeing of fur (18),Manufacture of other wearing apparel and accessories,C,14.19,"Manufacture of wearing apparel, except fur apparel","Manufacture of wearing apparel, except fur apparel",Manufacture of wearing apparel,Manufacturing,C_14_141_1410,"Manufacture of wearing apparel, except fur apparel","Manufacture of wearing apparel, except fur apparel",Manufacture of wearing apparel,Manufacturing,C_14_141_1410
Manufacture of beverages,Manufacture of wine from grape,C,11.02,Manufacture of wines,Manufacture of beverages,Manufacture of beverages,Manufacturing,C_11_110_1102,Manufacture of wines,Manufacture of beverages,Manufacture of beverages,Manufacturing,C_11_110_1102
Manufacture of beverages,Manufacture of cider and other fruit wines,C,11.03,Manufacture of wines,Manufacture of beverages,Manufacture of beverages,Manufacturing,C_11_110_1102,Manufacture of wines,Manufacture of beverages,Manufacture of beverages,Manufacturing,C_11_110_1102
Manufacture of beverages,Manufacture of other non-distilled fermented beverages,C,11.04,Manufacture of wines,Manufacture of beverages,Manufacture of beverages,Manufacturing,C_11_110_1102,Manufacture of wines,Manufacture of beverages,Manufacture of beverages,Manufacturing,C_11_110_1102
Manufacture of electrical machinery and apparatus n.e.c. (31),Manufacture of wiring devices,C,27.33,Manufacture of wiring devices,Manufacture of wiring and wiring devices,Manufacture of electrical equipment,Manufacturing,C_27_273_2733,Manufacture of wiring devices,Manufacture of wiring and wiring devices,Manufacture of electrical equipment,Manufacturing,C_27_273_2733
"Manufacture of wood and of products of wood and cork, except furniture; manufacture of articles of straw and plaiting materials (20)",Manufacture of wooden containers,C,16.24,Manufacture of wooden containers,"Manufacture of products of wood, cork, straw and plaiting materials","Manufacture of wood and of products of wood and cork, except furniture; manufacture of articles of straw and plaiting materials",Manufacturing,C_16_162_1623,Manufacture of wooden containers,"Manufacture of products of wood, cork, straw and plaiting materials","Manufacture of wood and of products of wood and cork, except furniture; manufacture of articles of straw and plaiting materials",Manufacturing,C_16_162_1623
Re-processing of secondary wood material into new wood material,Manufacture of wooden containers,C,16.24,Manufacture of wooden containers,"Manufacture of products of wood, cork, straw and plaiting materials","Manufacture of wood and of products of wood and cork, except furniture; manufacture of articles of straw and plaiting materials",Manufacturing,C_16_162_1623,Manufacture of wooden containers,"Manufacture of products of wood, cork, straw and plaiting materials","Manufacture of wood and of products of wood and cork, except furniture; manufacture of articles of straw and plaiting materials",Manufacturing,C_16_162_1623
Manufacture of furniture; manufacturing n.e.c. (36),Manufacture of office and shop furniture,C,31.01,Manufacture of furniture,Manufacture of furniture,Manufacture of furniture,Manufacturing,C_31_310_3100,Manufacture of wooden furniture,Manufacture of furniture,Manufacture of furniture,Manufacturing,C_31_310_3101
Manufacture of furniture; manufacturing n.e.c. (36),Manufacture of kitchen furniture,C,31.02,Manufacture of furniture,Manufacture of furniture,Manufacture of furniture,Manufacturing,C_31_310_3100,Manufacture of wooden furniture,Manufacture of furniture,Manufacture of furniture,Manufacturing,C_31_310_3101
Manufacture of furniture; manufacturing n.e.c. (36),Manufacture of mattresses,C,31.03,Manufacture of furniture,Manufacture of furniture,Manufacture of furniture,Manufacturing,C_31_310_3100,Manufacture of wooden furniture,Manufacture of furniture,Manufacture of furniture,Manufacturing,C_31_310_3101
Manufacture of furniture; manufacturing n.e.c. (36),Manufacture of other furniture,C,31.09,Manufacture of furniture,Manufacture of furniture,Manufacture of furniture,Manufacturing,C_31_310_3100,Manufacture of wooden furniture,Manufacture of furniture,Manufacture of furniture,Manufacturing,C_31_310_3101
"Fishing, operating of fish hatcheries and fish farms; service activities incidental to fishing (05)",Marine aquaculture,A,3.21,Marine aquaculture,Aquaculture,Fishing and aquaculture,"Agriculture, forestry and fishing",A_3_32_321,Marine aquaculture,Aquaculture,Fishing and aquaculture,"Agriculture, forestry and fishing",A_03_032_0321
"Fishing, operating of fish hatcheries and fish farms; service activities incidental to fishing (05)",Marine fishing,A,3.11,Marine fishing,Fishing,Fishing and aquaculture,"Agriculture, forestry and fishing",A_3_31_311,Marine fishing,Fishing,Fishing and aquaculture,"Agriculture, forestry and fishing",A_03_031_0311
Other business activities (74),Market research and public opinion polling,M,73.2,Market research and public opinion polling,Market research and public opinion polling,Advertising and market research,"Professional, scientific and technical activities",M_73_732_7320,Market research and public opinion polling activities,Market research and public opinion polling activities,"Activities of advertising, market research and public relations","Professional, scientific and technical activities",N_73_732_7320
Recycling of waste and scrap,Dismantling of wrecks,E,38.31,Materials recovery,Materials recovery,"Waste collection, treatment and disposal activities; materials recovery","Water supply; sewerage, waste management and remediation activities",E_38_383_3830,Materials and other waste recovery,Materials and other waste recovery,"Waste collection, treatment and disposal, and recovery activities","Water supply; sewerage, waste management and remediation activities",E_38_383_3830
Recycling of bottles by direct reuse,Recovery of sorted materials,E,38.32,Materials recovery,Materials recovery,"Waste collection, treatment and disposal activities; materials recovery","Water supply; sewerage, waste management and remediation activities",E_38_383_3830,Materials and other waste recovery,Materials and other waste recovery,"Waste collection, treatment and disposal, and recovery activities","Water supply; sewerage, waste management and remediation activities",E_38_383_3830
Recycling of waste and scrap,Recovery of sorted materials,E,38.32,Materials recovery,Materials recovery,"Waste collection, treatment and disposal activities; materials recovery","Water supply; sewerage, waste management and remediation activities",E_38_383_3830,Materials and other waste recovery,Materials and other waste recovery,"Waste collection, treatment and disposal, and recovery activities","Water supply; sewerage, waste management and remediation activities",E_38_383_3830
Health and social work (85),General medical practice activities,Q,86.21,Medical and dental practice activities,Medical and dental practice activities,Human health activities,Human health and social work activities,Q_86_862_8620,Medical and dental practice activities,Medical and dental practice activities,Human health activities,Human health and social work activities,R_86_862_8620
Health and social work (85),Specialist medical practice activities,Q,86.22,Medical and dental practice activities,Medical and dental practice activities,Human health activities,Human health and social work activities,Q_86_862_8620,Medical and dental practice activities,Medical and dental practice activities,Human health activities,Human health and social work activities,R_86_862_8620
Health and social work (85),Dental practice activities,Q,86.23,Medical and dental practice activities,Medical and dental practice activities,Human health activities,Human health and social work activities,Q_86_862_8620,Medical and dental practice activities,Medical and dental practice activities,Human health activities,Human health and social work activities,R_86_862_8620
"Mining of chemical and fertilizer minerals, production of salt, other mining and quarrying n.e.c.",Mining of chemical and fertiliser minerals,B,8.91,Mining of chemical and fertilizer minerals,Mining and quarrying n.e.c.,Other mining and quarrying,Mining and quarrying,B_8_89_891,Mining of chemical and fertilizer minerals,Mining and quarrying n.e.c.,Other mining and quarrying,Mining and quarrying,B_08_089_0891
Mining of coal and lignite; extraction of peat (10),Mining of hard coal,B,5.1,Mining of hard coal,Mining of hard coal,Mining of coal and lignite,Mining and quarrying,B_5_51_510,Mining of hard coal,Mining of hard coal,Mining of coal and lignite,Mining and quarrying,B_05_051_0510
Mining of iron ores,Mining of iron ores,B,7.1,Mining of iron ores,Mining of iron ores,Mining of metal ores,Mining and quarrying,B_7_71_710,Mining of iron ores,Mining of iron ores,Mining of metal ores,Mining and quarrying,B_07_071_0710
Mining of coal and lignite; extraction of peat (10),Mining of lignite,B,5.2,Mining of lignite,Mining of lignite,Mining of coal and lignite,Mining and quarrying,B_5_52_520,Mining of lignite,Mining of lignite,Mining of coal and lignite,Mining and quarrying,B_05_052_0520
Mining of aluminium ores and concentrates,Mining of other non-ferrous metal ores,B,7.29,Mining of other non-ferrous metal ores,Mining of non-ferrous metal ores,Mining of metal ores,Mining and quarrying,B_7_72_729,Mining of other non-ferrous metal ores,Mining of non-ferrous metal ores,Mining of metal ores,Mining and quarrying,B_07_072_0729
Mining of copper ores and concentrates,Mining of other non-ferrous metal ores,B,7.29,Mining of other non-ferrous metal ores,Mining of non-ferrous metal ores,Mining of metal ores,Mining and quarrying,B_7_72_729,Mining of other non-ferrous metal ores,Mining of non-ferrous metal ores,Mining of metal ores,Mining and quarrying,B_07_072_0729
"Mining of lead, zinc and tin ores and concentrates",Mining of other non-ferrous metal ores,B,7.29,Mining of other non-ferrous metal ores,Mining of non-ferrous metal ores,Mining of metal ores,Mining and quarrying,B_7_72_729,Mining of other non-ferrous metal ores,Mining of non-ferrous metal ores,Mining of metal ores,Mining and quarrying,B_07_072_0729
Mining of nickel ores and concentrates,Mining of other non-ferrous metal ores,B,7.29,Mining of other non-ferrous metal ores,Mining of non-ferrous metal ores,Mining of metal ores,Mining and quarrying,B_7_72_729,Mining of other non-ferrous metal ores,Mining of non-ferrous metal ores,Mining of metal ores,Mining and quarrying,B_07_072_0729
Mining of other non-ferrous metal ores and concentrates,Mining of other non-ferrous metal ores,B,7.29,Mining of other non-ferrous metal ores,Mining of non-ferrous metal ores,Mining of metal ores,Mining and quarrying,B_7_72_729,Mining of other non-ferrous metal ores,Mining of non-ferrous metal ores,Mining of metal ores,Mining and quarrying,B_07_072_0729
Mining of precious metal ores and concentrates,Mining of other non-ferrous metal ores,B,7.29,Mining of other non-ferrous metal ores,Mining of non-ferrous metal ores,Mining of metal ores,Mining and quarrying,B_7_72_729,Mining of other non-ferrous metal ores,Mining of non-ferrous metal ores,Mining of metal ores,Mining and quarrying,B_07_072_0729
Mining of uranium and thorium ores (12),Mining of uranium and thorium ores,B,7.21,Mining of uranium and thorium ores,Mining of non-ferrous metal ores,Mining of metal ores,Mining and quarrying,B_7_72_721,Mining of uranium and thorium ores,Mining of non-ferrous metal ores,Mining of metal ores,Mining and quarrying,B_07_072_0721
Animal products nec,Mixed farming,A,1.5,Mixed farming,Mixed farming,"Crop and animal production, hunting and related service activities","Agriculture, forestry and fishing",A_1_15_150,Mixed farming,Mixed farming,"Crop and animal production, hunting and related service activities","Agriculture, forestry and fishing",A_01_015_0150
Cattle farming,Mixed farming,A,1.5,Mixed farming,Mixed farming,"Crop and animal production, hunting and related service activities","Agriculture, forestry and fishing",A_1_15_150,Mixed farming,Mixed farming,"Crop and animal production, hunting and related service activities","Agriculture, forestry and fishing",A_01_015_0150
Cultivation of cereal grains nec,Mixed farming,A,1.5,Mixed farming,Mixed farming,"Crop and animal production, hunting and related service activities","Agriculture, forestry and fishing",A_1_15_150,Mixed farming,Mixed farming,"Crop and animal production, hunting and related service activities","Agriculture, forestry and fishing",A_01_015_0150
Cultivation of crops nec,Mixed farming,A,1.5,Mixed farming,Mixed farming,"Crop and animal production, hunting and related service activities","Agriculture, forestry and fishing",A_1_15_150,Mixed farming,Mixed farming,"Crop and animal production, hunting and related service activities","Agriculture, forestry and fishing",A_01_015_0150
Cultivation of oil seeds,Mixed farming,A,1.5,Mixed farming,Mixed farming,"Crop and animal production, hunting and related service activities","Agriculture, forestry and fishing",A_1_15_150,Mixed farming,Mixed farming,"Crop and animal production, hunting and related service activities","Agriculture, forestry and fishing",A_01_015_0150
Cultivation of paddy rice,Mixed farming,A,1.5,Mixed farming,Mixed farming,"Crop and animal production, hunting and related service activities","Agriculture, forestry and fishing",A_1_15_150,Mixed farming,Mixed farming,"Crop and animal production, hunting and related service activities","Agriculture, forestry and fishing",A_01_015_0150
Cultivation of plant-based fibers,Mixed farming,A,1.5,Mixed farming,Mixed farming,"Crop and animal production, hunting and related service activities","Agriculture, forestry and fishing",A_1_15_150,Mixed farming,Mixed farming,"Crop and animal production, hunting and related service activities","Agriculture, forestry and fishing",A_01_015_0150
"Cultivation of sugar cane, sugar beet",Mixed farming,A,1.5,Mixed farming,Mixed farming,"Crop and animal production, hunting and related service activities","Agriculture, forestry and fishing",A_1_15_150,Mixed farming,Mixed farming,"Crop and animal production, hunting and related service activities","Agriculture, forestry and fishing",A_01_015_0150
"Cultivation of vegetables, fruit, nuts",Mixed farming,A,1.5,Mixed farming,Mixed farming,"Crop and animal production, hunting and related service activities","Agriculture, forestry and fishing",A_1_15_150,Mixed farming,Mixed farming,"Crop and animal production, hunting and related service activities","Agriculture, forestry and fishing",A_01_015_0150
Cultivation of wheat,Mixed farming,A,1.5,Mixed farming,Mixed farming,"Crop and animal production, hunting and related service activities","Agriculture, forestry and fishing",A_1_15_150,Mixed farming,Mixed farming,"Crop and animal production, hunting and related service activities","Agriculture, forestry and fishing",A_01_015_0150
"Manure treatment (biogas), storage and land application",Mixed farming,A,1.5,Mixed farming,Mixed farming,"Crop and animal production, hunting and related service activities","Agriculture, forestry and fishing",A_1_15_150,Mixed farming,Mixed farming,"Crop and animal production, hunting and related service activities","Agriculture, forestry and fishing",A_01_015_0150
"Manure treatment (conventional), storage and land application",Mixed farming,A,1.5,Mixed farming,Mixed farming,"Crop and animal production, hunting and related service activities","Agriculture, forestry and fishing",A_1_15_150,Mixed farming,Mixed farming,"Crop and animal production, hunting and related service activities","Agriculture, forestry and fishing",A_01_015_0150
Meat animals nec,Mixed farming,A,1.5,Mixed farming,Mixed farming,"Crop and animal production, hunting and related service activities","Agriculture, forestry and fishing",A_1_15_150,Mixed farming,Mixed farming,"Crop and animal production, hunting and related service activities","Agriculture, forestry and fishing",A_01_015_0150
Pigs farming,Mixed farming,A,1.5,Mixed farming,Mixed farming,"Crop and animal production, hunting and related service activities","Agriculture, forestry and fishing",A_1_15_150,Mixed farming,Mixed farming,"Crop and animal production, hunting and related service activities","Agriculture, forestry and fishing",A_01_015_0150
Poultry farming,Mixed farming,A,1.5,Mixed farming,Mixed farming,"Crop and animal production, hunting and related service activities","Agriculture, forestry and fishing",A_1_15_150,Mixed farming,Mixed farming,"Crop and animal production, hunting and related service activities","Agriculture, forestry and fishing",A_01_015_0150
Raw milk,Mixed farming,A,1.5,Mixed farming,Mixed farming,"Crop and animal production, hunting and related service activities","Agriculture, forestry and fishing",A_1_15_150,Mixed farming,Mixed farming,"Crop and animal production, hunting and related service activities","Agriculture, forestry and fishing",A_01_015_0150
"Wool, silk-worm cocoons",Mixed farming,A,1.5,Mixed farming,Mixed farming,"Crop and animal production, hunting and related service activities","Agriculture, forestry and fishing",A_1_15_150,Mixed farming,Mixed farming,"Crop and animal production, hunting and related service activities","Agriculture, forestry and fishing",A_01_015_0150
"Recreational, cultural and sporting activities (92)",Motion picture projection activities,J,59.14,Motion picture projection activities,"Motion picture, video and television programme activities","Motion picture, video and television programme production, sound recording and music publishing activities",Information and communication,J_59_591_5914,Motion picture projection activities,"Motion picture, video and television programme activities","Motion picture, video and television programme production, sound recording and music publishing activities","Publishing, broadcasting, and content production and distribution activities",J_59_591_5914
"Recreational, cultural and sporting activities (92)","Motion picture, video and television programme distribution activities",J,59.13,"Motion picture, video and television programme distribution activities","Motion picture, video and television programme activities","Motion picture, video and television programme production, sound recording and music publishing activities",Information and communication,J_59_591_5913,"Motion picture, video and television programme distribution activities","Motion picture, video and television programme activities","Motion picture, video and television programme production, sound recording and music publishing activities","Publishing, broadcasting, and content production and distribution activities",J_59_591_5913
Computer and related activities (72),"Data processing, hosting and related activities",J,63.11,"Data processing, hosting and related activities","Data processing, hosting and related activities; web portals",Information service activities,Information and communication,J_63_631_6311,"Motion picture, video and television programme post-production activities","Motion picture, video and television programme activities","Motion picture, video and television programme production, sound recording and music publishing activities","Publishing, broadcasting, and content production and distribution activities",J_59_591_5912
"Recreational, cultural and sporting activities (92)","Motion picture, video and television programme post-production activities",J,59.12,"Motion picture, video and television programme post-production activities","Motion picture, video and television programme activities","Motion picture, video and television programme production, sound recording and music publishing activities",Information and communication,J_59_591_5912,"Motion picture, video and television programme post-production activities","Motion picture, video and television programme activities","Motion picture, video and television programme production, sound recording and music publishing activities","Publishing, broadcasting, and content production and distribution activities",J_59_591_5912
"Recreational, cultural and sporting activities (92)","Motion picture, video and television programme production activities",J,59.11,"Motion picture, video and television programme production activities","Motion picture, video and television programme activities","Motion picture, video and television programme production, sound recording and music publishing activities",Information and communication,J_59_591_5911,"Motion picture, video and television programme production activities","Motion picture, video and television programme activities","Motion picture, video and television programme production, sound recording and music publishing activities","Publishing, broadcasting, and content production and distribution activities",J_59_591_5911
"Recreational, cultural and sporting activities (92)",Museums activities,R,91.02,Museums activities and operation of historical sites and buildings,"Libraries, archives, museums and other cultural activities","Libraries, archives, museums and other cultural activities","Arts, entertainment and recreation",R_91_910_9102,Museum and collection activities,"Museum, collection, historical site and monument activities","Library, archives, museum and other cultural activities","Arts, sports and recreation",S_91_912_9121
"Recreational, cultural and sporting activities (92)",Operation of historical sites and buildings and similar visitor attractions,R,91.03,Museums activities and operation of historical sites and buildings,"Libraries, archives, museums and other cultural activities","Libraries, archives, museums and other cultural activities","Arts, entertainment and recreation",R_91_910_9102,Museum and collection activities,"Museum, collection, historical site and monument activities","Library, archives, museum and other cultural activities","Arts, sports and recreation",S_91_912_9121
"Recreational, cultural and sporting activities (92)",Botanical and zoological gardens and nature reserves activities,R,91.04,Botanical and zoological gardens and nature reserves activities,"Libraries, archives, museums and other cultural activities","Libraries, archives, museums and other cultural activities","Arts, entertainment and recreation",R_91_910_9103,Nature reserve activities,Botanical and zoological garden and nature reserve activities,"Library, archives, museum and other cultural activities","Arts, sports and recreation",S_91_914_9142
"Recreational, cultural and sporting activities (92)",News agency activities,J,63.91,News agency activities,Other information service activities,Information service activities,Information and communication,J_63_639_6391,News agency activities,News agency and other content distribution activities,"Programming, broadcasting, news agency and other content distribution activities","Publishing, broadcasting, and content production and distribution activities",J_60_603_6031
"Insurance and pension funding, except compulsory social security (66)",Non-life insurance,K,65.12,Non-life insurance,Insurance,"Insurance, reinsurance and pension funding, except compulsory social security",Financial and insurance activities,K_65_651_6512,Non-life insurance,Insurance,"Insurance, reinsurance and pension funding, except compulsory social security",Financial and insurance activities,L_65_651_6512
"Retail trade, except of motor vehicles and motorcycles; repair of personal and household goods (52)","Retail sale in non-specialised stores with food, beverages or tobacco predominating",G,47.11,"Retail sale in non-specialized stores with food, beverages or tobacco predominating",Retail sale in non-specialized stores,"Retail trade, except of motor vehicles and motorcycles",Wholesale and retail trade; repair of motor vehicles and motorcycles,G_47_471_4711,"Non-specialized retail sale with food, beverages or tobacco predominating",Non-specialized retail sale,Retail trade,Wholesale and retail trade,G_47_471_4711
"Retail trade, except of motor vehicles and motorcycles; repair of personal and household goods (52)","Other retail sale not in stores, stalls or markets",G,47.99,"Other retail sale not in stores, stalls or markets","Retail trade not in stores, stalls or markets","Retail trade, except of motor vehicles and motorcycles",Wholesale and retail trade; repair of motor vehicles and motorcycles,G_47_479_4799,"Non-specialized retail sale with food, beverages or tobacco predominating",Non-specialized retail sale,Retail trade,Wholesale and retail trade,G_47_471_4711
"Retail trade, except of motor vehicles and motorcycles; repair of personal and household goods (52)","Retail sale via stalls and markets of food, beverages and tobacco products",G,47.81,"Retail sale via stalls and markets of food, beverages and tobacco products",Retail sale via stalls and markets,"Retail trade, except of motor vehicles and motorcycles",Wholesale and retail trade; repair of motor vehicles and motorcycles,G_47_478_4781,"Non-specialized retail sale with food, beverages or tobacco predominating",Non-specialized retail sale,Retail trade,Wholesale and retail trade,G_47_471_4711
"Retail trade, except of motor vehicles and motorcycles; repair of personal and household goods (52)",Retail sale via mail order houses or via Internet,G,47.91,Retail sale via mail order houses or via Internet,"Retail trade not in stores, stalls or markets","Retail trade, except of motor vehicles and motorcycles",Wholesale and retail trade; repair of motor vehicles and motorcycles,G_47_479_4791,"Non-specialized retail sale with food, beverages or tobacco predominating",Non-specialized retail sale,Retail trade,Wholesale and retail trade,G_47_471_4711
"Wholesale trade and commission trade, except of motor vehicles and motorcycles (51)",Non-specialised wholesale trade,G,46.9,Non-specialized wholesale trade,Non-specialized wholesale trade,"Wholesale trade, except of motor vehicles and motorcycles",Wholesale and retail trade; repair of motor vehicles and motorcycles,G_46_469_4690,Non-specialized wholesale trade,Non-specialized wholesale trade,Wholesale trade,Wholesale and retail trade,G_46_469_4690
Production of electricity by nuclear,Production of electricity,D,35.11,Nuclear power production,"Electric power generation, transmission and distribution","Electricity, gas, steam and air conditioning supply","Electricity, gas, steam and air conditioning supply",D_35_351_3510,Nuclear power production,"Electric power generation, transmission and distribution activities","Electricity, gas, steam and air conditioning supply","Electricity, gas, steam and air conditioning supply",D_35_351_3513
"Production of electricity by tide, wave, ocean",Production of electricity,D,35.11,Ocean energy production,"Electric power generation, transmission and distribution","Electricity, gas, steam and air conditioning supply","Electricity, gas, steam and air conditioning supply",D_35_351_3510,Ocean energy production,"Electric power generation, transmission and distribution activities","Electricity, gas, steam and air conditioning supply","Electricity, gas, steam and air conditioning supply",D_35_351_3513
Other business activities (74),Combined office administrative service activities,N,82.11,Combined office administrative service activities,Office administrative and support activities,"Office administrative, office support and other business support activities",Administrative and support service activities,N_82_821_8211,Office administrative and support activities,Office administrative and support activities,"Office administrative, office support and other business support activities",Administrative and support service activities,O_82_821_8210
Other business activities (74),"Photocopying, document preparation and other specialised office support activities",N,82.19,"Photocopying, document preparation and other specialized office support activities",Office administrative and support activities,"Office administrative, office support and other business support activities",Administrative and support service activities,N_82_821_8219,Office administrative and support activities,Office administrative and support activities,"Office administrative, office support and other business support activities",Administrative and support service activities,O_82_821_8210
"Recreational, cultural and sporting activities (92)",Performing arts,R,90.01,"Creative, arts and entertainment activities","Creative, arts and entertainment activities","Creative, arts and entertainment activities","Arts, entertainment and recreation",R_90_900_9000,Operation of arts facilities and sites,Support activities to arts creation and performing arts,Arts creation and performing arts activities,"Arts, sports and recreation",S_90_903_9031
"Recreational, cultural and sporting activities (92)",Support activities to performing arts,R,90.02,"Creative, arts and entertainment activities","Creative, arts and entertainment activities","Creative, arts and entertainment activities","Arts, entertainment and recreation",R_90_900_9000,Operation of arts facilities and sites,Support activities to arts creation and performing arts,Arts creation and performing arts activities,"Arts, sports and recreation",S_90_903_9031
"Recreational, cultural and sporting activities (92)",Artistic creation,R,90.03,"Creative, arts and entertainment activities","Creative, arts and entertainment activities","Creative, arts and entertainment activities","Arts, entertainment and recreation",R_90_900_9000,Operation of arts facilities and sites,Support activities to arts creation and performing arts,Arts creation and performing arts activities,"Arts, sports and recreation",S_90_903_9031
"Recreational, cultural and sporting activities (92)",Operation of arts facilities,R,90.04,"Creative, arts and entertainment activities","Creative, arts and entertainment activities","Creative, arts and entertainment activities","Arts, entertainment and recreation",R_90_900_9000,Operation of arts facilities and sites,Support activities to arts creation and performing arts,Arts creation and performing arts activities,"Arts, sports and recreation",S_90_903_9031
"Recreational, cultural and sporting activities (92)",Operation of sports facilities,R,93.11,Operation of sports facilities,Sports activities,Sports activities and amusement and recreation activities,"Arts, entertainment and recreation",R_93_931_9311,Operation of sports facilities,Sports activities,Sports activities and amusement and recreation activities,"Arts, sports and recreation",S_93_931_9311
Other service activities (93),Fitness facilities,R,93.13,Operation of sports facilities,Sports activities,Sports activities and amusement and recreation activities,"Arts, entertainment and recreation",R_93_931_9311,Operation of sports facilities,Sports activities,Sports activities and amusement and recreation activities,"Arts, sports and recreation",S_93_931_9311
Other business activities (74),Organisation of conventions and trade shows,N,82.3,Organization of conventions and trade shows,Organization of conventions and trade shows,"Office administrative, office support and other business support activities",Administrative and support service activities,N_82_823_8230,Organization of conventions and trade shows,Organization of conventions and trade shows,"Office administrative, office support and other business support activities",Administrative and support service activities,O_82_823_8230
Hotels and restaurants (55),Other accommodation,I,55.9,Other accommodation,Other accommodation,Accommodation,Accommodation and food service activities,I_55_559_5590,Other accommodation n.e.c.,Other accommodation n.e.c.,Accommodation,Accommodation and food service activities,I_55_559_5590
Activities auxiliary to financial intermediation (67),"Other activities auxiliary to financial services, except insurance and pension funding",K,66.19,Other activities auxiliary to financial service activities,"Activities auxiliary to financial service activities, except insurance and pension funding",Activities auxiliary to financial service and insurance activities,Financial and insurance activities,K_66_661_6619,"Other activities auxiliary to financial service activities, except insurance and pension funding","Activities auxiliary to financial services, except insurance and pension funding",Activities auxiliary to financial service and insurance activities,Financial and insurance activities,L_66_661_6619
Activities auxiliary to financial intermediation (67),Other activities auxiliary to insurance and pension funding,K,66.29,Other activities auxiliary to insurance and pension funding,Activities auxiliary to insurance and pension funding,Activities auxiliary to financial service and insurance activities,Financial and insurance activities,K_66_662_6629,Other activities auxiliary to insurance and pension funding,Activities auxiliary to insurance and pension funding,Activities auxiliary to financial service and insurance activities,Financial and insurance activities,L_66_662_6629
"Recreational, cultural and sporting activities (92)",Other amusement and recreation activities,R,93.29,Other amusement and recreation activities n.e.c.,Other amusement and recreation activities,Sports activities and amusement and recreation activities,"Arts, entertainment and recreation",R_93_932_9329,Other amusement and recreation activities,Amusement and recreation activities,Sports activities and amusement and recreation activities,"Arts, sports and recreation",S_93_932_9329
"Recreational, cultural and sporting activities (92)",Performing arts,R,90.01,"Creative, arts and entertainment activities","Creative, arts and entertainment activities","Creative, arts and entertainment activities","Arts, entertainment and recreation",R_90_900_9000,Other arts creation activities,Arts creation activities,Arts creation and performing arts activities,"Arts, sports and recreation",S_90_901_9013
"Recreational, cultural and sporting activities (92)",Support activities to performing arts,R,90.02,"Creative, arts and entertainment activities","Creative, arts and entertainment activities","Creative, arts and entertainment activities","Arts, entertainment and recreation",R_90_900_9000,Other arts creation activities,Arts creation activities,Arts creation and performing arts activities,"Arts, sports and recreation",S_90_901_9013
"Recreational, cultural and sporting activities (92)",Artistic creation,R,90.03,"Creative, arts and entertainment activities","Creative, arts and entertainment activities","Creative, arts and entertainment activities","Arts, entertainment and recreation",R_90_900_9000,Other arts creation activities,Arts creation activities,Arts creation and performing arts activities,"Arts, sports and recreation",S_90_901_9013
"Recreational, cultural and sporting activities (92)",Operation of arts facilities,R,90.04,"Creative, arts and entertainment activities","Creative, arts and entertainment activities","Creative, arts and entertainment activities","Arts, entertainment and recreation",R_90_900_9000,Other arts creation activities,Arts creation activities,Arts creation and performing arts activities,"Arts, sports and recreation",S_90_901_9013
Other business activities (74),Other business support service activities n.e.c.,N,82.99,Other business support service activities n.e.c.,Business support service activities n.e.c.,"Office administrative, office support and other business support activities",Administrative and support service activities,N_82_829_8299,Other business support service activities n.e.c.,Business support service activities n.e.c.,"Office administrative, office support and other business support activities",Administrative and support service activities,O_82_829_8299
Other business activities (74),Other building and industrial cleaning activities,N,81.22,Other building and industrial cleaning activities,Cleaning activities,Services to buildings and landscape activities,Administrative and support service activities,N_81_812_8129,Other cleaning activities,Cleaning activities,Services to buildings and landscape activities,Administrative and support service activities,O_81_812_8129
Other business activities (74),Other cleaning activities,N,81.29,Other building and industrial cleaning activities,Cleaning activities,Services to buildings and landscape activities,Administrative and support service activities,N_81_812_8129,Other cleaning activities,Cleaning activities,Services to buildings and landscape activities,Administrative and support service activities,O_81_812_8129
Computer and related activities (72),Computer programming activities,J,62.01,Computer programming activities,"Computer programming, consultancy and related activities","Computer programming, consultancy and related activities",Information and communication,J_62_620_6201,Other computer programming activities,Computer programming activities,"Computer programming, consultancy and related activities","Telecommunications, computer programming, consultancy, computing infrastructure, and other information service activities",K_62_621_6219
Construction (45),Other construction installation,F,43.29,Other construction installation,"Electrical, plumbing and other construction installation activities",Specialized construction activities,Construction,F_43_432_4329,Other construction installation,"Electrical, plumbing and other construction installation activities",Specialized construction activities,Construction,F_43_432_4329
Re-processing of secondary construction material into aggregates,Other construction installation,F,43.29,Other construction installation,"Electrical, plumbing and other construction installation activities",Specialized construction activities,Construction,F_43_432_4329,Other construction installation,"Electrical, plumbing and other construction installation activities",Specialized construction activities,Construction,F_43_432_4329
"Financial intermediation, except insurance and pension funding (65)",Other credit granting,K,64.92,Other credit granting,"Other financial service activities, except insurance and pension funding activities","Financial service activities, except insurance and pension funding",Financial and insurance activities,K_64_649_6492,Other credit granting activities,"Other financial service activities, except insurance and pension funding activities","Financial service activities, except insurance and pension funding",Financial and insurance activities,L_64_649_6495
Education (80),Driving school activities,P,85.53,Other education n.e.c.,Other education,Education,Education,P_85_854_8549,Other education n.e.c.,Other education,Education,Education,Q_85_855_8559
Education (80),Other education n.e.c.,P,85.59,Other education n.e.c.,Other education,Education,Education,P_85_854_8549,Other education n.e.c.,Other education,Education,Education,Q_85_855_8559
Other business activities (74),Educational support activities,P,85.6,Educational support activities,Educational support activities,Education,Education,P_85_855_8550,Other educational support activities,Educational support activities,Education,Education,Q_85_856_8569
"Financial intermediation, except insurance and pension funding (65)","Other financial service activities, except insurance and pension funding n.e.c.",K,64.99,"Other financial service activities, except insurance and pension funding activities, n.e.c.","Other financial service activities, except insurance and pension funding activities","Financial service activities, except insurance and pension funding",Financial and insurance activities,K_64_649_6499,"Other financial service activities n.e.c., except insurance and pension funding activities","Other financial service activities, except insurance and pension funding activities","Financial service activities, except insurance and pension funding",Financial and insurance activities,L_64_649_6499
Hotels and restaurants (55),Other food service activities,I,56.29,Other food service activities,Event catering and other food service activities,Food and beverage service activities,Accommodation and food service activities,I_56_562_5629,Other food service activities,Event catering and other food service activities,Food and beverage service activities,Accommodation and food service activities,I_56_562_5629
Health and social work (85),Other human health activities,Q,86.9,Other human health activities,Other human health activities,Human health activities,Human health and social work activities,Q_86_869_8690,Other human health activities n.e.c,Other human health activities,Human health activities,Human health and social work activities,R_86_869_8699
Computer and related activities (72),Other information technology and computer service activities,J,62.09,Other information technology and computer service activities,"Computer programming, consultancy and related activities","Computer programming, consultancy and related activities",Information and communication,J_62_620_6209,Other information technology and computer service activities,Other information technology and computer service activities,"Computer programming, consultancy and related activities","Telecommunications, computer programming, consultancy, computing infrastructure, and other information service activities",K_62_629_6290
Manufacture of furniture; manufacturing n.e.c. (36),Other manufacturing n.e.c.,C,32.99,Other manufacturing n.e.c.,Other manufacturing n.e.c.,Other manufacturing,Manufacturing,C_32_329_3290,Other manufacturing n.e.c.,Other manufacturing n.e.c.,Other manufacturing,Manufacturing,C_32_329_3290
Manufacture of furniture; manufacturing n.e.c. (36),Manufacture of brooms and brushes,C,32.91,Other manufacturing n.e.c.,Other manufacturing n.e.c.,Other manufacturing,Manufacturing,C_32_329_3290,Other manufacturing n.e.c.,Other manufacturing n.e.c.,Other manufacturing,Manufacturing,C_32_329_3290
"Mining of chemical and fertilizer minerals, production of salt, other mining and quarrying n.e.c.",Other mining and quarrying n.e.c.,B,8.99,Other mining and quarrying n.e.c.,Mining and quarrying n.e.c.,Other mining and quarrying,Mining and quarrying,B_8_89_899,Other mining and quarrying n.e.c.,Mining and quarrying n.e.c.,Other mining and quarrying,Mining and quarrying,B_08_089_0899
"Financial intermediation, except insurance and pension funding (65)",Other monetary intermediation,K,64.19,Other monetary intermediation,Monetary intermediation,"Financial service activities, except insurance and pension funding",Financial and insurance activities,K_64_641_6419,Other monetary intermediation,Monetary intermediation,"Financial service activities, except insurance and pension funding",Financial and insurance activities,L_64_641_6419
"Retail trade, except of motor vehicles and motorcycles; repair of personal and household goods (52)",Other retail sale in non-specialised stores,G,47.19,Other retail sale in non-specialized stores,Retail sale in non-specialized stores,"Retail trade, except of motor vehicles and motorcycles",Wholesale and retail trade; repair of motor vehicles and motorcycles,G_47_471_4719,Other non-specialized retail sale,Non-specialized retail sale,Retail trade,Wholesale and retail trade,G_47_471_4719
"Retail trade, except of motor vehicles and motorcycles; repair of personal and household goods (52)",Retail sale via stalls and markets of other goods,G,47.89,Retail sale via stalls and markets of other goods,Retail sale via stalls and markets,"Retail trade, except of motor vehicles and motorcycles",Wholesale and retail trade; repair of motor vehicles and motorcycles,G_47_478_4789,Other non-specialized retail sale,Non-specialized retail sale,Retail trade,Wholesale and retail trade,G_47_471_4719
"Retail trade, except of motor vehicles and motorcycles; repair of personal and household goods (52)","Retail sale via stalls and markets of textiles, clothing and footwear",G,47.82,"Retail sale via stalls and markets of textiles, clothing and footwear",Retail sale via stalls and markets,"Retail trade, except of motor vehicles and motorcycles",Wholesale and retail trade; repair of motor vehicles and motorcycles,G_47_478_4782,Other non-specialized retail sale,Non-specialized retail sale,Retail trade,Wholesale and retail trade,G_47_471_4719
"Retail trade, except of motor vehicles and motorcycles; repair of personal and household goods (52)","Other retail sale not in stores, stalls or markets",G,47.99,"Other retail sale not in stores, stalls or markets","Retail trade not in stores, stalls or markets","Retail trade, except of motor vehicles and motorcycles",Wholesale and retail trade; repair of motor vehicles and motorcycles,G_47_479_4799,Other non-specialized retail sale,Non-specialized retail sale,Retail trade,Wholesale and retail trade,G_47_471_4719
"Retail trade, except of motor vehicles and motorcycles; repair of personal and household goods (52)",Retail sale via mail order houses or via Internet,G,47.91,Retail sale via mail order houses or via Internet,"Retail trade not in stores, stalls or markets","Retail trade, except of motor vehicles and motorcycles",Wholesale and retail trade; repair of motor vehicles and motorcycles,G_47_479_4791,Other non-specialized retail sale,Non-specialized retail sale,Retail trade,Wholesale and retail trade,G_47_471_4719
Other land transport,Taxi operation,H,49.32,Other passenger land transport,Other land transport,Land transport and transport via pipelines,Transportation and storage,H_49_492_4922,Other passenger land transport,Other land transport,Land transport and transport via pipelines,Transportation and storage,H_49_492_4922
Other land transport,Other passenger land transport n.e.c.,H,49.39,Other passenger land transport,Other land transport,Land transport and transport via pipelines,Transportation and storage,H_49_492_4922,Other passenger land transport,Other land transport,Land transport and transport via pipelines,Transportation and storage,H_49_492_4922
Other service activities (93),Physical well-being activities,S,96.04,Other personal service activities n.e.c.,Other personal service activities,Other personal service activities,Other service activities,S_96_960_9609,Other personal service activities n.e.c.,Other personal service activities n.e.c.,Personal service activities,Other service activities,T_96_969_9690
Other service activities (93),Other personal service activities n.e.c.,S,96.09,Other personal service activities n.e.c.,Other personal service activities,Other personal service activities,Other service activities,S_96_960_9609,Other personal service activities n.e.c.,Other personal service activities n.e.c.,Personal service activities,Other service activities,T_96_969_9690
"Publishing, printing and reproduction of recorded media (22)",Other publishing activities,J,58.19,Other publishing activities,"Publishing of books, periodicals and other publishing activities",Publishing activities,Information and communication,J_58_581_5819,Other publishing activities,"Publishing of books, newspapers, periodicals and other publishing activities",Publishing activities,"Publishing, broadcasting, and content production and distribution activities",J_58_581_5819
"Publishing, printing and reproduction of recorded media (22)",Publishing of directories and mailing lists,J,58.12,Publishing of directories and mailing lists,"Publishing of books, periodicals and other publishing activities",Publishing activities,Information and communication,J_58_581_5812,Other publishing activities,"Publishing of books, newspapers, periodicals and other publishing activities",Publishing activities,"Publishing, broadcasting, and content production and distribution activities",J_58_581_5819
Real estate activities (70),Real estate agencies,L,68.31,Real estate activities on a fee or contract basis,Real estate activities on a fee or contract basis,Real estate activities,Real estate activities,L_68_682_6820,Other real estate activities on a fee or contract basis,Real estate activities on a fee or contract basis,Real estate activities,Real estate activities,M_68_682_6829
Real estate activities (70),Management of real estate on a fee or contract basis,L,68.32,Real estate activities on a fee or contract basis,Real estate activities on a fee or contract basis,Real estate activities,Real estate activities,L_68_682_6820,Other real estate activities on a fee or contract basis,Real estate activities on a fee or contract basis,Real estate activities,Real estate activities,M_68_682_6829
Health and social work (85),Other residential care activities,Q,87.9,Other residential care activities,Other residential care activities,Residential care activities,Human health and social work activities,Q_87_879_8790,Other residential care activities n.e.c.,Other residential care activities,Residential care activities,Human health and social work activities,R_87_879_8799
Hotels and restaurants (55),Hotels and similar accommodation,I,55.1,Short term accommodation activities,Short term accommodation activities,Accommodation,Accommodation and food service activities,I_55_551_5510,Other short term accommodation activities,Other short term accommodation activities,Accommodation,Accommodation and food service activities,I_55_552_5520
Hotels and restaurants (55),Holiday and other short-stay accommodation,I,55.2,Short term accommodation activities,Short term accommodation activities,Accommodation,Accommodation and food service activities,I_55_551_5510,Other short term accommodation activities,Other short term accommodation activities,Accommodation,Accommodation and food service activities,I_55_552_5520
Health and social work (85),Child day-care activities,Q,88.91,Other social work activities without accommodation,Other social work activities without accommodation,Social work activities without accommodation,Human health and social work activities,Q_88_889_8890,Other social work activities without accommodation,Other social work activities without accommodation,Social work activities without accommodation,Human health and social work activities,R_88_889_8890
Health and social work (85),Other social work activities without accommodation n.e.c.,Q,88.99,Other social work activities without accommodation,Other social work activities without accommodation,Social work activities without accommodation,Human health and social work activities,Q_88_889_8890,Other social work activities without accommodation,Other social work activities without accommodation,Social work activities without accommodation,Human health and social work activities,R_88_889_8890
Computer and related activities (72),Other software publishing,J,58.29,Software publishing,Software publishing,Publishing activities,Information and communication,J_58_582_5820,Other software publishing,Software publishing,Publishing activities,"Publishing, broadcasting, and content production and distribution activities",J_58_582_5829
Construction (45),Roofing activities,F,43.91,Other specialized construction activities,Other specialized construction activities,Specialized construction activities,Construction,F_43_439_4390,Other specialized construction activities,Other specialized construction activities,Specialized construction activities,Construction,F_43_439_4390
Re-processing of secondary construction material into aggregates,Roofing activities,F,43.91,Other specialized construction activities,Other specialized construction activities,Specialized construction activities,Construction,F_43_439_4390,Other specialized construction activities,Other specialized construction activities,Specialized construction activities,Construction,F_43_439_4390
Construction (45),Other specialised construction activities n.e.c.,F,43.99,Other specialized construction activities,Other specialized construction activities,Specialized construction activities,Construction,F_43_439_4390,Other specialized construction activities,Other specialized construction activities,Specialized construction activities,Construction,F_43_439_4390
Re-processing of secondary construction material into aggregates,Other specialised construction activities n.e.c.,F,43.99,Other specialized construction activities,Other specialized construction activities,Specialized construction activities,Construction,F_43_439_4390,Other specialized construction activities,Other specialized construction activities,Specialized construction activities,Construction,F_43_439_4390
"Recreational, cultural and sporting activities (92)",Other sports activities,R,93.19,Other sports activities,Sports activities,Sports activities and amusement and recreation activities,"Arts, entertainment and recreation",R_93_931_9319,Other sports activities,Sports activities,Sports activities and amusement and recreation activities,"Arts, sports and recreation",S_93_931_9319
Supporting and auxiliary transport activities; activities of travel agencies (63),Other transportation support activities,H,52.29,Other transportation support activities,Support activities for transportation,Warehousing and support activities for transportation,Transportation and storage,H_52_522_5229,Other support activities for transportation,Support activities for transportation,Warehousing and support activities for transportation,Transportation and storage,H_52_522_5229
"Recreational, cultural and sporting activities (92)",Performing arts,R,90.01,"Creative, arts and entertainment activities","Creative, arts and entertainment activities","Creative, arts and entertainment activities","Arts, entertainment and recreation",R_90_900_9000,Other support activities to arts creation and performing arts,Support activities to arts creation and performing arts,Arts creation and performing arts activities,"Arts, sports and recreation",S_90_903_9039
"Recreational, cultural and sporting activities (92)",Support activities to performing arts,R,90.02,"Creative, arts and entertainment activities","Creative, arts and entertainment activities","Creative, arts and entertainment activities","Arts, entertainment and recreation",R_90_900_9000,Other support activities to arts creation and performing arts,Support activities to arts creation and performing arts,Arts creation and performing arts activities,"Arts, sports and recreation",S_90_903_9039
"Recreational, cultural and sporting activities (92)",Artistic creation,R,90.03,"Creative, arts and entertainment activities","Creative, arts and entertainment activities","Creative, arts and entertainment activities","Arts, entertainment and recreation",R_90_900_9000,Other support activities to arts creation and performing arts,Support activities to arts creation and performing arts,Arts creation and performing arts activities,"Arts, sports and recreation",S_90_903_9039
"Recreational, cultural and sporting activities (92)",Operation of arts facilities,R,90.04,"Creative, arts and entertainment activities","Creative, arts and entertainment activities","Creative, arts and entertainment activities","Arts, entertainment and recreation",R_90_900_9000,Other support activities to arts creation and performing arts,Support activities to arts creation and performing arts,Arts creation and performing arts activities,"Arts, sports and recreation",S_90_903_9039
Post and telecommunications (64),Other telecommunications activities,J,61.9,Other telecommunications activities,Other telecommunications activities,Telecommunications,Information and communication,J_61_619_6190,Other telecommunication activities,Other telecommunication activities,Telecommunications,"Telecommunications, computer programming, consultancy, computing infrastructure, and other information service activities",K_61_619_6190
"Recreational, cultural and sporting activities (92)",Other reservation service and related activities,N,79.9,Other reservation service and related activities,Other reservation service and related activities,"Travel agency, tour operator, reservation service and related activities",Administrative and support service activities,N_79_799_7990,Other travel related activities,Other travel related activities,"Travel agency, tour operator, and other travel related activities",Administrative and support service activities,O_79_799_7990
Supporting and auxiliary transport activities; activities of travel agencies (63),Other reservation service and related activities,N,79.9,Other reservation service and related activities,Other reservation service and related activities,"Travel agency, tour operator, reservation service and related activities",Administrative and support service activities,N_79_799_7990,Other travel related activities,Other travel related activities,"Travel agency, tour operator, and other travel related activities",Administrative and support service activities,O_79_799_7990
Other business activities (74),Packaging activities,N,82.92,Packaging activities,Business support service activities n.e.c.,"Office administrative, office support and other business support activities",Administrative and support service activities,N_82_829_8292,Packaging activities,Business support service activities n.e.c.,"Office administrative, office support and other business support activities",Administrative and support service activities,O_82_829_8292
Air transport (62),Passenger air transport,H,51.1,Passenger air transport,Passenger air transport,Air transport,Transportation and storage,H_51_511_5110,Passenger air transport,Passenger air transport,Air transport,Transportation and storage,H_51_511_5110
Transport via railways,"Passenger rail transport, interurban",H,49.1,"Passenger rail transport, interurban",Transport via railways,Land transport and transport via pipelines,Transportation and storage,H_49_491_4911,"Passenger rail transport, interurban",Transport via railways,Land transport and transport via pipelines,Transportation and storage,H_49_491_4911
Other business activities (74),Translation and interpretation activities,M,74.3,"Other professional, scientific and technical activities n.e.c.","Other professional, scientific and technical activities n.e.c.","Other professional, scientific and technical activities","Professional, scientific and technical activities",M_74_749_7490,Patent brokering and marketing service activities,"Other professional, scientific and technical activities n.e.c.","Other professional, scientific and technical activities","Professional, scientific and technical activities",N_74_749_7491
Other business activities (74),"Other professional, scientific and technical activities n.e.c.",M,74.9,"Other professional, scientific and technical activities n.e.c.","Other professional, scientific and technical activities n.e.c.","Other professional, scientific and technical activities","Professional, scientific and technical activities",M_74_749_7490,Patent brokering and marketing service activities,"Other professional, scientific and technical activities n.e.c.","Other professional, scientific and technical activities","Professional, scientific and technical activities",N_74_749_7491
"Insurance and pension funding, except compulsory social security (66)",Pension funding,K,65.3,Pension funding,Pension funding,"Insurance, reinsurance and pension funding, except compulsory social security",Financial and insurance activities,K_65_653_6530,Pension funding,Pension funding,"Insurance, reinsurance and pension funding, except compulsory social security",Financial and insurance activities,L_65_653_6530
Other business activities (74),Photographic activities,M,74.2,Photographic activities,Photographic activities,"Other professional, scientific and technical activities","Professional, scientific and technical activities",M_74_742_7420,Photographic activities,Photographic activities,"Other professional, scientific and technical activities","Professional, scientific and technical activities",N_74_742_7420
Cultivation of crops nec,Plant propagation,A,1.3,Plant propagation,Plant propagation,"Crop and animal production, hunting and related service activities","Agriculture, forestry and fishing",A_1_13_130,Plant propagation,Plant propagation,"Crop and animal production, hunting and related service activities","Agriculture, forestry and fishing",A_01_013_0130
Construction (45),"Plumbing, heat and air-conditioning installation",F,43.22,"Plumbing, heat and air-conditioning installation","Electrical, plumbing and other construction installation activities",Specialized construction activities,Construction,F_43_432_4322,"Plumbing, heat and air-conditioning installation","Electrical, plumbing and other construction installation activities",Specialized construction activities,Construction,F_43_432_4322
Re-processing of secondary construction material into aggregates,"Plumbing, heat and air-conditioning installation",F,43.22,"Plumbing, heat and air-conditioning installation","Electrical, plumbing and other construction installation activities",Specialized construction activities,Construction,F_43_432_4322,"Plumbing, heat and air-conditioning installation","Electrical, plumbing and other construction installation activities",Specialized construction activities,Construction,F_43_432_4322
Post and telecommunications (64),Postal activities under universal service obligation,H,53.1,Postal activities,Postal activities,Postal and courier activities,Transportation and storage,H_53_531_5310,Postal activities,Postal activities,Postal and courier activities,Transportation and storage,H_53_531_5310
Cultivation of cereal grains nec,Post-harvest crop activities,A,1.63,Post-harvest crop activities,Support activities to agriculture and post-harvest crop activities,"Crop and animal production, hunting and related service activities","Agriculture, forestry and fishing",A_1_16_163,Post-harvest crop activities,Support activities to agriculture and post-harvest crop activities,"Crop and animal production, hunting and related service activities","Agriculture, forestry and fishing",A_01_016_0163
Cultivation of crops nec,Post-harvest crop activities,A,1.63,Post-harvest crop activities,Support activities to agriculture and post-harvest crop activities,"Crop and animal production, hunting and related service activities","Agriculture, forestry and fishing",A_1_16_163,Post-harvest crop activities,Support activities to agriculture and post-harvest crop activities,"Crop and animal production, hunting and related service activities","Agriculture, forestry and fishing",A_01_016_0163
Cultivation of oil seeds,Post-harvest crop activities,A,1.63,Post-harvest crop activities,Support activities to agriculture and post-harvest crop activities,"Crop and animal production, hunting and related service activities","Agriculture, forestry and fishing",A_1_16_163,Post-harvest crop activities,Support activities to agriculture and post-harvest crop activities,"Crop and animal production, hunting and related service activities","Agriculture, forestry and fishing",A_01_016_0163
Cultivation of paddy rice,Post-harvest crop activities,A,1.63,Post-harvest crop activities,Support activities to agriculture and post-harvest crop activities,"Crop and animal production, hunting and related service activities","Agriculture, forestry and fishing",A_1_16_163,Post-harvest crop activities,Support activities to agriculture and post-harvest crop activities,"Crop and animal production, hunting and related service activities","Agriculture, forestry and fishing",A_01_016_0163
Cultivation of plant-based fibers,Post-harvest crop activities,A,1.63,Post-harvest crop activities,Support activities to agriculture and post-harvest crop activities,"Crop and animal production, hunting and related service activities","Agriculture, forestry and fishing",A_1_16_163,Post-harvest crop activities,Support activities to agriculture and post-harvest crop activities,"Crop and animal production, hunting and related service activities","Agriculture, forestry and fishing",A_01_016_0163
"Cultivation of sugar cane, sugar beet",Post-harvest crop activities,A,1.63,Post-harvest crop activities,Support activities to agriculture and post-harvest crop activities,"Crop and animal production, hunting and related service activities","Agriculture, forestry and fishing",A_1_16_163,Post-harvest crop activities,Support activities to agriculture and post-harvest crop activities,"Crop and animal production, hunting and related service activities","Agriculture, forestry and fishing",A_01_016_0163
"Cultivation of vegetables, fruit, nuts",Post-harvest crop activities,A,1.63,Post-harvest crop activities,Support activities to agriculture and post-harvest crop activities,"Crop and animal production, hunting and related service activities","Agriculture, forestry and fishing",A_1_16_163,Post-harvest crop activities,Support activities to agriculture and post-harvest crop activities,"Crop and animal production, hunting and related service activities","Agriculture, forestry and fishing",A_01_016_0163
Cultivation of wheat,Post-harvest crop activities,A,1.63,Post-harvest crop activities,Support activities to agriculture and post-harvest crop activities,"Crop and animal production, hunting and related service activities","Agriculture, forestry and fishing",A_1_16_163,Post-harvest crop activities,Support activities to agriculture and post-harvest crop activities,"Crop and animal production, hunting and related service activities","Agriculture, forestry and fishing",A_01_016_0163
Education (80),General secondary education,P,85.31,General secondary education,Secondary education,Education,Education,P_85_852_8521,Post-secondary non-tertiary education,Secondary and post-secondary non-tertiary education,Education,Education,Q_85_853_8533
Education (80),Technical and vocational secondary education,P,85.32,Technical and vocational secondary education,Secondary education,Education,Education,P_85_852_8522,Post-secondary non-tertiary education,Secondary and post-secondary non-tertiary education,Education,Education,Q_85_853_8533
Manufacture of textiles (17),Preparation and spinning of textile fibres,C,13.1,Preparation and spinning of textile fibres,"Spinning, weaving and finishing of textiles",Manufacture of textiles,Manufacturing,C_13_131_1311,Preparation and spinning of textile fibres,"Spinning, weaving and finishing of textiles",Manufacture of textiles,Manufacturing,C_13_131_1311
Education (80),Pre-primary education,P,85.1,Pre-primary and primary education,Pre-primary and primary education,Education,Education,P_85_851_8510,Pre-primary education,Pre-primary education,Education,Education,Q_85_851_8510
Education (80),Primary education,P,85.2,Pre-primary and primary education,Pre-primary and primary education,Education,Education,P_85_851_8510,Pre-primary education,Pre-primary education,Education,Education,Q_85_851_8510
Education (80),Pre-primary education,P,85.1,Pre-primary and primary education,Pre-primary and primary education,Education,Education,P_85_851_8510,Primary education,Primary education,Education,Education,Q_85_852_8520
Education (80),Primary education,P,85.2,Pre-primary and primary education,Pre-primary and primary education,Education,Education,P_85_851_8510,Primary education,Primary education,Education,Education,Q_85_852_8520
"Publishing, printing and reproduction of recorded media (22)",Printing of newspapers,C,18.11,Printing,Printing and service activities related to printing,Printing and reproduction of recorded media,Manufacturing,C_18_181_1811,Printing,Printing and service activities related to printing,Printing and reproduction of recorded media,Manufacturing,C_18_181_1811
"Publishing, printing and reproduction of recorded media (22)",Other printing,C,18.12,Printing,Printing and service activities related to printing,Printing and reproduction of recorded media,Manufacturing,C_18_181_1811,Printing,Printing and service activities related to printing,Printing and reproduction of recorded media,Manufacturing,C_18_181_1811
Manufacture of fish products,"Processing and preserving of fish, crustaceans and molluscs",C,10.2,"Processing and preserving of fish, crustaceans and molluscs","Processing and preserving of fish, crustaceans and molluscs",Manufacture of food products,Manufacturing,C_10_102_1020,"Processing and preserving of fish, crustaceans and molluscs","Processing and preserving of fish, crustaceans and molluscs",Manufacture of food products,Manufacturing,C_10_102_1020
Processing of Food products nec,Processing and preserving of potatoes,C,10.31,Processing and preserving of fruit and vegetables,Processing and preserving of fruit and vegetables,Manufacture of food products,Manufacturing,C_10_103_1030,Processing and preserving of fruit and vegetables,Processing and preserving of fruit and vegetables,Manufacture of food products,Manufacturing,C_10_103_1030
Processing of Food products nec,Manufacture of fruit and vegetable juice,C,10.32,Processing and preserving of fruit and vegetables,Processing and preserving of fruit and vegetables,Manufacture of food products,Manufacturing,C_10_103_1030,Processing and preserving of fruit and vegetables,Processing and preserving of fruit and vegetables,Manufacture of food products,Manufacturing,C_10_103_1030
Processing of Food products nec,Other processing and preserving of fruit and vegetables,C,10.39,Processing and preserving of fruit and vegetables,Processing and preserving of fruit and vegetables,Manufacture of food products,Manufacturing,C_10_103_1030,Processing and preserving of fruit and vegetables,Processing and preserving of fruit and vegetables,Manufacture of food products,Manufacturing,C_10_103_1030
Processing of meat cattle,Processing and preserving of meat,C,10.11,Processing and preserving of meat,Processing and preserving of meat,Manufacture of food products,Manufacturing,C_10_101_1010,Processing and preserving of meat,Processing and preserving of meat,Manufacture of food products,Manufacturing,C_10_101_1010
Processing of meat pigs,Processing and preserving of meat,C,10.11,Processing and preserving of meat,Processing and preserving of meat,Manufacture of food products,Manufacturing,C_10_101_1010,Processing and preserving of meat,Processing and preserving of meat,Manufacture of food products,Manufacturing,C_10_101_1010
Production of meat products nec,Processing and preserving of meat,C,10.11,Processing and preserving of meat,Processing and preserving of meat,Manufacture of food products,Manufacturing,C_10_101_1010,Processing and preserving of meat,Processing and preserving of meat,Manufacture of food products,Manufacturing,C_10_101_1010
Processing of meat poultry,Processing and preserving of poultry meat,C,10.12,Processing and preserving of meat,Processing and preserving of meat,Manufacture of food products,Manufacturing,C_10_101_1010,Processing and preserving of meat,Processing and preserving of meat,Manufacture of food products,Manufacturing,C_10_101_1010
Processing of meat cattle,Production of meat and poultry meat products,C,10.13,Processing and preserving of meat,Processing and preserving of meat,Manufacture of food products,Manufacturing,C_10_101_1010,Processing and preserving of meat,Processing and preserving of meat,Manufacture of food products,Manufacturing,C_10_101_1010
Processing of meat pigs,Production of meat and poultry meat products,C,10.13,Processing and preserving of meat,Processing and preserving of meat,Manufacture of food products,Manufacturing,C_10_101_1010,Processing and preserving of meat,Processing and preserving of meat,Manufacture of food products,Manufacturing,C_10_101_1010
Production of meat products nec,Production of meat and poultry meat products,C,10.13,Processing and preserving of meat,Processing and preserving of meat,Manufacture of food products,Manufacturing,C_10_101_1010,Processing and preserving of meat,Processing and preserving of meat,Manufacture of food products,Manufacturing,C_10_101_1010
Processing of Food products nec,Processing of tea and coffee,C,10.83,Manufacture of other food products n.e.c.,Manufacture of other food products,Manufacture of food products,Manufacturing,C_10_107_1079,Processing of coffee and tea,Manufacture of other food products,Manufacture of food products,Manufacturing,C_10_107_1076
Processing of Food products nec,Manufacture of condiments and seasonings,C,10.84,Manufacture of other food products n.e.c.,Manufacture of other food products,Manufacture of food products,Manufacturing,C_10_107_1079,Processing of coffee and tea,Manufacture of other food products,Manufacture of food products,Manufacturing,C_10_107_1076
Processing of Food products nec,Manufacture of homogenised food preparations and dietetic food,C,10.86,Manufacture of other food products n.e.c.,Manufacture of other food products,Manufacture of food products,Manufacturing,C_10_107_1079,Processing of coffee and tea,Manufacture of other food products,Manufacture of food products,Manufacturing,C_10_107_1076
Processing of Food products nec,Manufacture of other food products n.e.c.,C,10.89,Manufacture of other food products n.e.c.,Manufacture of other food products,Manufacture of food products,Manufacturing,C_10_107_1079,Processing of coffee and tea,Manufacture of other food products,Manufacture of food products,Manufacturing,C_10_107_1076
Public administration and defence; compulsory social security (75),Justice and judicial activities,O,84.23,Public order and safety activities,Provision of services to the community as a whole,Public administration and defence; compulsory social security,Public administration and defence; compulsory social security,O_84_842_8423,Public order and safety activities,Provision of services to the community as a whole,Public administration and defence; compulsory social security,Public administration and defence; compulsory social security,P_84_842_8423
Public administration and defence; compulsory social security (75),Public order and safety activities,O,84.24,Public order and safety activities,Provision of services to the community as a whole,Public administration and defence; compulsory social security,Public administration and defence; compulsory social security,O_84_842_8423,Public order and safety activities,Provision of services to the community as a whole,Public administration and defence; compulsory social security,Public administration and defence; compulsory social security,P_84_842_8423
Public administration and defence; compulsory social security (75),Fire service activities,O,84.25,Public order and safety activities,Provision of services to the community as a whole,Public administration and defence; compulsory social security,Public administration and defence; compulsory social security,O_84_842_8423,Public order and safety activities,Provision of services to the community as a whole,Public administration and defence; compulsory social security,Public administration and defence; compulsory social security,P_84_842_8423
Other business activities (74),Public relations and communication activities,M,70.21,Management consultancy activities,Management consultancy activities,Activities of head offices; management consultancy activities,"Professional, scientific and technical activities",M_70_702_7020,Public relations activities,Public relations activities,"Activities of advertising, market research and public relations","Professional, scientific and technical activities",N_73_733_7330
Other business activities (74),Business and other management consultancy activities,M,70.22,Management consultancy activities,Management consultancy activities,Activities of head offices; management consultancy activities,"Professional, scientific and technical activities",M_70_702_7020,Public relations activities,Public relations activities,"Activities of advertising, market research and public relations","Professional, scientific and technical activities",N_73_733_7330
"Publishing, printing and reproduction of recorded media (22)",Book publishing,J,58.11,Book publishing,"Publishing of books, periodicals and other publishing activities",Publishing activities,Information and communication,J_58_581_5811,Publishing of books,"Publishing of books, newspapers, periodicals and other publishing activities",Publishing activities,"Publishing, broadcasting, and content production and distribution activities",J_58_581_5811
"Publishing, printing and reproduction of recorded media (22)",Publishing of newspapers,J,58.13,"Publishing of newspapers, journals and periodicals","Publishing of books, periodicals and other publishing activities",Publishing activities,Information and communication,J_58_581_5813,Publishing of journals and periodicals,"Publishing of books, newspapers, periodicals and other publishing activities",Publishing activities,"Publishing, broadcasting, and content production and distribution activities",J_58_581_5813
"Publishing, printing and reproduction of recorded media (22)",Publishing of journals and periodicals,J,58.14,"Publishing of newspapers, journals and periodicals","Publishing of books, periodicals and other publishing activities",Publishing activities,Information and communication,J_58_581_5813,Publishing of journals and periodicals,"Publishing of books, newspapers, periodicals and other publishing activities",Publishing activities,"Publishing, broadcasting, and content production and distribution activities",J_58_581_5813
"Publishing, printing and reproduction of recorded media (22)",Publishing of newspapers,J,58.13,"Publishing of newspapers, journals and periodicals","Publishing of books, periodicals and other publishing activities",Publishing activities,Information and communication,J_58_581_5813,Publishing of newspapers,"Publishing of books, newspapers, periodicals and other publishing activities",Publishing activities,"Publishing, broadcasting, and content production and distribution activities",J_58_581_5812
"Publishing, printing and reproduction of recorded media (22)",Publishing of journals and periodicals,J,58.14,"Publishing of newspapers, journals and periodicals","Publishing of books, periodicals and other publishing activities",Publishing activities,Information and communication,J_58_581_5813,Publishing of newspapers,"Publishing of books, newspapers, periodicals and other publishing activities",Publishing activities,"Publishing, broadcasting, and content production and distribution activities",J_58_581_5812
Computer and related activities (72),Other software publishing,J,58.29,Software publishing,Software publishing,Publishing activities,Information and communication,J_58_582_5820,Publishing of video games,Software publishing,Publishing activities,"Publishing, broadcasting, and content production and distribution activities",J_58_582_5821
Quarrying of stone,"Quarrying of ornamental and building stone, limestone, gypsum, chalk and slate",B,8.11,"Quarrying of stone, sand and clay","Quarrying of stone, sand and clay",Other mining and quarrying,Mining and quarrying,B_8_81_810,"Quarrying of stone, sand and clay","Quarrying of stone, sand and clay",Other mining and quarrying,Mining and quarrying,B_08_081_0810
Quarrying of sand and clay,Operation of gravel and sand pits; mining of clays and kaolin,B,8.12,"Quarrying of stone, sand and clay","Quarrying of stone, sand and clay",Other mining and quarrying,Mining and quarrying,B_8_81_810,"Quarrying of stone, sand and clay","Quarrying of stone, sand and clay",Other mining and quarrying,Mining and quarrying,B_08_081_0810
"Recreational, cultural and sporting activities (92)",Radio broadcasting,J,60.1,Radio broadcasting,Radio broadcasting,Programming and broadcasting activities,Information and communication,J_60_601_6010,Radio broadcasting and audio distribution activities,Radio broadcasting and audio distribution activities,"Programming, broadcasting, news agency and other content distribution activities","Publishing, broadcasting, and content production and distribution activities",J_60_601_6010
"Publishing, printing and reproduction of recorded media (22)",Sound recording and music publishing activities,J,59.2,Sound recording and music publishing activities,Sound recording and music publishing activities,"Motion picture, video and television programme production, sound recording and music publishing activities",Information and communication,J_59_592_5920,Radio broadcasting and audio distribution activities,Radio broadcasting and audio distribution activities,"Programming, broadcasting, news agency and other content distribution activities","Publishing, broadcasting, and content production and distribution activities",J_60_601_6010
Meat animals nec,Raising of camels and camelids,A,1.44,Raising of camels and camelids,Animal production,"Crop and animal production, hunting and related service activities","Agriculture, forestry and fishing",A_1_14_143,Raising of camels and camelids,Animal production,"Crop and animal production, hunting and related service activities","Agriculture, forestry and fishing",A_01_014_0143
Raw milk,Raising of dairy cattle,A,1.41,Raising of cattle and buffaloes,Animal production,"Crop and animal production, hunting and related service activities","Agriculture, forestry and fishing",A_1_14_141,Raising of cattle and buffaloes,Animal production,"Crop and animal production, hunting and related service activities","Agriculture, forestry and fishing",A_01_014_0141
Cattle farming,Raising of other cattle and buffaloes,A,1.42,Raising of cattle and buffaloes,Animal production,"Crop and animal production, hunting and related service activities","Agriculture, forestry and fishing",A_1_14_141,Raising of cattle and buffaloes,Animal production,"Crop and animal production, hunting and related service activities","Agriculture, forestry and fishing",A_01_014_0141
Meat animals nec,Raising of horses and other equines,A,1.43,Raising of horses and other equines,Animal production,"Crop and animal production, hunting and related service activities","Agriculture, forestry and fishing",A_1_14_142,Raising of horses and other equines,Animal production,"Crop and animal production, hunting and related service activities","Agriculture, forestry and fishing",A_01_014_0142
Animal products nec,Raising of other animals,A,1.49,Raising of other animals,Animal production,"Crop and animal production, hunting and related service activities","Agriculture, forestry and fishing",A_1_14_149,Raising of other animals,Animal production,"Crop and animal production, hunting and related service activities","Agriculture, forestry and fishing",A_01_014_0149
Meat animals nec,Raising of other animals,A,1.49,Raising of other animals,Animal production,"Crop and animal production, hunting and related service activities","Agriculture, forestry and fishing",A_1_14_149,Raising of other animals,Animal production,"Crop and animal production, hunting and related service activities","Agriculture, forestry and fishing",A_01_014_0149
Animal products nec,Raising of other animals,A,1.49,Raising of other animals,Animal production,"Crop and animal production, hunting and related service activities","Agriculture, forestry and fishing",A_1_14_149,Raising of poultry,Animal production,"Crop and animal production, hunting and related service activities","Agriculture, forestry and fishing",A_01_014_0146
Meat animals nec,Raising of other animals,A,1.49,Raising of other animals,Animal production,"Crop and animal production, hunting and related service activities","Agriculture, forestry and fishing",A_1_14_149,Raising of poultry,Animal production,"Crop and animal production, hunting and related service activities","Agriculture, forestry and fishing",A_01_014_0146
Poultry farming,Raising of poultry,A,1.47,Raising of poultry,Animal production,"Crop and animal production, hunting and related service activities","Agriculture, forestry and fishing",A_1_14_146,Raising of poultry,Animal production,"Crop and animal production, hunting and related service activities","Agriculture, forestry and fishing",A_01_014_0146
Meat animals nec,Raising of sheep and goats,A,1.45,Raising of sheep and goats,Animal production,"Crop and animal production, hunting and related service activities","Agriculture, forestry and fishing",A_1_14_144,Raising of sheep and goats,Animal production,"Crop and animal production, hunting and related service activities","Agriculture, forestry and fishing",A_01_014_0144
"Wool, silk-worm cocoons",Raising of sheep and goats,A,1.45,Raising of sheep and goats,Animal production,"Crop and animal production, hunting and related service activities","Agriculture, forestry and fishing",A_1_14_144,Raising of sheep and goats,Animal production,"Crop and animal production, hunting and related service activities","Agriculture, forestry and fishing",A_01_014_0144
Pigs farming,Raising of swine/pigs,A,1.46,Raising of swine/pigs,Animal production,"Crop and animal production, hunting and related service activities","Agriculture, forestry and fishing",A_1_14_145,Raising of swine and pigs,Animal production,"Crop and animal production, hunting and related service activities","Agriculture, forestry and fishing",A_01_014_0145
Construction (45),Development of building projects,F,41.1,Construction of buildings,Construction of buildings,Construction of buildings,Construction,F_41_410_4100,Real estate activities with own or leased property,Real estate activities with own or leased property,Real estate activities,Real estate activities,M_68_681_6810
Re-processing of secondary construction material into aggregates,Development of building projects,F,41.1,Construction of buildings,Construction of buildings,Construction of buildings,Construction,F_41_410_4100,Real estate activities with own or leased property,Real estate activities with own or leased property,Real estate activities,Real estate activities,M_68_681_6810
Construction (45),Construction of residential and non-residential buildings,F,41.2,Construction of buildings,Construction of buildings,Construction of buildings,Construction,F_41_410_4100,Real estate activities with own or leased property,Real estate activities with own or leased property,Real estate activities,Real estate activities,M_68_681_6810
Re-processing of secondary construction material into aggregates,Construction of residential and non-residential buildings,F,41.2,Construction of buildings,Construction of buildings,Construction of buildings,Construction,F_41_410_4100,Real estate activities with own or leased property,Real estate activities with own or leased property,Real estate activities,Real estate activities,M_68_681_6810
Real estate activities (70),Buying and selling of own real estate,L,68.1,Real estate activities with own or leased property,Real estate activities with own or leased property,Real estate activities,Real estate activities,L_68_681_6810,Real estate activities with own or leased property,Real estate activities with own or leased property,Real estate activities,Real estate activities,M_68_681_6810
Real estate activities (70),Rental and operating of own or leased real estate,L,68.2,Real estate activities with own or leased property,Real estate activities with own or leased property,Real estate activities,Real estate activities,L_68_681_6810,Real estate activities with own or leased property,Real estate activities with own or leased property,Real estate activities,Real estate activities,M_68_681_6810
Public administration and defence; compulsory social security (75),Regulation of and contribution to more efficient operation of businesses,O,84.13,Regulation of and contribution to more efficient operation of businesses,Administration of the State and the economic and social policy of the community,Public administration and defence; compulsory social security,Public administration and defence; compulsory social security,O_84_841_8413,Regulation of and contribution to more efficient operation of businesses,"Administration of the State and the economic, social and environmental policies of the community",Public administration and defence; compulsory social security,Public administration and defence; compulsory social security,P_84_841_8414
Public administration and defence; compulsory social security (75),"Regulation of the activities of providing health care, education, cultural services and other social services, excluding social security",O,84.12,"Regulation of the activities of providing health care, education, cultural services and other social services, excluding social security",Administration of the State and the economic and social policy of the community,Public administration and defence; compulsory social security,Public administration and defence; compulsory social security,O_84_841_8412,Regulation of the activities of providing environmental services,"Administration of the State and the economic, social and environmental policies of the community",Public administration and defence; compulsory social security,Public administration and defence; compulsory social security,P_84_841_8413
Public administration and defence; compulsory social security (75),"Regulation of the activities of providing health care, education, cultural services and other social services, excluding social security",O,84.12,"Regulation of the activities of providing health care, education, cultural services and other social services, excluding social security",Administration of the State and the economic and social policy of the community,Public administration and defence; compulsory social security,Public administration and defence; compulsory social security,O_84_841_8412,"Regulation of the activities of providing health care, education, cultural services and other social services, excluding social security and environment","Administration of the State and the economic, social and environmental policies of the community",Public administration and defence; compulsory social security,Public administration and defence; compulsory social security,P_84_841_8412
"Insurance and pension funding, except compulsory social security (66)",Reinsurance,K,65.2,Reinsurance,Reinsurance,"Insurance, reinsurance and pension funding, except compulsory social security",Financial and insurance activities,K_65_652_6520,Reinsurance,Reinsurance,"Insurance, reinsurance and pension funding, except compulsory social security",Financial and insurance activities,L_65_652_6520
"Biogasification of food waste, incl. land application",Remediation activities and other waste management services,E,39,Remediation activities and other waste management services,Remediation activities and other waste management services,Remediation activities and other waste management services,"Water supply; sewerage, waste management and remediation activities",E_39_390_3900,Remediation and other waste management service activities,Remediation and other waste management service activities,Remediation and other waste management service activities,"Water supply; sewerage, waste management and remediation activities",E_39_390_3900
"Biogasification of paper, incl. land application",Remediation activities and other waste management services,E,39,Remediation activities and other waste management services,Remediation activities and other waste management services,Remediation activities and other waste management services,"Water supply; sewerage, waste management and remediation activities",E_39_390_3900,Remediation and other waste management service activities,Remediation and other waste management service activities,Remediation and other waste management service activities,"Water supply; sewerage, waste management and remediation activities",E_39_390_3900
"Biogasification of sewage slugde, incl. land application",Remediation activities and other waste management services,E,39,Remediation activities and other waste management services,Remediation activities and other waste management services,Remediation activities and other waste management services,"Water supply; sewerage, waste management and remediation activities",E_39_390_3900,Remediation and other waste management service activities,Remediation and other waste management service activities,Remediation and other waste management service activities,"Water supply; sewerage, waste management and remediation activities",E_39_390_3900
"Composting of food waste, incl. land application",Remediation activities and other waste management services,E,39,Remediation activities and other waste management services,Remediation activities and other waste management services,Remediation activities and other waste management services,"Water supply; sewerage, waste management and remediation activities",E_39_390_3900,Remediation and other waste management service activities,Remediation and other waste management service activities,Remediation and other waste management service activities,"Water supply; sewerage, waste management and remediation activities",E_39_390_3900
"Composting of paper and wood, incl. land application",Remediation activities and other waste management services,E,39,Remediation activities and other waste management services,Remediation activities and other waste management services,Remediation activities and other waste management services,"Water supply; sewerage, waste management and remediation activities",E_39_390_3900,Remediation and other waste management service activities,Remediation and other waste management service activities,Remediation and other waste management service activities,"Water supply; sewerage, waste management and remediation activities",E_39_390_3900
Incineration of waste: Food,Remediation activities and other waste management services,E,39,Remediation activities and other waste management services,Remediation activities and other waste management services,Remediation activities and other waste management services,"Water supply; sewerage, waste management and remediation activities",E_39_390_3900,Remediation and other waste management service activities,Remediation and other waste management service activities,Remediation and other waste management service activities,"Water supply; sewerage, waste management and remediation activities",E_39_390_3900
Incineration of waste: Metals and Inert materials,Remediation activities and other waste management services,E,39,Remediation activities and other waste management services,Remediation activities and other waste management services,Remediation activities and other waste management services,"Water supply; sewerage, waste management and remediation activities",E_39_390_3900,Remediation and other waste management service activities,Remediation and other waste management service activities,Remediation and other waste management service activities,"Water supply; sewerage, waste management and remediation activities",E_39_390_3900
Incineration of waste: Oil/Hazardous waste,Remediation activities and other waste management services,E,39,Remediation activities and other waste management services,Remediation activities and other waste management services,Remediation activities and other waste management services,"Water supply; sewerage, waste management and remediation activities",E_39_390_3900,Remediation and other waste management service activities,Remediation and other waste management service activities,Remediation and other waste management service activities,"Water supply; sewerage, waste management and remediation activities",E_39_390_3900
Incineration of waste: Paper,Remediation activities and other waste management services,E,39,Remediation activities and other waste management services,Remediation activities and other waste management services,Remediation activities and other waste management services,"Water supply; sewerage, waste management and remediation activities",E_39_390_3900,Remediation and other waste management service activities,Remediation and other waste management service activities,Remediation and other waste management service activities,"Water supply; sewerage, waste management and remediation activities",E_39_390_3900
Incineration of waste: Plastic,Remediation activities and other waste management services,E,39,Remediation activities and other waste management services,Remediation activities and other waste management services,Remediation activities and other waste management services,"Water supply; sewerage, waste management and remediation activities",E_39_390_3900,Remediation and other waste management service activities,Remediation and other waste management service activities,Remediation and other waste management service activities,"Water supply; sewerage, waste management and remediation activities",E_39_390_3900
Incineration of waste: Textiles,Remediation activities and other waste management services,E,39,Remediation activities and other waste management services,Remediation activities and other waste management services,Remediation activities and other waste management services,"Water supply; sewerage, waste management and remediation activities",E_39_390_3900,Remediation and other waste management service activities,Remediation and other waste management service activities,Remediation and other waste management service activities,"Water supply; sewerage, waste management and remediation activities",E_39_390_3900
Incineration of waste: Wood,Remediation activities and other waste management services,E,39,Remediation activities and other waste management services,Remediation activities and other waste management services,Remediation activities and other waste management services,"Water supply; sewerage, waste management and remediation activities",E_39_390_3900,Remediation and other waste management service activities,Remediation and other waste management service activities,Remediation and other waste management service activities,"Water supply; sewerage, waste management and remediation activities",E_39_390_3900
Landfill of waste: Food,Remediation activities and other waste management services,E,39,Remediation activities and other waste management services,Remediation activities and other waste management services,Remediation activities and other waste management services,"Water supply; sewerage, waste management and remediation activities",E_39_390_3900,Remediation and other waste management service activities,Remediation and other waste management service activities,Remediation and other waste management service activities,"Water supply; sewerage, waste management and remediation activities",E_39_390_3900
Landfill of waste: Inert/metal/hazardous,Remediation activities and other waste management services,E,39,Remediation activities and other waste management services,Remediation activities and other waste management services,Remediation activities and other waste management services,"Water supply; sewerage, waste management and remediation activities",E_39_390_3900,Remediation and other waste management service activities,Remediation and other waste management service activities,Remediation and other waste management service activities,"Water supply; sewerage, waste management and remediation activities",E_39_390_3900
Landfill of waste: Paper,Remediation activities and other waste management services,E,39,Remediation activities and other waste management services,Remediation activities and other waste management services,Remediation activities and other waste management services,"Water supply; sewerage, waste management and remediation activities",E_39_390_3900,Remediation and other waste management service activities,Remediation and other waste management service activities,Remediation and other waste management service activities,"Water supply; sewerage, waste management and remediation activities",E_39_390_3900
Landfill of waste: Plastic,Remediation activities and other waste management services,E,39,Remediation activities and other waste management services,Remediation activities and other waste management services,Remediation activities and other waste management services,"Water supply; sewerage, waste management and remediation activities",E_39_390_3900,Remediation and other waste management service activities,Remediation and other waste management service activities,Remediation and other waste management service activities,"Water supply; sewerage, waste management and remediation activities",E_39_390_3900
Landfill of waste: Textiles,Remediation activities and other waste management services,E,39,Remediation activities and other waste management services,Remediation activities and other waste management services,Remediation activities and other waste management services,"Water supply; sewerage, waste management and remediation activities",E_39_390_3900,Remediation and other waste management service activities,Remediation and other waste management service activities,Remediation and other waste management service activities,"Water supply; sewerage, waste management and remediation activities",E_39_390_3900
Landfill of waste: Wood,Remediation activities and other waste management services,E,39,Remediation activities and other waste management services,Remediation activities and other waste management services,Remediation activities and other waste management services,"Water supply; sewerage, waste management and remediation activities",E_39_390_3900,Remediation and other waste management service activities,Remediation and other waste management service activities,Remediation and other waste management service activities,"Water supply; sewerage, waste management and remediation activities",E_39_390_3900
Renting of machinery and equipment without operator and of personal and household goods (71),Rental and leasing of cars and light motor vehicles,N,77.11,Renting and leasing of motor vehicles,Renting and leasing of motor vehicles,Rental and leasing activities,Administrative and support service activities,N_77_771_7710,Rental and leasing of motor vehicles,Rental and leasing of motor vehicles,Rental and leasing activities,Administrative and support service activities,O_77_771_7710
Renting of machinery and equipment without operator and of personal and household goods (71),Rental and leasing of trucks,N,77.12,Renting and leasing of motor vehicles,Renting and leasing of motor vehicles,Rental and leasing activities,Administrative and support service activities,N_77_771_7710,Rental and leasing of motor vehicles,Rental and leasing of motor vehicles,Rental and leasing activities,Administrative and support service activities,O_77_771_7710
Renting of machinery and equipment without operator and of personal and household goods (71),Rental and leasing of agricultural machinery and equipment,N,77.31,"Renting and leasing of other machinery, equipment and tangible goods","Renting and leasing of other machinery, equipment and tangible goods",Rental and leasing activities,Administrative and support service activities,N_77_773_7730,"Rental and leasing of other machinery, equipment and tangible goods","Rental and leasing of other machinery, equipment and tangible goods",Rental and leasing activities,Administrative and support service activities,O_77_773_7730
Renting of machinery and equipment without operator and of personal and household goods (71),Rental and leasing of construction and civil engineering machinery and equipment,N,77.32,"Renting and leasing of other machinery, equipment and tangible goods","Renting and leasing of other machinery, equipment and tangible goods",Rental and leasing activities,Administrative and support service activities,N_77_773_7730,"Rental and leasing of other machinery, equipment and tangible goods","Rental and leasing of other machinery, equipment and tangible goods",Rental and leasing activities,Administrative and support service activities,O_77_773_7730
Renting of machinery and equipment without operator and of personal and household goods (71),Rental and leasing of office machinery and equipment (including computers),N,77.33,"Renting and leasing of other machinery, equipment and tangible goods","Renting and leasing of other machinery, equipment and tangible goods",Rental and leasing activities,Administrative and support service activities,N_77_773_7730,"Rental and leasing of other machinery, equipment and tangible goods","Rental and leasing of other machinery, equipment and tangible goods",Rental and leasing activities,Administrative and support service activities,O_77_773_7730
Renting of machinery and equipment without operator and of personal and household goods (71),Rental and leasing of water transport equipment,N,77.34,"Renting and leasing of other machinery, equipment and tangible goods","Renting and leasing of other machinery, equipment and tangible goods",Rental and leasing activities,Administrative and support service activities,N_77_773_7730,"Rental and leasing of other machinery, equipment and tangible goods","Rental and leasing of other machinery, equipment and tangible goods",Rental and leasing activities,Administrative and support service activities,O_77_773_7730
Renting of machinery and equipment without operator and of personal and household goods (71),Rental and leasing of air transport equipment,N,77.35,"Renting and leasing of other machinery, equipment and tangible goods","Renting and leasing of other machinery, equipment and tangible goods",Rental and leasing activities,Administrative and support service activities,N_77_773_7730,"Rental and leasing of other machinery, equipment and tangible goods","Rental and leasing of other machinery, equipment and tangible goods",Rental and leasing activities,Administrative and support service activities,O_77_773_7730
Renting of machinery and equipment without operator and of personal and household goods (71),"Rental and leasing of other machinery, equipment and tangible goods n.e.c.",N,77.39,"Renting and leasing of other machinery, equipment and tangible goods","Renting and leasing of other machinery, equipment and tangible goods",Rental and leasing activities,Administrative and support service activities,N_77_773_7730,"Rental and leasing of other machinery, equipment and tangible goods","Rental and leasing of other machinery, equipment and tangible goods",Rental and leasing activities,Administrative and support service activities,O_77_773_7730
Renting of machinery and equipment without operator and of personal and household goods (71),Rental and leasing of other personal and household goods,N,77.29,Renting and leasing of other personal and household goods,Renting and leasing of personal and household goods,Rental and leasing activities,Administrative and support service activities,N_77_772_7729,Rental and leasing of other personal and household goods,Rental and leasing of personal and household goods,Rental and leasing activities,Administrative and support service activities,O_77_772_7729
Renting of machinery and equipment without operator and of personal and household goods (71),Rental of video tapes and disks,N,77.22,Renting of video tapes and disks,Renting and leasing of personal and household goods,Rental and leasing activities,Administrative and support service activities,N_77_772_7722,Rental and leasing of other personal and household goods,Rental and leasing of personal and household goods,Rental and leasing activities,Administrative and support service activities,O_77_772_7729
Renting of machinery and equipment without operator and of personal and household goods (71),Rental and leasing of recreational and sports goods,N,77.21,Renting and leasing of recreational and sports goods,Renting and leasing of personal and household goods,Rental and leasing activities,Administrative and support service activities,N_77_772_7721,Rental and leasing of recreational and sports goods,Rental and leasing of personal and household goods,Rental and leasing activities,Administrative and support service activities,O_77_772_7721
"Manufacture of radio, television and communication equipment and apparatus (32)",Repair of communication equipment,S,95.12,Repair of communication equipment,Repair of computers and communication equipment,Repair of computers and personal and household goods,Other service activities,S_95_951_9512,Repair and maintenance of computers and communication equipment,Repair and maintenance of computers and communication equipment,"Repair and maintenance of computers, personal and household goods, and motor vehicles and motorcycles",Other service activities,T_95_951_9510
"Retail trade, except of motor vehicles and motorcycles; repair of personal and household goods (52)",Repair of communication equipment,S,95.12,Repair of communication equipment,Repair of computers and communication equipment,Repair of computers and personal and household goods,Other service activities,S_95_951_9512,Repair and maintenance of computers and communication equipment,Repair and maintenance of computers and communication equipment,"Repair and maintenance of computers, personal and household goods, and motor vehicles and motorcycles",Other service activities,T_95_951_9510
Computer and related activities (72),Repair of computers and peripheral equipment,S,95.11,Repair of computers and peripheral equipment,Repair of computers and communication equipment,Repair of computers and personal and household goods,Other service activities,S_95_951_9511,Repair and maintenance of computers and communication equipment,Repair and maintenance of computers and communication equipment,"Repair and maintenance of computers, personal and household goods, and motor vehicles and motorcycles",Other service activities,T_95_951_9510
"Retail trade, except of motor vehicles and motorcycles; repair of personal and household goods (52)",Repair of consumer electronics,S,95.21,Repair of consumer electronics,Repair of personal and household goods,Repair of computers and personal and household goods,Other service activities,S_95_952_9521,Repair and maintenance of consumer electronics,Repair and maintenance of personal and household goods,"Repair and maintenance of computers, personal and household goods, and motor vehicles and motorcycles",Other service activities,T_95_952_9521
Manufacture of electrical machinery and apparatus n.e.c. (31),Repair of electrical equipment,C,33.14,Repair of electrical equipment,"Repair of fabricated metal products, machinery and equipment",Repair and installation of machinery and equipment,Manufacturing,C_33_331_3314,Repair and maintenance of electrical equipment,"Repair and maintenance of fabricated metal products, machinery and equipment","Repair, maintenance and installation of machinery and equipment",Manufacturing,C_33_331_3314
Manufacture of electrical machinery and apparatus n.e.c. (31),Repair of electronic and optical equipment,C,33.13,Repair of electronic and optical equipment,"Repair of fabricated metal products, machinery and equipment",Repair and installation of machinery and equipment,Manufacturing,C_33_331_3313,Repair and maintenance of electronic and optical equipment,"Repair and maintenance of fabricated metal products, machinery and equipment","Repair, maintenance and installation of machinery and equipment",Manufacturing,C_33_331_3313
"Manufacture of medical, precision and optical instruments, watches and clocks (33)",Repair of electronic and optical equipment,C,33.13,Repair of electronic and optical equipment,"Repair of fabricated metal products, machinery and equipment",Repair and installation of machinery and equipment,Manufacturing,C_33_331_3313,Repair and maintenance of electronic and optical equipment,"Repair and maintenance of fabricated metal products, machinery and equipment","Repair, maintenance and installation of machinery and equipment",Manufacturing,C_33_331_3313
"Manufacture of radio, television and communication equipment and apparatus (32)",Repair of electronic and optical equipment,C,33.13,Repair of electronic and optical equipment,"Repair of fabricated metal products, machinery and equipment",Repair and installation of machinery and equipment,Manufacturing,C_33_331_3313,Repair and maintenance of electronic and optical equipment,"Repair and maintenance of fabricated metal products, machinery and equipment","Repair, maintenance and installation of machinery and equipment",Manufacturing,C_33_331_3313
"Manufacture of fabricated metal products, except machinery and equipment (28)",Repair of fabricated metal products,C,33.11,Repair of fabricated metal products,"Repair of fabricated metal products, machinery and equipment",Repair and installation of machinery and equipment,Manufacturing,C_33_331_3311,Repair and maintenance of fabricated metal products,"Repair and maintenance of fabricated metal products, machinery and equipment","Repair, maintenance and installation of machinery and equipment",Manufacturing,C_33_331_3311
"Retail trade, except of motor vehicles and motorcycles; repair of personal and household goods (52)",Repair of footwear and leather goods,S,95.23,Repair of footwear and leather goods,Repair of personal and household goods,Repair of computers and personal and household goods,Other service activities,S_95_952_9523,Repair and maintenance of footwear and leather goods,Repair and maintenance of personal and household goods,"Repair and maintenance of computers, personal and household goods, and motor vehicles and motorcycles",Other service activities,T_95_952_9523
Manufacture of furniture; manufacturing n.e.c. (36),Repair of furniture and home furnishings,S,95.24,Repair of furniture and home furnishings,Repair of personal and household goods,Repair of computers and personal and household goods,Other service activities,S_95_952_9524,Repair and maintenance of furniture and home furnishings,Repair and maintenance of personal and household goods,"Repair and maintenance of computers, personal and household goods, and motor vehicles and motorcycles",Other service activities,T_95_952_9524
Manufacture of machinery and equipment n.e.c. (29),Repair of household appliances and home and garden equipment,S,95.22,Repair of household appliances and home and garden equipment,Repair of personal and household goods,Repair of computers and personal and household goods,Other service activities,S_95_952_9522,Repair and maintenance of household appliances and home and garden equipment,Repair and maintenance of personal and household goods,"Repair and maintenance of computers, personal and household goods, and motor vehicles and motorcycles",Other service activities,T_95_952_9522
"Retail trade, except of motor vehicles and motorcycles; repair of personal and household goods (52)",Repair of household appliances and home and garden equipment,S,95.22,Repair of household appliances and home and garden equipment,Repair of personal and household goods,Repair of computers and personal and household goods,Other service activities,S_95_952_9522,Repair and maintenance of household appliances and home and garden equipment,Repair and maintenance of personal and household goods,"Repair and maintenance of computers, personal and household goods, and motor vehicles and motorcycles",Other service activities,T_95_952_9522
Manufacture of machinery and equipment n.e.c. (29),Repair of machinery,C,33.12,Repair of machinery,"Repair of fabricated metal products, machinery and equipment",Repair and installation of machinery and equipment,Manufacturing,C_33_331_3312,Repair and maintenance of machinery,"Repair and maintenance of fabricated metal products, machinery and equipment","Repair, maintenance and installation of machinery and equipment",Manufacturing,C_33_331_3312
"Sale, maintenance, repair of motor vehicles, motor vehicles parts, motorcycles, motor cycles parts and accessoiries",Maintenance and repair of motor vehicles,G,45.2,Maintenance and repair of motor vehicles,Maintenance and repair of motor vehicles,Wholesale and retail trade and repair of motor vehicles and motorcycles,Wholesale and retail trade; repair of motor vehicles and motorcycles,G_45_452_4520,Repair and maintenance of motor vehicles,Repair and maintenance of motor vehicles and motorcycles,"Repair and maintenance of computers, personal and household goods, and motor vehicles and motorcycles",Other service activities,T_95_953_9531
"Sale, maintenance, repair of motor vehicles, motor vehicles parts, motorcycles, motor cycles parts and accessoiries","Sale, maintenance and repair of motorcycles and related parts and accessories",G,45.4,"Sale, maintenance and repair of motorcycles and related parts and accessories","Sale, maintenance and repair of motorcycles and related parts and accessories",Wholesale and retail trade and repair of motor vehicles and motorcycles,Wholesale and retail trade; repair of motor vehicles and motorcycles,G_45_454_4540,Repair and maintenance of motorcycles,Repair and maintenance of motor vehicles and motorcycles,"Repair and maintenance of computers, personal and household goods, and motor vehicles and motorcycles",Other service activities,T_95_953_9532
Manufacture of furniture; manufacturing n.e.c. (36),Repair of other equipment,C,33.19,Repair of other equipment,"Repair of fabricated metal products, machinery and equipment",Repair and installation of machinery and equipment,Manufacturing,C_33_331_3319,Repair and maintenance of other equipment,"Repair and maintenance of fabricated metal products, machinery and equipment","Repair, maintenance and installation of machinery and equipment",Manufacturing,C_33_331_3319
"Retail trade, except of motor vehicles and motorcycles; repair of personal and household goods (52)","Repair of watches, clocks and jewellery",S,95.25,Repair of other personal and household goods,Repair of personal and household goods,Repair of computers and personal and household goods,Other service activities,S_95_952_9529,Repair and maintenance of other personal and household goods,Repair and maintenance of personal and household goods,"Repair and maintenance of computers, personal and household goods, and motor vehicles and motorcycles",Other service activities,T_95_952_9529
Manufacture of furniture; manufacturing n.e.c. (36),Repair of other personal and household goods,S,95.29,Repair of other personal and household goods,Repair of personal and household goods,Repair of computers and personal and household goods,Other service activities,S_95_952_9529,Repair and maintenance of other personal and household goods,Repair and maintenance of personal and household goods,"Repair and maintenance of computers, personal and household goods, and motor vehicles and motorcycles",Other service activities,T_95_952_9529
"Retail trade, except of motor vehicles and motorcycles; repair of personal and household goods (52)",Repair of other personal and household goods,S,95.29,Repair of other personal and household goods,Repair of personal and household goods,Repair of computers and personal and household goods,Other service activities,S_95_952_9529,Repair and maintenance of other personal and household goods,Repair and maintenance of personal and household goods,"Repair and maintenance of computers, personal and household goods, and motor vehicles and motorcycles",Other service activities,T_95_952_9529
Manufacture of other transport equipment (35),Repair and maintenance of ships and boats,C,33.15,"Repair of transport equipment, except motor vehicles","Repair of fabricated metal products, machinery and equipment",Repair and installation of machinery and equipment,Manufacturing,C_33_331_3315,"Repair and maintenance of transport equipment, except motor vehicles","Repair and maintenance of fabricated metal products, machinery and equipment","Repair, maintenance and installation of machinery and equipment",Manufacturing,C_33_331_3315
Manufacture of other transport equipment (35),Repair and maintenance of aircraft and spacecraft,C,33.16,"Repair of transport equipment, except motor vehicles","Repair of fabricated metal products, machinery and equipment",Repair and installation of machinery and equipment,Manufacturing,C_33_331_3315,"Repair and maintenance of transport equipment, except motor vehicles","Repair and maintenance of fabricated metal products, machinery and equipment","Repair, maintenance and installation of machinery and equipment",Manufacturing,C_33_331_3315
Manufacture of other transport equipment (35),Repair and maintenance of other transport equipment,C,33.17,"Repair of transport equipment, except motor vehicles","Repair of fabricated metal products, machinery and equipment",Repair and installation of machinery and equipment,Manufacturing,C_33_331_3315,"Repair and maintenance of transport equipment, except motor vehicles","Repair and maintenance of fabricated metal products, machinery and equipment","Repair, maintenance and installation of machinery and equipment",Manufacturing,C_33_331_3315
"Publishing, printing and reproduction of recorded media (22)",Reproduction of recorded media,C,18.2,Reproduction of recorded media,Reproduction of recorded media,Printing and reproduction of recorded media,Manufacturing,C_18_182_1820,Reproduction of recorded media,Reproduction of recorded media,Printing and reproduction of recorded media,Manufacturing,C_18_182_1820
Research and development (73),Research and experimental development on biotechnology,M,72.11,Research and experimental development on natural sciences and engineering,Research and experimental development on natural sciences and engineering,Scientific research and development,"Professional, scientific and technical activities",M_72_721_7210,Research and experimental development on natural sciences and engineering,Research and experimental development on natural sciences and engineering,Scientific research and development,"Professional, scientific and technical activities",N_72_721_7210
Research and development (73),Other research and experimental development on natural sciences and engineering,M,72.19,Research and experimental development on natural sciences and engineering,Research and experimental development on natural sciences and engineering,Scientific research and development,"Professional, scientific and technical activities",M_72_721_7210,Research and experimental development on natural sciences and engineering,Research and experimental development on natural sciences and engineering,Scientific research and development,"Professional, scientific and technical activities",N_72_721_7210
Research and development (73),Research and experimental development on social sciences and humanities,M,72.2,Research and experimental development on social sciences and humanities,Research and experimental development on social sciences and humanities,Scientific research and development,"Professional, scientific and technical activities",M_72_722_7220,Research and experimental development on social sciences and humanities,Research and experimental development on social sciences and humanities,Scientific research and development,"Professional, scientific and technical activities",N_72_722_7220
Health and social work (85),Residential care activities for the elderly and disabled,Q,87.3,Residential care activities for the elderly and disabled,Residential care activities for the elderly and disabled,Residential care activities,Human health and social work activities,Q_87_873_8730,Residential care activities for older persons or persons with physical disabilities,Residential care activities for older persons or persons with physical disabilities,Residential care activities,Human health and social work activities,R_87_873_8730
Health and social work (85),"Residential care activities for mental retardation, mental health and substance abuse",Q,87.2,"Residential care activities for mental retardation, mental health and substance abuse","Residential care activities for mental retardation, mental health and substance abuse",Residential care activities,Human health and social work activities,Q_87_872_8720,Residential care activities for persons living with or having a diagnosis of a mental illness or substance abuse,Residential care activities for persons living with or having a diagnosis of a mental illness or substance abuse,Residential care activities,Human health and social work activities,R_87_872_8720
Health and social work (85),Residential nursing care activities,Q,87.1,Residential nursing care facilities,Residential nursing care facilities,Residential care activities,Human health and social work activities,Q_87_871_8710,Residential nursing care activities,Residential nursing care activities,Residential care activities,Human health and social work activities,R_87_871_8710
Hotels and restaurants (55),Restaurants and mobile food service activities,I,56.1,Restaurants and mobile food service activities,Restaurants and mobile food service activities,Food and beverage service activities,Accommodation and food service activities,I_56_561_5610,Restaurants and mobile food service activities,Restaurants and mobile food service activities,Food and beverage service activities,Accommodation and food service activities,I_56_561_5610
Retail sale of automotive fuel,Retail sale of automotive fuel in specialised stores,G,47.3,Retail sale of automotive fuel in specialized stores,Retail sale of automotive fuel in specialized stores,"Retail trade, except of motor vehicles and motorcycles",Wholesale and retail trade; repair of motor vehicles and motorcycles,G_47_473_4730,Retail sale of automotive fuel,Retail sale of automotive fuel,Retail trade,Wholesale and retail trade,G_47_473_4730
"Retail trade, except of motor vehicles and motorcycles; repair of personal and household goods (52)",Retail sale of beverages in specialised stores,G,47.25,Retail sale of beverages in specialized stores,"Retail sale of food, beverages and tobacco in specialized stores","Retail trade, except of motor vehicles and motorcycles",Wholesale and retail trade; repair of motor vehicles and motorcycles,G_47_472_4722,Retail sale of beverages,"Retail sale of food, beverages and tobacco",Retail trade,Wholesale and retail trade,G_47_472_4722
"Retail trade, except of motor vehicles and motorcycles; repair of personal and household goods (52)","Retail sale via stalls and markets of food, beverages and tobacco products",G,47.81,"Retail sale via stalls and markets of food, beverages and tobacco products",Retail sale via stalls and markets,"Retail trade, except of motor vehicles and motorcycles",Wholesale and retail trade; repair of motor vehicles and motorcycles,G_47_478_4781,Retail sale of beverages,"Retail sale of food, beverages and tobacco",Retail trade,Wholesale and retail trade,G_47_472_4722
"Retail trade, except of motor vehicles and motorcycles; repair of personal and household goods (52)","Other retail sale not in stores, stalls or markets",G,47.99,"Other retail sale not in stores, stalls or markets","Retail trade not in stores, stalls or markets","Retail trade, except of motor vehicles and motorcycles",Wholesale and retail trade; repair of motor vehicles and motorcycles,G_47_479_4799,Retail sale of beverages,"Retail sale of food, beverages and tobacco",Retail trade,Wholesale and retail trade,G_47_472_4722
"Retail trade, except of motor vehicles and motorcycles; repair of personal and household goods (52)",Retail sale via mail order houses or via Internet,G,47.91,Retail sale via mail order houses or via Internet,"Retail trade not in stores, stalls or markets","Retail trade, except of motor vehicles and motorcycles",Wholesale and retail trade; repair of motor vehicles and motorcycles,G_47_479_4791,Retail sale of beverages,"Retail sale of food, beverages and tobacco",Retail trade,Wholesale and retail trade,G_47_472_4722
"Retail trade, except of motor vehicles and motorcycles; repair of personal and household goods (52)",Retail sale of books in specialised stores,G,47.61,"Retail sale of books, newspapers and stationary in specialized stores",Retail sale of cultural and recreation goods in specialized stores,"Retail trade, except of motor vehicles and motorcycles",Wholesale and retail trade; repair of motor vehicles and motorcycles,G_47_476_4761,"Retail sale of books, newspapers, stationery and office supplies",Retail sale of cultural and recreational goods,Retail trade,Wholesale and retail trade,G_47_476_4761
"Retail trade, except of motor vehicles and motorcycles; repair of personal and household goods (52)",Retail sale of newspapers and stationery in specialised stores,G,47.62,"Retail sale of books, newspapers and stationary in specialized stores",Retail sale of cultural and recreation goods in specialized stores,"Retail trade, except of motor vehicles and motorcycles",Wholesale and retail trade; repair of motor vehicles and motorcycles,G_47_476_4761,"Retail sale of books, newspapers, stationery and office supplies",Retail sale of cultural and recreational goods,Retail trade,Wholesale and retail trade,G_47_476_4761
"Retail trade, except of motor vehicles and motorcycles; repair of personal and household goods (52)",Retail sale via stalls and markets of other goods,G,47.89,Retail sale via stalls and markets of other goods,Retail sale via stalls and markets,"Retail trade, except of motor vehicles and motorcycles",Wholesale and retail trade; repair of motor vehicles and motorcycles,G_47_478_4789,"Retail sale of books, newspapers, stationery and office supplies",Retail sale of cultural and recreational goods,Retail trade,Wholesale and retail trade,G_47_476_4761
"Retail trade, except of motor vehicles and motorcycles; repair of personal and household goods (52)","Other retail sale not in stores, stalls or markets",G,47.99,"Other retail sale not in stores, stalls or markets","Retail trade not in stores, stalls or markets","Retail trade, except of motor vehicles and motorcycles",Wholesale and retail trade; repair of motor vehicles and motorcycles,G_47_479_4799,"Retail sale of books, newspapers, stationery and office supplies",Retail sale of cultural and recreational goods,Retail trade,Wholesale and retail trade,G_47_476_4761
"Retail trade, except of motor vehicles and motorcycles; repair of personal and household goods (52)",Retail sale via mail order houses or via Internet,G,47.91,Retail sale via mail order houses or via Internet,"Retail trade not in stores, stalls or markets","Retail trade, except of motor vehicles and motorcycles",Wholesale and retail trade; repair of motor vehicles and motorcycles,G_47_479_4791,"Retail sale of books, newspapers, stationery and office supplies",Retail sale of cultural and recreational goods,Retail trade,Wholesale and retail trade,G_47_476_4761
"Retail trade, except of motor vehicles and motorcycles; repair of personal and household goods (52)","Retail sale of carpets, rugs, wall and floor coverings in specialised stores",G,47.53,"Retail sale of carpets, rugs, wall and floor coverings in specialized stores",Retail sale of other household equipment in specialized stores,"Retail trade, except of motor vehicles and motorcycles",Wholesale and retail trade; repair of motor vehicles and motorcycles,G_47_475_4753,"Retail sale of carpets, rugs, wall and floor coverings",Retail sale of other household equipment,Retail trade,Wholesale and retail trade,G_47_475_4753
"Retail trade, except of motor vehicles and motorcycles; repair of personal and household goods (52)",Retail sale via stalls and markets of other goods,G,47.89,Retail sale via stalls and markets of other goods,Retail sale via stalls and markets,"Retail trade, except of motor vehicles and motorcycles",Wholesale and retail trade; repair of motor vehicles and motorcycles,G_47_478_4789,"Retail sale of carpets, rugs, wall and floor coverings",Retail sale of other household equipment,Retail trade,Wholesale and retail trade,G_47_475_4753
"Retail trade, except of motor vehicles and motorcycles; repair of personal and household goods (52)","Other retail sale not in stores, stalls or markets",G,47.99,"Other retail sale not in stores, stalls or markets","Retail trade not in stores, stalls or markets","Retail trade, except of motor vehicles and motorcycles",Wholesale and retail trade; repair of motor vehicles and motorcycles,G_47_479_4799,"Retail sale of carpets, rugs, wall and floor coverings",Retail sale of other household equipment,Retail trade,Wholesale and retail trade,G_47_475_4753
"Retail trade, except of motor vehicles and motorcycles; repair of personal and household goods (52)",Retail sale via mail order houses or via Internet,G,47.91,Retail sale via mail order houses or via Internet,"Retail trade not in stores, stalls or markets","Retail trade, except of motor vehicles and motorcycles",Wholesale and retail trade; repair of motor vehicles and motorcycles,G_47_479_4791,"Retail sale of carpets, rugs, wall and floor coverings",Retail sale of other household equipment,Retail trade,Wholesale and retail trade,G_47_475_4753
"Retail trade, except of motor vehicles and motorcycles; repair of personal and household goods (52)",Retail sale of clothing in specialised stores,G,47.71,"Retail sale of clothing, footwear and leather articles in specialized stores",Retail sale of other goods in specialized stores,"Retail trade, except of motor vehicles and motorcycles",Wholesale and retail trade; repair of motor vehicles and motorcycles,G_47_477_4771,"Retail sale of clothing, footwear and leather articles","Retail sale of other goods, except motor vehicles and motorcycles",Retail trade,Wholesale and retail trade,G_47_477_4771
"Retail trade, except of motor vehicles and motorcycles; repair of personal and household goods (52)",Retail sale of footwear and leather goods in specialised stores,G,47.72,"Retail sale of clothing, footwear and leather articles in specialized stores",Retail sale of other goods in specialized stores,"Retail trade, except of motor vehicles and motorcycles",Wholesale and retail trade; repair of motor vehicles and motorcycles,G_47_477_4771,"Retail sale of clothing, footwear and leather articles","Retail sale of other goods, except motor vehicles and motorcycles",Retail trade,Wholesale and retail trade,G_47_477_4771
"Retail trade, except of motor vehicles and motorcycles; repair of personal and household goods (52)","Retail sale via stalls and markets of textiles, clothing and footwear",G,47.82,"Retail sale via stalls and markets of textiles, clothing and footwear",Retail sale via stalls and markets,"Retail trade, except of motor vehicles and motorcycles",Wholesale and retail trade; repair of motor vehicles and motorcycles,G_47_478_4782,"Retail sale of clothing, footwear and leather articles","Retail sale of other goods, except motor vehicles and motorcycles",Retail trade,Wholesale and retail trade,G_47_477_4771
"Retail trade, except of motor vehicles and motorcycles; repair of personal and household goods (52)","Other retail sale not in stores, stalls or markets",G,47.99,"Other retail sale not in stores, stalls or markets","Retail trade not in stores, stalls or markets","Retail trade, except of motor vehicles and motorcycles",Wholesale and retail trade; repair of motor vehicles and motorcycles,G_47_479_4799,"Retail sale of clothing, footwear and leather articles","Retail sale of other goods, except motor vehicles and motorcycles",Retail trade,Wholesale and retail trade,G_47_477_4771
"Retail trade, except of motor vehicles and motorcycles; repair of personal and household goods (52)",Retail sale via mail order houses or via Internet,G,47.91,Retail sale via mail order houses or via Internet,"Retail trade not in stores, stalls or markets","Retail trade, except of motor vehicles and motorcycles",Wholesale and retail trade; repair of motor vehicles and motorcycles,G_47_479_4791,"Retail sale of clothing, footwear and leather articles","Retail sale of other goods, except motor vehicles and motorcycles",Retail trade,Wholesale and retail trade,G_47_477_4771
"Retail trade, except of motor vehicles and motorcycles; repair of personal and household goods (52)",Retail sale of music and video recordings in specialised stores,G,47.63,Retail sale of music and video recordings in specialized stores,Retail sale of cultural and recreation goods in specialized stores,"Retail trade, except of motor vehicles and motorcycles",Wholesale and retail trade; repair of motor vehicles and motorcycles,G_47_476_4762,Retail sale of cultural and recreational goods n.e.c.,Retail sale of cultural and recreational goods,Retail trade,Wholesale and retail trade,G_47_476_4769
"Retail trade, except of motor vehicles and motorcycles; repair of personal and household goods (52)","Retail sale of flowers, plants, seeds, fertilisers, pet animals and pet food in specialised stores",G,47.76,Other retail sale of new goods in specialized stores,Retail sale of other goods in specialized stores,"Retail trade, except of motor vehicles and motorcycles",Wholesale and retail trade; repair of motor vehicles and motorcycles,G_47_477_4773,Retail sale of cultural and recreational goods n.e.c.,Retail sale of cultural and recreational goods,Retail trade,Wholesale and retail trade,G_47_476_4769
"Retail trade, except of motor vehicles and motorcycles; repair of personal and household goods (52)",Retail sale of watches and jewellery in specialised stores,G,47.77,Other retail sale of new goods in specialized stores,Retail sale of other goods in specialized stores,"Retail trade, except of motor vehicles and motorcycles",Wholesale and retail trade; repair of motor vehicles and motorcycles,G_47_477_4773,Retail sale of cultural and recreational goods n.e.c.,Retail sale of cultural and recreational goods,Retail trade,Wholesale and retail trade,G_47_476_4769
"Retail trade, except of motor vehicles and motorcycles; repair of personal and household goods (52)",Other retail sale of new goods in specialised stores,G,47.78,Other retail sale of new goods in specialized stores,Retail sale of other goods in specialized stores,"Retail trade, except of motor vehicles and motorcycles",Wholesale and retail trade; repair of motor vehicles and motorcycles,G_47_477_4773,Retail sale of cultural and recreational goods n.e.c.,Retail sale of cultural and recreational goods,Retail trade,Wholesale and retail trade,G_47_476_4769
"Retail trade, except of motor vehicles and motorcycles; repair of personal and household goods (52)",Retail sale via stalls and markets of other goods,G,47.89,Retail sale via stalls and markets of other goods,Retail sale via stalls and markets,"Retail trade, except of motor vehicles and motorcycles",Wholesale and retail trade; repair of motor vehicles and motorcycles,G_47_478_4789,Retail sale of cultural and recreational goods n.e.c.,Retail sale of cultural and recreational goods,Retail trade,Wholesale and retail trade,G_47_476_4769
"Retail trade, except of motor vehicles and motorcycles; repair of personal and household goods (52)","Other retail sale not in stores, stalls or markets",G,47.99,"Other retail sale not in stores, stalls or markets","Retail trade not in stores, stalls or markets","Retail trade, except of motor vehicles and motorcycles",Wholesale and retail trade; repair of motor vehicles and motorcycles,G_47_479_4799,Retail sale of cultural and recreational goods n.e.c.,Retail sale of cultural and recreational goods,Retail trade,Wholesale and retail trade,G_47_476_4769
"Retail trade, except of motor vehicles and motorcycles; repair of personal and household goods (52)",Retail sale via mail order houses or via Internet,G,47.91,Retail sale via mail order houses or via Internet,"Retail trade not in stores, stalls or markets","Retail trade, except of motor vehicles and motorcycles",Wholesale and retail trade; repair of motor vehicles and motorcycles,G_47_479_4791,Retail sale of cultural and recreational goods n.e.c.,Retail sale of cultural and recreational goods,Retail trade,Wholesale and retail trade,G_47_476_4769
"Retail trade, except of motor vehicles and motorcycles; repair of personal and household goods (52)",Retail sale of electrical household appliances in specialised stores,G,47.54,"Retail sale of electrical household appliances, furniture, lighting equipment and other household articles in specialized stores",Retail sale of other household equipment in specialized stores,"Retail trade, except of motor vehicles and motorcycles",Wholesale and retail trade; repair of motor vehicles and motorcycles,G_47_475_4759,"Retail sale of electrical household appliances, furniture, lighting equipment and other household articles",Retail sale of other household equipment,Retail trade,Wholesale and retail trade,G_47_475_4759
"Retail trade, except of motor vehicles and motorcycles; repair of personal and household goods (52)","Retail sale of furniture, lighting equipment and other household articles in specialised stores",G,47.59,"Retail sale of electrical household appliances, furniture, lighting equipment and other household articles in specialized stores",Retail sale of other household equipment in specialized stores,"Retail trade, except of motor vehicles and motorcycles",Wholesale and retail trade; repair of motor vehicles and motorcycles,G_47_475_4759,"Retail sale of electrical household appliances, furniture, lighting equipment and other household articles",Retail sale of other household equipment,Retail trade,Wholesale and retail trade,G_47_475_4759
"Retail trade, except of motor vehicles and motorcycles; repair of personal and household goods (52)",Retail sale via stalls and markets of other goods,G,47.89,Retail sale via stalls and markets of other goods,Retail sale via stalls and markets,"Retail trade, except of motor vehicles and motorcycles",Wholesale and retail trade; repair of motor vehicles and motorcycles,G_47_478_4789,"Retail sale of electrical household appliances, furniture, lighting equipment and other household articles",Retail sale of other household equipment,Retail trade,Wholesale and retail trade,G_47_475_4759
"Retail trade, except of motor vehicles and motorcycles; repair of personal and household goods (52)","Other retail sale not in stores, stalls or markets",G,47.99,"Other retail sale not in stores, stalls or markets","Retail trade not in stores, stalls or markets","Retail trade, except of motor vehicles and motorcycles",Wholesale and retail trade; repair of motor vehicles and motorcycles,G_47_479_4799,"Retail sale of electrical household appliances, furniture, lighting equipment and other household articles",Retail sale of other household equipment,Retail trade,Wholesale and retail trade,G_47_475_4759
"Retail trade, except of motor vehicles and motorcycles; repair of personal and household goods (52)",Retail sale via mail order houses or via Internet,G,47.91,Retail sale via mail order houses or via Internet,"Retail trade not in stores, stalls or markets","Retail trade, except of motor vehicles and motorcycles",Wholesale and retail trade; repair of motor vehicles and motorcycles,G_47_479_4791,"Retail sale of electrical household appliances, furniture, lighting equipment and other household articles",Retail sale of other household equipment,Retail trade,Wholesale and retail trade,G_47_475_4759
"Retail trade, except of motor vehicles and motorcycles; repair of personal and household goods (52)",Retail sale of fruit and vegetables in specialised stores,G,47.21,Retail sale of food in specialized stores,"Retail sale of food, beverages and tobacco in specialized stores","Retail trade, except of motor vehicles and motorcycles",Wholesale and retail trade; repair of motor vehicles and motorcycles,G_47_472_4721,Retail sale of food,"Retail sale of food, beverages and tobacco",Retail trade,Wholesale and retail trade,G_47_472_4721
"Retail trade, except of motor vehicles and motorcycles; repair of personal and household goods (52)",Retail sale of meat and meat products in specialised stores,G,47.22,Retail sale of food in specialized stores,"Retail sale of food, beverages and tobacco in specialized stores","Retail trade, except of motor vehicles and motorcycles",Wholesale and retail trade; repair of motor vehicles and motorcycles,G_47_472_4721,Retail sale of food,"Retail sale of food, beverages and tobacco",Retail trade,Wholesale and retail trade,G_47_472_4721
"Retail trade, except of motor vehicles and motorcycles; repair of personal and household goods (52)","Retail sale of fish, crustaceans and molluscs in specialised stores",G,47.23,Retail sale of food in specialized stores,"Retail sale of food, beverages and tobacco in specialized stores","Retail trade, except of motor vehicles and motorcycles",Wholesale and retail trade; repair of motor vehicles and motorcycles,G_47_472_4721,Retail sale of food,"Retail sale of food, beverages and tobacco",Retail trade,Wholesale and retail trade,G_47_472_4721
"Retail trade, except of motor vehicles and motorcycles; repair of personal and household goods (52)","Retail sale of bread, cakes, flour confectionery and sugar confectionery in specialised stores",G,47.24,Retail sale of food in specialized stores,"Retail sale of food, beverages and tobacco in specialized stores","Retail trade, except of motor vehicles and motorcycles",Wholesale and retail trade; repair of motor vehicles and motorcycles,G_47_472_4721,Retail sale of food,"Retail sale of food, beverages and tobacco",Retail trade,Wholesale and retail trade,G_47_472_4721
"Retail trade, except of motor vehicles and motorcycles; repair of personal and household goods (52)",Other retail sale of food in specialised stores,G,47.29,Retail sale of food in specialized stores,"Retail sale of food, beverages and tobacco in specialized stores","Retail trade, except of motor vehicles and motorcycles",Wholesale and retail trade; repair of motor vehicles and motorcycles,G_47_472_4721,Retail sale of food,"Retail sale of food, beverages and tobacco",Retail trade,Wholesale and retail trade,G_47_472_4721
"Retail trade, except of motor vehicles and motorcycles; repair of personal and household goods (52)","Retail sale via stalls and markets of food, beverages and tobacco products",G,47.81,"Retail sale via stalls and markets of food, beverages and tobacco products",Retail sale via stalls and markets,"Retail trade, except of motor vehicles and motorcycles",Wholesale and retail trade; repair of motor vehicles and motorcycles,G_47_478_4781,Retail sale of food,"Retail sale of food, beverages and tobacco",Retail trade,Wholesale and retail trade,G_47_472_4721
"Retail trade, except of motor vehicles and motorcycles; repair of personal and household goods (52)","Other retail sale not in stores, stalls or markets",G,47.99,"Other retail sale not in stores, stalls or markets","Retail trade not in stores, stalls or markets","Retail trade, except of motor vehicles and motorcycles",Wholesale and retail trade; repair of motor vehicles and motorcycles,G_47_479_4799,Retail sale of food,"Retail sale of food, beverages and tobacco",Retail trade,Wholesale and retail trade,G_47_472_4721
"Retail trade, except of motor vehicles and motorcycles; repair of personal and household goods (52)",Retail sale via mail order houses or via Internet,G,47.91,Retail sale via mail order houses or via Internet,"Retail trade not in stores, stalls or markets","Retail trade, except of motor vehicles and motorcycles",Wholesale and retail trade; repair of motor vehicles and motorcycles,G_47_479_4791,Retail sale of food,"Retail sale of food, beverages and tobacco",Retail trade,Wholesale and retail trade,G_47_472_4721
"Retail trade, except of motor vehicles and motorcycles; repair of personal and household goods (52)",Retail sale of games and toys in specialised stores,G,47.65,Retail sale of games and toys in specialized stores,Retail sale of cultural and recreation goods in specialized stores,"Retail trade, except of motor vehicles and motorcycles",Wholesale and retail trade; repair of motor vehicles and motorcycles,G_47_476_4764,Retail sale of games and toys,Retail sale of cultural and recreational goods,Retail trade,Wholesale and retail trade,G_47_476_4763
"Retail trade, except of motor vehicles and motorcycles; repair of personal and household goods (52)",Retail sale via stalls and markets of other goods,G,47.89,Retail sale via stalls and markets of other goods,Retail sale via stalls and markets,"Retail trade, except of motor vehicles and motorcycles",Wholesale and retail trade; repair of motor vehicles and motorcycles,G_47_478_4789,Retail sale of games and toys,Retail sale of cultural and recreational goods,Retail trade,Wholesale and retail trade,G_47_476_4763
"Retail trade, except of motor vehicles and motorcycles; repair of personal and household goods (52)","Other retail sale not in stores, stalls or markets",G,47.99,"Other retail sale not in stores, stalls or markets","Retail trade not in stores, stalls or markets","Retail trade, except of motor vehicles and motorcycles",Wholesale and retail trade; repair of motor vehicles and motorcycles,G_47_479_4799,Retail sale of games and toys,Retail sale of cultural and recreational goods,Retail trade,Wholesale and retail trade,G_47_476_4763
"Retail trade, except of motor vehicles and motorcycles; repair of personal and household goods (52)",Retail sale via mail order houses or via Internet,G,47.91,Retail sale via mail order houses or via Internet,"Retail trade not in stores, stalls or markets","Retail trade, except of motor vehicles and motorcycles",Wholesale and retail trade; repair of motor vehicles and motorcycles,G_47_479_4791,Retail sale of games and toys,Retail sale of cultural and recreational goods,Retail trade,Wholesale and retail trade,G_47_476_4763
"Retail trade, except of motor vehicles and motorcycles; repair of personal and household goods (52)","Retail sale of hardware, paints and glass in specialised stores",G,47.52,"Retail sale of hardware, paints and glass in specialized stores",Retail sale of other household equipment in specialized stores,"Retail trade, except of motor vehicles and motorcycles",Wholesale and retail trade; repair of motor vehicles and motorcycles,G_47_475_4752,"Retail sale of hardware, building materials, paints and glass",Retail sale of other household equipment,Retail trade,Wholesale and retail trade,G_47_475_4752
"Retail trade, except of motor vehicles and motorcycles; repair of personal and household goods (52)",Retail sale via stalls and markets of other goods,G,47.89,Retail sale via stalls and markets of other goods,Retail sale via stalls and markets,"Retail trade, except of motor vehicles and motorcycles",Wholesale and retail trade; repair of motor vehicles and motorcycles,G_47_478_4789,"Retail sale of hardware, building materials, paints and glass",Retail sale of other household equipment,Retail trade,Wholesale and retail trade,G_47_475_4752
"Retail trade, except of motor vehicles and motorcycles; repair of personal and household goods (52)","Other retail sale not in stores, stalls or markets",G,47.99,"Other retail sale not in stores, stalls or markets","Retail trade not in stores, stalls or markets","Retail trade, except of motor vehicles and motorcycles",Wholesale and retail trade; repair of motor vehicles and motorcycles,G_47_479_4799,"Retail sale of hardware, building materials, paints and glass",Retail sale of other household equipment,Retail trade,Wholesale and retail trade,G_47_475_4752
"Retail trade, except of motor vehicles and motorcycles; repair of personal and household goods (52)",Retail sale via mail order houses or via Internet,G,47.91,Retail sale via mail order houses or via Internet,"Retail trade not in stores, stalls or markets","Retail trade, except of motor vehicles and motorcycles",Wholesale and retail trade; repair of motor vehicles and motorcycles,G_47_479_4791,"Retail sale of hardware, building materials, paints and glass",Retail sale of other household equipment,Retail trade,Wholesale and retail trade,G_47_475_4752
"Retail trade, except of motor vehicles and motorcycles; repair of personal and household goods (52)",Retail sale of audio and video equipment in specialised stores,G,47.43,Retail sale of audio and video equipment in specialized stores,Retail sale of information and communications equipment in specialized stores,"Retail trade, except of motor vehicles and motorcycles",Wholesale and retail trade; repair of motor vehicles and motorcycles,G_47_474_4742,Retail sale of information and communication equipment,Retail sale of information and communication equipment,Retail trade,Wholesale and retail trade,G_47_474_4740
"Retail trade, except of motor vehicles and motorcycles; repair of personal and household goods (52)","Retail sale of computers, peripheral units and software in specialised stores",G,47.41,"Retail sale of computers, peripheral units, software and telecommunications equipment in specialized stores",Retail sale of information and communications equipment in specialized stores,"Retail trade, except of motor vehicles and motorcycles",Wholesale and retail trade; repair of motor vehicles and motorcycles,G_47_474_4741,Retail sale of information and communication equipment,Retail sale of information and communication equipment,Retail trade,Wholesale and retail trade,G_47_474_4740
"Retail trade, except of motor vehicles and motorcycles; repair of personal and household goods (52)",Retail sale of telecommunications equipment in specialised stores,G,47.42,"Retail sale of computers, peripheral units, software and telecommunications equipment in specialized stores",Retail sale of information and communications equipment in specialized stores,"Retail trade, except of motor vehicles and motorcycles",Wholesale and retail trade; repair of motor vehicles and motorcycles,G_47_474_4741,Retail sale of information and communication equipment,Retail sale of information and communication equipment,Retail trade,Wholesale and retail trade,G_47_474_4740
"Retail trade, except of motor vehicles and motorcycles; repair of personal and household goods (52)",Retail sale via stalls and markets of other goods,G,47.89,Retail sale via stalls and markets of other goods,Retail sale via stalls and markets,"Retail trade, except of motor vehicles and motorcycles",Wholesale and retail trade; repair of motor vehicles and motorcycles,G_47_478_4789,Retail sale of information and communication equipment,Retail sale of information and communication equipment,Retail trade,Wholesale and retail trade,G_47_474_4740
"Retail trade, except of motor vehicles and motorcycles; repair of personal and household goods (52)","Other retail sale not in stores, stalls or markets",G,47.99,"Other retail sale not in stores, stalls or markets","Retail trade not in stores, stalls or markets","Retail trade, except of motor vehicles and motorcycles",Wholesale and retail trade; repair of motor vehicles and motorcycles,G_47_479_4799,Retail sale of information and communication equipment,Retail sale of information and communication equipment,Retail trade,Wholesale and retail trade,G_47_474_4740
"Retail trade, except of motor vehicles and motorcycles; repair of personal and household goods (52)",Retail sale via mail order houses or via Internet,G,47.91,Retail sale via mail order houses or via Internet,"Retail trade not in stores, stalls or markets","Retail trade, except of motor vehicles and motorcycles",Wholesale and retail trade; repair of motor vehicles and motorcycles,G_47_479_4791,Retail sale of information and communication equipment,Retail sale of information and communication equipment,Retail trade,Wholesale and retail trade,G_47_474_4740
"Sale, maintenance, repair of motor vehicles, motor vehicles parts, motorcycles, motor cycles parts and accessoiries",Wholesale trade of motor vehicle parts and accessories,G,45.31,Sale of motor vehicle parts and accessories,Sale of motor vehicle parts and accessories,Wholesale and retail trade and repair of motor vehicles and motorcycles,Wholesale and retail trade; repair of motor vehicles and motorcycles,G_45_453_4530,Retail sale of motor vehicle parts and accessories,"Retail sale of motor vehicles, motorcycles and related parts and accessories",Retail trade,Wholesale and retail trade,G_47_478_4782
"Sale, maintenance, repair of motor vehicles, motor vehicles parts, motorcycles, motor cycles parts and accessoiries",Retail trade of motor vehicle parts and accessories,G,45.32,Sale of motor vehicle parts and accessories,Sale of motor vehicle parts and accessories,Wholesale and retail trade and repair of motor vehicles and motorcycles,Wholesale and retail trade; repair of motor vehicles and motorcycles,G_45_453_4530,Retail sale of motor vehicle parts and accessories,"Retail sale of motor vehicles, motorcycles and related parts and accessories",Retail trade,Wholesale and retail trade,G_47_478_4782
"Sale, maintenance, repair of motor vehicles, motor vehicles parts, motorcycles, motor cycles parts and accessoiries",Sale of cars and light motor vehicles,G,45.11,Sale of motor vehicles,Sale of motor vehicles,Wholesale and retail trade and repair of motor vehicles and motorcycles,Wholesale and retail trade; repair of motor vehicles and motorcycles,G_45_451_4510,Retail sale of motor vehicles,"Retail sale of motor vehicles, motorcycles and related parts and accessories",Retail trade,Wholesale and retail trade,G_47_478_4781
"Sale, maintenance, repair of motor vehicles, motor vehicles parts, motorcycles, motor cycles parts and accessoiries",Sale of other motor vehicles,G,45.19,Sale of motor vehicles,Sale of motor vehicles,Wholesale and retail trade and repair of motor vehicles and motorcycles,Wholesale and retail trade; repair of motor vehicles and motorcycles,G_45_451_4510,Retail sale of motor vehicles,"Retail sale of motor vehicles, motorcycles and related parts and accessories",Retail trade,Wholesale and retail trade,G_47_478_4781
"Sale, maintenance, repair of motor vehicles, motor vehicles parts, motorcycles, motor cycles parts and accessoiries","Sale, maintenance and repair of motorcycles and related parts and accessories",G,45.4,"Sale, maintenance and repair of motorcycles and related parts and accessories","Sale, maintenance and repair of motorcycles and related parts and accessories",Wholesale and retail trade and repair of motor vehicles and motorcycles,Wholesale and retail trade; repair of motor vehicles and motorcycles,G_45_454_4540,"Retail sale of motorcycles, motorcycles parts and accessories","Retail sale of motor vehicles, motorcycles and related parts and accessories",Retail trade,Wholesale and retail trade,G_47_478_4783
"Retail trade, except of motor vehicles and motorcycles; repair of personal and household goods (52)","Retail sale of flowers, plants, seeds, fertilisers, pet animals and pet food in specialised stores",G,47.76,Other retail sale of new goods in specialized stores,Retail sale of other goods in specialized stores,"Retail trade, except of motor vehicles and motorcycles",Wholesale and retail trade; repair of motor vehicles and motorcycles,G_47_477_4773,Retail sale of other new goods n.e.c.,"Retail sale of other goods, except motor vehicles and motorcycles",Retail trade,Wholesale and retail trade,G_47_477_4773
"Retail trade, except of motor vehicles and motorcycles; repair of personal and household goods (52)",Retail sale of watches and jewellery in specialised stores,G,47.77,Other retail sale of new goods in specialized stores,Retail sale of other goods in specialized stores,"Retail trade, except of motor vehicles and motorcycles",Wholesale and retail trade; repair of motor vehicles and motorcycles,G_47_477_4773,Retail sale of other new goods n.e.c.,"Retail sale of other goods, except motor vehicles and motorcycles",Retail trade,Wholesale and retail trade,G_47_477_4773
"Retail trade, except of motor vehicles and motorcycles; repair of personal and household goods (52)",Other retail sale of new goods in specialised stores,G,47.78,Other retail sale of new goods in specialized stores,Retail sale of other goods in specialized stores,"Retail trade, except of motor vehicles and motorcycles",Wholesale and retail trade; repair of motor vehicles and motorcycles,G_47_477_4773,Retail sale of other new goods n.e.c.,"Retail sale of other goods, except motor vehicles and motorcycles",Retail trade,Wholesale and retail trade,G_47_477_4773
"Retail trade, except of motor vehicles and motorcycles; repair of personal and household goods (52)",Retail sale via stalls and markets of other goods,G,47.89,Retail sale via stalls and markets of other goods,Retail sale via stalls and markets,"Retail trade, except of motor vehicles and motorcycles",Wholesale and retail trade; repair of motor vehicles and motorcycles,G_47_478_4789,Retail sale of other new goods n.e.c.,"Retail sale of other goods, except motor vehicles and motorcycles",Retail trade,Wholesale and retail trade,G_47_477_4773
"Retail trade, except of motor vehicles and motorcycles; repair of personal and household goods (52)",Dispensing chemist in specialised stores,G,47.73,"Retail sale of pharmaceutical and medical goods, cosmetic and toilet articles in specialized stores",Retail sale of other goods in specialized stores,"Retail trade, except of motor vehicles and motorcycles",Wholesale and retail trade; repair of motor vehicles and motorcycles,G_47_477_4772,"Retail sale of pharmaceutical and medical goods, cosmetic and toilet articles","Retail sale of other goods, except motor vehicles and motorcycles",Retail trade,Wholesale and retail trade,G_47_477_4772
"Retail trade, except of motor vehicles and motorcycles; repair of personal and household goods (52)",Retail sale of medical and orthopaedic goods in specialised stores,G,47.74,"Retail sale of pharmaceutical and medical goods, cosmetic and toilet articles in specialized stores",Retail sale of other goods in specialized stores,"Retail trade, except of motor vehicles and motorcycles",Wholesale and retail trade; repair of motor vehicles and motorcycles,G_47_477_4772,"Retail sale of pharmaceutical and medical goods, cosmetic and toilet articles","Retail sale of other goods, except motor vehicles and motorcycles",Retail trade,Wholesale and retail trade,G_47_477_4772
"Retail trade, except of motor vehicles and motorcycles; repair of personal and household goods (52)",Retail sale of cosmetic and toilet articles in specialised stores,G,47.75,"Retail sale of pharmaceutical and medical goods, cosmetic and toilet articles in specialized stores",Retail sale of other goods in specialized stores,"Retail trade, except of motor vehicles and motorcycles",Wholesale and retail trade; repair of motor vehicles and motorcycles,G_47_477_4772,"Retail sale of pharmaceutical and medical goods, cosmetic and toilet articles","Retail sale of other goods, except motor vehicles and motorcycles",Retail trade,Wholesale and retail trade,G_47_477_4772
"Retail trade, except of motor vehicles and motorcycles; repair of personal and household goods (52)",Retail sale via stalls and markets of other goods,G,47.89,Retail sale via stalls and markets of other goods,Retail sale via stalls and markets,"Retail trade, except of motor vehicles and motorcycles",Wholesale and retail trade; repair of motor vehicles and motorcycles,G_47_478_4789,"Retail sale of pharmaceutical and medical goods, cosmetic and toilet articles","Retail sale of other goods, except motor vehicles and motorcycles",Retail trade,Wholesale and retail trade,G_47_477_4772
"Retail trade, except of motor vehicles and motorcycles; repair of personal and household goods (52)","Other retail sale not in stores, stalls or markets",G,47.99,"Other retail sale not in stores, stalls or markets","Retail trade not in stores, stalls or markets","Retail trade, except of motor vehicles and motorcycles",Wholesale and retail trade; repair of motor vehicles and motorcycles,G_47_479_4799,"Retail sale of pharmaceutical and medical goods, cosmetic and toilet articles","Retail sale of other goods, except motor vehicles and motorcycles",Retail trade,Wholesale and retail trade,G_47_477_4772
"Retail trade, except of motor vehicles and motorcycles; repair of personal and household goods (52)",Retail sale via mail order houses or via Internet,G,47.91,Retail sale via mail order houses or via Internet,"Retail trade not in stores, stalls or markets","Retail trade, except of motor vehicles and motorcycles",Wholesale and retail trade; repair of motor vehicles and motorcycles,G_47_479_4791,"Retail sale of pharmaceutical and medical goods, cosmetic and toilet articles","Retail sale of other goods, except motor vehicles and motorcycles",Retail trade,Wholesale and retail trade,G_47_477_4772
"Retail trade, except of motor vehicles and motorcycles; repair of personal and household goods (52)",Retail sale of second-hand goods in stores,G,47.79,Retail sale of second-hand goods,Retail sale of other goods in specialized stores,"Retail trade, except of motor vehicles and motorcycles",Wholesale and retail trade; repair of motor vehicles and motorcycles,G_47_477_4774,Retail sale of second-hand goods,"Retail sale of other goods, except motor vehicles and motorcycles",Retail trade,Wholesale and retail trade,G_47_477_4774
"Retail trade, except of motor vehicles and motorcycles; repair of personal and household goods (52)",Retail sale via stalls and markets of other goods,G,47.89,Retail sale via stalls and markets of other goods,Retail sale via stalls and markets,"Retail trade, except of motor vehicles and motorcycles",Wholesale and retail trade; repair of motor vehicles and motorcycles,G_47_478_4789,Retail sale of second-hand goods,"Retail sale of other goods, except motor vehicles and motorcycles",Retail trade,Wholesale and retail trade,G_47_477_4774
"Retail trade, except of motor vehicles and motorcycles; repair of personal and household goods (52)","Retail sale via stalls and markets of textiles, clothing and footwear",G,47.82,"Retail sale via stalls and markets of textiles, clothing and footwear",Retail sale via stalls and markets,"Retail trade, except of motor vehicles and motorcycles",Wholesale and retail trade; repair of motor vehicles and motorcycles,G_47_478_4782,Retail sale of second-hand goods,"Retail sale of other goods, except motor vehicles and motorcycles",Retail trade,Wholesale and retail trade,G_47_477_4774
"Retail trade, except of motor vehicles and motorcycles; repair of personal and household goods (52)","Other retail sale not in stores, stalls or markets",G,47.99,"Other retail sale not in stores, stalls or markets","Retail trade not in stores, stalls or markets","Retail trade, except of motor vehicles and motorcycles",Wholesale and retail trade; repair of motor vehicles and motorcycles,G_47_479_4799,Retail sale of second-hand goods,"Retail sale of other goods, except motor vehicles and motorcycles",Retail trade,Wholesale and retail trade,G_47_477_4774
"Retail trade, except of motor vehicles and motorcycles; repair of personal and household goods (52)",Retail sale via mail order houses or via Internet,G,47.91,Retail sale via mail order houses or via Internet,"Retail trade not in stores, stalls or markets","Retail trade, except of motor vehicles and motorcycles",Wholesale and retail trade; repair of motor vehicles and motorcycles,G_47_479_4791,Retail sale of second-hand goods,"Retail sale of other goods, except motor vehicles and motorcycles",Retail trade,Wholesale and retail trade,G_47_477_4774
"Retail trade, except of motor vehicles and motorcycles; repair of personal and household goods (52)",Retail sale of sporting equipment in specialised stores,G,47.64,Retail sale of sporting equipment in specialized stores,Retail sale of cultural and recreation goods in specialized stores,"Retail trade, except of motor vehicles and motorcycles",Wholesale and retail trade; repair of motor vehicles and motorcycles,G_47_476_4763,Retail sale of sporting equipment,Retail sale of cultural and recreational goods,Retail trade,Wholesale and retail trade,G_47_476_4762
"Retail trade, except of motor vehicles and motorcycles; repair of personal and household goods (52)",Retail sale via stalls and markets of other goods,G,47.89,Retail sale via stalls and markets of other goods,Retail sale via stalls and markets,"Retail trade, except of motor vehicles and motorcycles",Wholesale and retail trade; repair of motor vehicles and motorcycles,G_47_478_4789,Retail sale of sporting equipment,Retail sale of cultural and recreational goods,Retail trade,Wholesale and retail trade,G_47_476_4762
"Retail trade, except of motor vehicles and motorcycles; repair of personal and household goods (52)","Other retail sale not in stores, stalls or markets",G,47.99,"Other retail sale not in stores, stalls or markets","Retail trade not in stores, stalls or markets","Retail trade, except of motor vehicles and motorcycles",Wholesale and retail trade; repair of motor vehicles and motorcycles,G_47_479_4799,Retail sale of sporting equipment,Retail sale of cultural and recreational goods,Retail trade,Wholesale and retail trade,G_47_476_4762
"Retail trade, except of motor vehicles and motorcycles; repair of personal and household goods (52)",Retail sale via mail order houses or via Internet,G,47.91,Retail sale via mail order houses or via Internet,"Retail trade not in stores, stalls or markets","Retail trade, except of motor vehicles and motorcycles",Wholesale and retail trade; repair of motor vehicles and motorcycles,G_47_479_4791,Retail sale of sporting equipment,Retail sale of cultural and recreational goods,Retail trade,Wholesale and retail trade,G_47_476_4762
"Retail trade, except of motor vehicles and motorcycles; repair of personal and household goods (52)",Retail sale of textiles in specialised stores,G,47.51,Retail sale of textiles in specialized stores,Retail sale of other household equipment in specialized stores,"Retail trade, except of motor vehicles and motorcycles",Wholesale and retail trade; repair of motor vehicles and motorcycles,G_47_475_4751,Retail sale of textiles,Retail sale of other household equipment,Retail trade,Wholesale and retail trade,G_47_475_4751
"Retail trade, except of motor vehicles and motorcycles; repair of personal and household goods (52)","Retail sale via stalls and markets of textiles, clothing and footwear",G,47.82,"Retail sale via stalls and markets of textiles, clothing and footwear",Retail sale via stalls and markets,"Retail trade, except of motor vehicles and motorcycles",Wholesale and retail trade; repair of motor vehicles and motorcycles,G_47_478_4782,Retail sale of textiles,Retail sale of other household equipment,Retail trade,Wholesale and retail trade,G_47_475_4751
"Retail trade, except of motor vehicles and motorcycles; repair of personal and household goods (52)","Other retail sale not in stores, stalls or markets",G,47.99,"Other retail sale not in stores, stalls or markets","Retail trade not in stores, stalls or markets","Retail trade, except of motor vehicles and motorcycles",Wholesale and retail trade; repair of motor vehicles and motorcycles,G_47_479_4799,Retail sale of textiles,Retail sale of other household equipment,Retail trade,Wholesale and retail trade,G_47_475_4751
"Retail trade, except of motor vehicles and motorcycles; repair of personal and household goods (52)",Retail sale via mail order houses or via Internet,G,47.91,Retail sale via mail order houses or via Internet,"Retail trade not in stores, stalls or markets","Retail trade, except of motor vehicles and motorcycles",Wholesale and retail trade; repair of motor vehicles and motorcycles,G_47_479_4791,Retail sale of textiles,Retail sale of other household equipment,Retail trade,Wholesale and retail trade,G_47_475_4751
"Retail trade, except of motor vehicles and motorcycles; repair of personal and household goods (52)",Retail sale of tobacco products in specialised stores,G,47.26,Retail sale of tobacco products in specialized stores,"Retail sale of food, beverages and tobacco in specialized stores","Retail trade, except of motor vehicles and motorcycles",Wholesale and retail trade; repair of motor vehicles and motorcycles,G_47_472_4723,Retail sale of tobacco products,"Retail sale of food, beverages and tobacco",Retail trade,Wholesale and retail trade,G_47_472_4723
"Retail trade, except of motor vehicles and motorcycles; repair of personal and household goods (52)","Retail sale via stalls and markets of food, beverages and tobacco products",G,47.81,"Retail sale via stalls and markets of food, beverages and tobacco products",Retail sale via stalls and markets,"Retail trade, except of motor vehicles and motorcycles",Wholesale and retail trade; repair of motor vehicles and motorcycles,G_47_478_4781,Retail sale of tobacco products,"Retail sale of food, beverages and tobacco",Retail trade,Wholesale and retail trade,G_47_472_4723
"Retail trade, except of motor vehicles and motorcycles; repair of personal and household goods (52)",Retail sale via mail order houses or via Internet,G,47.91,Retail sale via mail order houses or via Internet,"Retail trade not in stores, stalls or markets","Retail trade, except of motor vehicles and motorcycles",Wholesale and retail trade; repair of motor vehicles and motorcycles,G_47_479_4791,Retail sale of tobacco products,"Retail sale of food, beverages and tobacco",Retail trade,Wholesale and retail trade,G_47_472_4723
Activities auxiliary to financial intermediation (67),Risk and damage evaluation,K,66.21,Risk and damage evaluation,Activities auxiliary to insurance and pension funding,Activities auxiliary to financial service and insurance activities,Financial and insurance activities,K_66_662_6621,Risk and damage evaluation,Activities auxiliary to insurance and pension funding,Activities auxiliary to financial service and insurance activities,Financial and insurance activities,L_66_662_6621
"Manufacture of wood and of products of wood and cork, except furniture; manufacture of articles of straw and plaiting materials (20)",Sawmilling and planing of wood,C,16.1,Sawmilling and planing of wood,Sawmilling and planing of wood,"Manufacture of wood and of products of wood and cork, except furniture; manufacture of articles of straw and plaiting materials",Manufacturing,C_16_161_1610,Sawmilling and planing of wood,Sawmilling and planing of wood,"Manufacture of wood and of products of wood and cork, except furniture; manufacture of articles of straw and plaiting materials",Manufacturing,C_16_161_1610
Re-processing of secondary wood material into new wood material,Sawmilling and planing of wood,C,16.1,Sawmilling and planing of wood,Sawmilling and planing of wood,"Manufacture of wood and of products of wood and cork, except furniture; manufacture of articles of straw and plaiting materials",Manufacturing,C_16_161_1610,Sawmilling and planing of wood,Sawmilling and planing of wood,"Manufacture of wood and of products of wood and cork, except furniture; manufacture of articles of straw and plaiting materials",Manufacturing,C_16_161_1610
Sea and coastal water transport,Sea and coastal freight water transport,H,50.2,Sea and coastal freight water transport,Sea and coastal water transport,Water transport,Transportation and storage,H_50_501_5012,Sea and coastal freight water transport,Sea and coastal water transport,Water transport,Transportation and storage,H_50_501_5012
Sea and coastal water transport,Sea and coastal passenger water transport,H,50.1,Sea and coastal passenger water transport,Sea and coastal water transport,Water transport,Transportation and storage,H_50_501_5011,Sea and coastal passenger water transport,Sea and coastal water transport,Water transport,Transportation and storage,H_50_501_5011
"Financial intermediation, except insurance and pension funding (65)","Other financial service activities, except insurance and pension funding n.e.c.",K,64.99,"Other financial service activities, except insurance and pension funding activities, n.e.c.","Other financial service activities, except insurance and pension funding activities","Financial service activities, except insurance and pension funding",Financial and insurance activities,K_64_649_6499,Securitisation activities,"Other financial service activities, except insurance and pension funding activities","Financial service activities, except insurance and pension funding",Financial and insurance activities,L_64_649_6494
Other business activities (74),Security systems service activities,N,80.2,Security systems service activities,Security systems service activities,Security and investigation activities,Administrative and support service activities,N_80_802_8020,Security activities n.e.c.,Investigation and security activities,Investigation and security activities,Administrative and support service activities,O_80_801_8019
Activities auxiliary to financial intermediation (67),Security and commodity contracts brokerage,K,66.12,Security and commodity contracts brokerage,"Activities auxiliary to financial service activities, except insurance and pension funding",Activities auxiliary to financial service and insurance activities,Financial and insurance activities,K_66_661_6612,Security and commodity contracts brokerage,"Activities auxiliary to financial services, except insurance and pension funding",Activities auxiliary to financial service and insurance activities,Financial and insurance activities,L_66_661_6612
Cultivation of cereal grains nec,Seed processing for propagation,A,1.64,Seed processing for propagation,Support activities to agriculture and post-harvest crop activities,"Crop and animal production, hunting and related service activities","Agriculture, forestry and fishing",A_1_16_164,Seed processing for propagation,Support activities to agriculture and post-harvest crop activities,"Crop and animal production, hunting and related service activities","Agriculture, forestry and fishing",A_01_016_0164
Cultivation of crops nec,Seed processing for propagation,A,1.64,Seed processing for propagation,Support activities to agriculture and post-harvest crop activities,"Crop and animal production, hunting and related service activities","Agriculture, forestry and fishing",A_1_16_164,Seed processing for propagation,Support activities to agriculture and post-harvest crop activities,"Crop and animal production, hunting and related service activities","Agriculture, forestry and fishing",A_01_016_0164
Cultivation of oil seeds,Seed processing for propagation,A,1.64,Seed processing for propagation,Support activities to agriculture and post-harvest crop activities,"Crop and animal production, hunting and related service activities","Agriculture, forestry and fishing",A_1_16_164,Seed processing for propagation,Support activities to agriculture and post-harvest crop activities,"Crop and animal production, hunting and related service activities","Agriculture, forestry and fishing",A_01_016_0164
Cultivation of paddy rice,Seed processing for propagation,A,1.64,Seed processing for propagation,Support activities to agriculture and post-harvest crop activities,"Crop and animal production, hunting and related service activities","Agriculture, forestry and fishing",A_1_16_164,Seed processing for propagation,Support activities to agriculture and post-harvest crop activities,"Crop and animal production, hunting and related service activities","Agriculture, forestry and fishing",A_01_016_0164
Cultivation of plant-based fibers,Seed processing for propagation,A,1.64,Seed processing for propagation,Support activities to agriculture and post-harvest crop activities,"Crop and animal production, hunting and related service activities","Agriculture, forestry and fishing",A_1_16_164,Seed processing for propagation,Support activities to agriculture and post-harvest crop activities,"Crop and animal production, hunting and related service activities","Agriculture, forestry and fishing",A_01_016_0164
"Cultivation of sugar cane, sugar beet",Seed processing for propagation,A,1.64,Seed processing for propagation,Support activities to agriculture and post-harvest crop activities,"Crop and animal production, hunting and related service activities","Agriculture, forestry and fishing",A_1_16_164,Seed processing for propagation,Support activities to agriculture and post-harvest crop activities,"Crop and animal production, hunting and related service activities","Agriculture, forestry and fishing",A_01_016_0164
"Cultivation of vegetables, fruit, nuts",Seed processing for propagation,A,1.64,Seed processing for propagation,Support activities to agriculture and post-harvest crop activities,"Crop and animal production, hunting and related service activities","Agriculture, forestry and fishing",A_1_16_164,Seed processing for propagation,Support activities to agriculture and post-harvest crop activities,"Crop and animal production, hunting and related service activities","Agriculture, forestry and fishing",A_01_016_0164
Cultivation of wheat,Seed processing for propagation,A,1.64,Seed processing for propagation,Support activities to agriculture and post-harvest crop activities,"Crop and animal production, hunting and related service activities","Agriculture, forestry and fishing",A_1_16_164,Seed processing for propagation,Support activities to agriculture and post-harvest crop activities,"Crop and animal production, hunting and related service activities","Agriculture, forestry and fishing",A_01_016_0164
Supporting and auxiliary transport activities; activities of travel agencies (63),Service activities incidental to air transportation,H,52.23,Service activities incidental to air transportation,Support activities for transportation,Warehousing and support activities for transportation,Transportation and storage,H_52_522_5223,Service activities incidental to air transportation,Support activities for transportation,Warehousing and support activities for transportation,Transportation and storage,H_52_522_5223
Supporting and auxiliary transport activities; activities of travel agencies (63),Service activities incidental to land transportation,H,52.21,Service activities incidental to land transportation,Support activities for transportation,Warehousing and support activities for transportation,Transportation and storage,H_52_522_5221,Service activities incidental to land transportation,Support activities for transportation,Warehousing and support activities for transportation,Transportation and storage,H_52_522_5221
Supporting and auxiliary transport activities; activities of travel agencies (63),Service activities incidental to water transportation,H,52.22,Service activities incidental to water transportation,Support activities for transportation,Warehousing and support activities for transportation,Transportation and storage,H_52_522_5222,Service activities incidental to water transportation,Support activities for transportation,Warehousing and support activities for transportation,Transportation and storage,H_52_522_5222
"Publishing, printing and reproduction of recorded media (22)",Pre-press and pre-media services,C,18.13,Service activities related to printing,Printing and service activities related to printing,Printing and reproduction of recorded media,Manufacturing,C_18_181_1812,Service activities related to printing,Printing and service activities related to printing,Printing and reproduction of recorded media,Manufacturing,C_18_181_1812
"Publishing, printing and reproduction of recorded media (22)",Binding and related services,C,18.14,Service activities related to printing,Printing and service activities related to printing,Printing and reproduction of recorded media,Manufacturing,C_18_181_1812,Service activities related to printing,Printing and service activities related to printing,Printing and reproduction of recorded media,Manufacturing,C_18_181_1812
"Waste water treatment, food",Sewerage,E,37,Sewerage,Sewerage,Sewerage,"Water supply; sewerage, waste management and remediation activities",E_37_370_3700,Sewerage,Sewerage,Sewerage,"Water supply; sewerage, waste management and remediation activities",E_37_370_3700
"Waste water treatment, other",Sewerage,E,37,Sewerage,Sewerage,Sewerage,"Water supply; sewerage, waste management and remediation activities",E_37_370_3700,Sewerage,Sewerage,Sewerage,"Water supply; sewerage, waste management and remediation activities",E_37_370_3700
"Forestry, logging and related service activities (02)",Silviculture and other forestry activities,A,2.1,Silviculture and other forestry activities,Silviculture and other forestry activities,Forestry and logging,"Agriculture, forestry and fishing",A_2_21_210,Silviculture and other forestry activities,Silviculture and other forestry activities,Forestry and logging,"Agriculture, forestry and fishing",A_02_021_0210
Construction (45),Site preparation,F,43.12,Site preparation,Demolition and site preparation,Specialized construction activities,Construction,F_43_431_4312,Site preparation,Demolition and site preparation,Specialized construction activities,Construction,F_43_431_4312
Re-processing of secondary construction material into aggregates,Site preparation,F,43.12,Site preparation,Demolition and site preparation,Specialized construction activities,Construction,F_43_431_4312,Site preparation,Demolition and site preparation,Specialized construction activities,Construction,F_43_431_4312
Construction (45),Test drilling and boring,F,43.13,Site preparation,Demolition and site preparation,Specialized construction activities,Construction,F_43_431_4312,Site preparation,Demolition and site preparation,Specialized construction activities,Construction,F_43_431_4312
Re-processing of secondary construction material into aggregates,Test drilling and boring,F,43.13,Site preparation,Demolition and site preparation,Specialized construction activities,Construction,F_43_431_4312,Site preparation,Demolition and site preparation,Specialized construction activities,Construction,F_43_431_4312
Computer and related activities (72),Web portals,J,63.12,Web portals,"Data processing, hosting and related activities; web portals",Information service activities,Information and communication,J_63_631_6312,Social network sites and other content distribution activities,News agency and other content distribution activities,"Programming, broadcasting, news agency and other content distribution activities","Publishing, broadcasting, and content production and distribution activities",J_60_603_6039
"Retail trade, except of motor vehicles and motorcycles; repair of personal and household goods (52)",Retail sale via mail order houses or via Internet,G,47.91,Retail sale via mail order houses or via Internet,"Retail trade not in stores, stalls or markets","Retail trade, except of motor vehicles and motorcycles",Wholesale and retail trade; repair of motor vehicles and motorcycles,G_47_479_4791,Social network sites and other content distribution activities,News agency and other content distribution activities,"Programming, broadcasting, news agency and other content distribution activities","Publishing, broadcasting, and content production and distribution activities",J_60_603_6039
Health and social work (85),Social work activities without accommodation for the elderly and disabled,Q,88.1,Social work activities without accommodation for the elderly and disabled,Social work activities without accommodation for the elderly and disabled,Social work activities without accommodation,Human health and social work activities,Q_88_881_8810,Social work activities without accommodation for older persons or persons with disabilities,Social work activities without accommodation for older persons or persons with disabilities,Social work activities without accommodation,Human health and social work activities,R_88_881_8810
Production of electricity by solar thermal,Production of electricity,D,35.11,Solar energy production,"Electric power generation, transmission and distribution","Electricity, gas, steam and air conditioning supply","Electricity, gas, steam and air conditioning supply",D_35_351_3510,Solar energy production,"Electric power generation, transmission and distribution activities","Electricity, gas, steam and air conditioning supply","Electricity, gas, steam and air conditioning supply",D_35_351_3513
Production of electricity by solar photovoltaic,Production of electricity,D,35.11,Solar energy production,"Electric power generation, transmission and distribution","Electricity, gas, steam and air conditioning supply","Electricity, gas, steam and air conditioning supply",D_35_351_3510,Solar energy production,"Electric power generation, transmission and distribution activities","Electricity, gas, steam and air conditioning supply","Electricity, gas, steam and air conditioning supply",D_35_351_3513
Computer and related activities (72),"Data processing, hosting and related activities",J,63.11,"Data processing, hosting and related activities","Data processing, hosting and related activities; web portals",Information service activities,Information and communication,J_63_631_6311,Sound recording and music publishing activities,Sound recording and music publishing activities,"Motion picture, video and television programme production, sound recording and music publishing activities","Publishing, broadcasting, and content production and distribution activities",J_59_592_5920
"Publishing, printing and reproduction of recorded media (22)",Sound recording and music publishing activities,J,59.2,Sound recording and music publishing activities,Sound recording and music publishing activities,"Motion picture, video and television programme production, sound recording and music publishing activities",Information and communication,J_59_592_5920,Sound recording and music publishing activities,Sound recording and music publishing activities,"Motion picture, video and television programme production, sound recording and music publishing activities","Publishing, broadcasting, and content production and distribution activities",J_59_592_5920
Other business activities (74),Specialised design activities,M,74.1,Specialized design activities,Specialized design activities,"Other professional, scientific and technical activities","Professional, scientific and technical activities",M_74_741_7410,Specialized design activities,Specialized design activities,"Other professional, scientific and technical activities","Professional, scientific and technical activities",N_74_741_7410
Education (80),Sports and recreation education,P,85.51,Sports and recreation education,Other education,Education,Education,P_85_854_8541,Sports and recreation education,Other education,Education,Education,Q_85_855_8551
Steam and hot water supply,Steam and air conditioning supply,D,35.3,Steam and air conditioning supply,Steam and air conditioning supply,"Electricity, gas, steam and air conditioning supply","Electricity, gas, steam and air conditioning supply",D_35_353_3530,Steam and air conditioning supply,Steam and air conditioning supply,"Electricity, gas, steam and air conditioning supply","Electricity, gas, steam and air conditioning supply",D_35_353_3530
Animal products nec,Support activities for animal production,A,1.62,Support activities for animal production,Support activities to agriculture and post-harvest crop activities,"Crop and animal production, hunting and related service activities","Agriculture, forestry and fishing",A_1_16_162,Support activities for animal production,Support activities to agriculture and post-harvest crop activities,"Crop and animal production, hunting and related service activities","Agriculture, forestry and fishing",A_01_016_0162
Cattle farming,Support activities for animal production,A,1.62,Support activities for animal production,Support activities to agriculture and post-harvest crop activities,"Crop and animal production, hunting and related service activities","Agriculture, forestry and fishing",A_1_16_162,Support activities for animal production,Support activities to agriculture and post-harvest crop activities,"Crop and animal production, hunting and related service activities","Agriculture, forestry and fishing",A_01_016_0162
"Manure treatment (biogas), storage and land application",Support activities for animal production,A,1.62,Support activities for animal production,Support activities to agriculture and post-harvest crop activities,"Crop and animal production, hunting and related service activities","Agriculture, forestry and fishing",A_1_16_162,Support activities for animal production,Support activities to agriculture and post-harvest crop activities,"Crop and animal production, hunting and related service activities","Agriculture, forestry and fishing",A_01_016_0162
"Manure treatment (conventional), storage and land application",Support activities for animal production,A,1.62,Support activities for animal production,Support activities to agriculture and post-harvest crop activities,"Crop and animal production, hunting and related service activities","Agriculture, forestry and fishing",A_1_16_162,Support activities for animal production,Support activities to agriculture and post-harvest crop activities,"Crop and animal production, hunting and related service activities","Agriculture, forestry and fishing",A_01_016_0162
Meat animals nec,Support activities for animal production,A,1.62,Support activities for animal production,Support activities to agriculture and post-harvest crop activities,"Crop and animal production, hunting and related service activities","Agriculture, forestry and fishing",A_1_16_162,Support activities for animal production,Support activities to agriculture and post-harvest crop activities,"Crop and animal production, hunting and related service activities","Agriculture, forestry and fishing",A_01_016_0162
Pigs farming,Support activities for animal production,A,1.62,Support activities for animal production,Support activities to agriculture and post-harvest crop activities,"Crop and animal production, hunting and related service activities","Agriculture, forestry and fishing",A_1_16_162,Support activities for animal production,Support activities to agriculture and post-harvest crop activities,"Crop and animal production, hunting and related service activities","Agriculture, forestry and fishing",A_01_016_0162
Poultry farming,Support activities for animal production,A,1.62,Support activities for animal production,Support activities to agriculture and post-harvest crop activities,"Crop and animal production, hunting and related service activities","Agriculture, forestry and fishing",A_1_16_162,Support activities for animal production,Support activities to agriculture and post-harvest crop activities,"Crop and animal production, hunting and related service activities","Agriculture, forestry and fishing",A_01_016_0162
Raw milk,Support activities for animal production,A,1.62,Support activities for animal production,Support activities to agriculture and post-harvest crop activities,"Crop and animal production, hunting and related service activities","Agriculture, forestry and fishing",A_1_16_162,Support activities for animal production,Support activities to agriculture and post-harvest crop activities,"Crop and animal production, hunting and related service activities","Agriculture, forestry and fishing",A_01_016_0162
"Wool, silk-worm cocoons",Support activities for animal production,A,1.62,Support activities for animal production,Support activities to agriculture and post-harvest crop activities,"Crop and animal production, hunting and related service activities","Agriculture, forestry and fishing",A_1_16_162,Support activities for animal production,Support activities to agriculture and post-harvest crop activities,"Crop and animal production, hunting and related service activities","Agriculture, forestry and fishing",A_01_016_0162
Cultivation of cereal grains nec,Support activities for crop production,A,1.61,Support activities for crop production,Support activities to agriculture and post-harvest crop activities,"Crop and animal production, hunting and related service activities","Agriculture, forestry and fishing",A_1_16_161,Support activities for crop production,Support activities to agriculture and post-harvest crop activities,"Crop and animal production, hunting and related service activities","Agriculture, forestry and fishing",A_01_016_0161
Cultivation of crops nec,Support activities for crop production,A,1.61,Support activities for crop production,Support activities to agriculture and post-harvest crop activities,"Crop and animal production, hunting and related service activities","Agriculture, forestry and fishing",A_1_16_161,Support activities for crop production,Support activities to agriculture and post-harvest crop activities,"Crop and animal production, hunting and related service activities","Agriculture, forestry and fishing",A_01_016_0161
Cultivation of oil seeds,Support activities for crop production,A,1.61,Support activities for crop production,Support activities to agriculture and post-harvest crop activities,"Crop and animal production, hunting and related service activities","Agriculture, forestry and fishing",A_1_16_161,Support activities for crop production,Support activities to agriculture and post-harvest crop activities,"Crop and animal production, hunting and related service activities","Agriculture, forestry and fishing",A_01_016_0161
Cultivation of paddy rice,Support activities for crop production,A,1.61,Support activities for crop production,Support activities to agriculture and post-harvest crop activities,"Crop and animal production, hunting and related service activities","Agriculture, forestry and fishing",A_1_16_161,Support activities for crop production,Support activities to agriculture and post-harvest crop activities,"Crop and animal production, hunting and related service activities","Agriculture, forestry and fishing",A_01_016_0161
Cultivation of plant-based fibers,Support activities for crop production,A,1.61,Support activities for crop production,Support activities to agriculture and post-harvest crop activities,"Crop and animal production, hunting and related service activities","Agriculture, forestry and fishing",A_1_16_161,Support activities for crop production,Support activities to agriculture and post-harvest crop activities,"Crop and animal production, hunting and related service activities","Agriculture, forestry and fishing",A_01_016_0161
"Cultivation of sugar cane, sugar beet",Support activities for crop production,A,1.61,Support activities for crop production,Support activities to agriculture and post-harvest crop activities,"Crop and animal production, hunting and related service activities","Agriculture, forestry and fishing",A_1_16_161,Support activities for crop production,Support activities to agriculture and post-harvest crop activities,"Crop and animal production, hunting and related service activities","Agriculture, forestry and fishing",A_01_016_0161
"Cultivation of vegetables, fruit, nuts",Support activities for crop production,A,1.61,Support activities for crop production,Support activities to agriculture and post-harvest crop activities,"Crop and animal production, hunting and related service activities","Agriculture, forestry and fishing",A_1_16_161,Support activities for crop production,Support activities to agriculture and post-harvest crop activities,"Crop and animal production, hunting and related service activities","Agriculture, forestry and fishing",A_01_016_0161
Cultivation of wheat,Support activities for crop production,A,1.61,Support activities for crop production,Support activities to agriculture and post-harvest crop activities,"Crop and animal production, hunting and related service activities","Agriculture, forestry and fishing",A_1_16_161,Support activities for crop production,Support activities to agriculture and post-harvest crop activities,"Crop and animal production, hunting and related service activities","Agriculture, forestry and fishing",A_01_016_0161
"Fishing, operating of fish hatcheries and fish farms; service activities incidental to fishing (05)",Freshwater aquaculture,A,3.22,Freshwater aquaculture,Aquaculture,Fishing and aquaculture,"Agriculture, forestry and fishing",A_3_32_322,Support activities for fishing and aquaculture,Support activities for fishing and aquaculture,Fishing and aquaculture,"Agriculture, forestry and fishing",A_03_033_0330
"Fishing, operating of fish hatcheries and fish farms; service activities incidental to fishing (05)",Marine aquaculture,A,3.21,Marine aquaculture,Aquaculture,Fishing and aquaculture,"Agriculture, forestry and fishing",A_3_32_321,Support activities for fishing and aquaculture,Support activities for fishing and aquaculture,Fishing and aquaculture,"Agriculture, forestry and fishing",A_03_033_0330
"Fishing, operating of fish hatcheries and fish farms; service activities incidental to fishing (05)",Freshwater fishing,A,3.12,Freshwater fishing,Fishing,Fishing and aquaculture,"Agriculture, forestry and fishing",A_3_31_312,Support activities for fishing and aquaculture,Support activities for fishing and aquaculture,Fishing and aquaculture,"Agriculture, forestry and fishing",A_03_033_0330
"Fishing, operating of fish hatcheries and fish farms; service activities incidental to fishing (05)",Marine fishing,A,3.11,Marine fishing,Fishing,Fishing and aquaculture,"Agriculture, forestry and fishing",A_3_31_311,Support activities for fishing and aquaculture,Support activities for fishing and aquaculture,Fishing and aquaculture,"Agriculture, forestry and fishing",A_03_033_0330
Mining of aluminium ores and concentrates,Support activities for other mining and quarrying,B,9.9,Support activities for other mining and quarrying,Support activities for other mining and quarrying,Mining support service activities,Mining and quarrying,B_9_99_990,Support activities for other mining and quarrying,Support activities for other mining and quarrying,Mining support service activities,Mining and quarrying,B_09_099_0990
"Mining of chemical and fertilizer minerals, production of salt, other mining and quarrying n.e.c.",Support activities for other mining and quarrying,B,9.9,Support activities for other mining and quarrying,Support activities for other mining and quarrying,Mining support service activities,Mining and quarrying,B_9_99_990,Support activities for other mining and quarrying,Support activities for other mining and quarrying,Mining support service activities,Mining and quarrying,B_09_099_0990
Mining of coal and lignite; extraction of peat (10),Support activities for other mining and quarrying,B,9.9,Support activities for other mining and quarrying,Support activities for other mining and quarrying,Mining support service activities,Mining and quarrying,B_9_99_990,Support activities for other mining and quarrying,Support activities for other mining and quarrying,Mining support service activities,Mining and quarrying,B_09_099_0990
Mining of copper ores and concentrates,Support activities for other mining and quarrying,B,9.9,Support activities for other mining and quarrying,Support activities for other mining and quarrying,Mining support service activities,Mining and quarrying,B_9_99_990,Support activities for other mining and quarrying,Support activities for other mining and quarrying,Mining support service activities,Mining and quarrying,B_09_099_0990
Mining of iron ores,Support activities for other mining and quarrying,B,9.9,Support activities for other mining and quarrying,Support activities for other mining and quarrying,Mining support service activities,Mining and quarrying,B_9_99_990,Support activities for other mining and quarrying,Support activities for other mining and quarrying,Mining support service activities,Mining and quarrying,B_09_099_0990
"Mining of lead, zinc and tin ores and concentrates",Support activities for other mining and quarrying,B,9.9,Support activities for other mining and quarrying,Support activities for other mining and quarrying,Mining support service activities,Mining and quarrying,B_9_99_990,Support activities for other mining and quarrying,Support activities for other mining and quarrying,Mining support service activities,Mining and quarrying,B_09_099_0990
Mining of nickel ores and concentrates,Support activities for other mining and quarrying,B,9.9,Support activities for other mining and quarrying,Support activities for other mining and quarrying,Mining support service activities,Mining and quarrying,B_9_99_990,Support activities for other mining and quarrying,Support activities for other mining and quarrying,Mining support service activities,Mining and quarrying,B_09_099_0990
Mining of other non-ferrous metal ores and concentrates,Support activities for other mining and quarrying,B,9.9,Support activities for other mining and quarrying,Support activities for other mining and quarrying,Mining support service activities,Mining and quarrying,B_9_99_990,Support activities for other mining and quarrying,Support activities for other mining and quarrying,Mining support service activities,Mining and quarrying,B_09_099_0990
Mining of precious metal ores and concentrates,Support activities for other mining and quarrying,B,9.9,Support activities for other mining and quarrying,Support activities for other mining and quarrying,Mining support service activities,Mining and quarrying,B_9_99_990,Support activities for other mining and quarrying,Support activities for other mining and quarrying,Mining support service activities,Mining and quarrying,B_09_099_0990
Mining of uranium and thorium ores (12),Support activities for other mining and quarrying,B,9.9,Support activities for other mining and quarrying,Support activities for other mining and quarrying,Mining support service activities,Mining and quarrying,B_9_99_990,Support activities for other mining and quarrying,Support activities for other mining and quarrying,Mining support service activities,Mining and quarrying,B_09_099_0990
Quarrying of sand and clay,Support activities for other mining and quarrying,B,9.9,Support activities for other mining and quarrying,Support activities for other mining and quarrying,Mining support service activities,Mining and quarrying,B_9_99_990,Support activities for other mining and quarrying,Support activities for other mining and quarrying,Mining support service activities,Mining and quarrying,B_09_099_0990
Quarrying of stone,Support activities for other mining and quarrying,B,9.9,Support activities for other mining and quarrying,Support activities for other mining and quarrying,Mining support service activities,Mining and quarrying,B_9_99_990,Support activities for other mining and quarrying,Support activities for other mining and quarrying,Mining support service activities,Mining and quarrying,B_09_099_0990
"Extraction of crude petroleum and services related to crude oil extraction, excluding surveying",Support activities for petroleum and natural gas extraction,B,9.1,Support activities for petroleum and natural gas extraction,Support activities for petroleum and natural gas extraction,Mining support service activities,Mining and quarrying,B_9_91_910,Support activities for petroleum and natural gas extraction,Support activities for petroleum and natural gas extraction,Mining support service activities,Mining and quarrying,B_09_091_0910
"Extraction of natural gas and services related to natural gas extraction, excluding surveying",Support activities for petroleum and natural gas extraction,B,9.1,Support activities for petroleum and natural gas extraction,Support activities for petroleum and natural gas extraction,Mining support service activities,Mining and quarrying,B_9_91_910,Support activities for petroleum and natural gas extraction,Support activities for petroleum and natural gas extraction,Mining support service activities,Mining and quarrying,B_09_091_0910
"Extraction, liquefaction, and regasification of other petroleum and gaseous materials",Support activities for petroleum and natural gas extraction,B,9.1,Support activities for petroleum and natural gas extraction,Support activities for petroleum and natural gas extraction,Mining support service activities,Mining and quarrying,B_9_91_910,Support activities for petroleum and natural gas extraction,Support activities for petroleum and natural gas extraction,Mining support service activities,Mining and quarrying,B_09_091_0910
"Forestry, logging and related service activities (02)",Support services to forestry,A,2.4,Support services to forestry,Support services to forestry,Forestry and logging,"Agriculture, forestry and fishing",A_2_24_240,Support services to forestry,Support services to forestry,Forestry and logging,"Agriculture, forestry and fishing",A_02_024_0240
"Tanning and dressing of leather; manufacture of luggage, handbags, saddlery, harness and footwear (19)",Tanning and dressing of leather; dressing and dyeing of fur,C,15.11,Tanning and dressing of leather; dressing and dyeing of fur,"Tanning and dressing of leather; manufacture of luggage, handbags, saddlery and harness; dressing and dyeing of fur",Manufacture of leather and related products,Manufacturing,C_15_151_1511,Tanning and dressing of leather; dressing and dyeing of fur,"Tanning, dyeing, dressing of leather and fur; manufacture of luggage, handbags, saddlery and harness",Manufacture of leather and related products,Manufacturing,C_15_151_1511
Other business activities (74),Technical testing and analysis,M,71.2,Technical testing and analysis,Technical testing and analysis,Architectural and engineering activities; technical testing and analysis,"Professional, scientific and technical activities",M_71_712_7120,Technical testing and analysis,Technical testing and analysis,Architectural and engineering activities; technical testing and analysis,"Professional, scientific and technical activities",N_71_712_7120
Post and telecommunications (64),Other telecommunications activities,J,61.9,Other telecommunications activities,Other telecommunications activities,Telecommunications,Information and communication,J_61_619_6190,Telecommunication reselling activities and intermediation service activities for telecommunication,Telecommunication reselling activities and intermediation service activities for telecommunication,Telecommunications,"Telecommunications, computer programming, consultancy, computing infrastructure, and other information service activities",K_61_612_6120
Post and telecommunications (64),Satellite telecommunications activities,J,61.3,Satellite telecommunications activities,Satellite telecommunications activities,Telecommunications,Information and communication,J_61_613_6130,Telecommunication reselling activities and intermediation service activities for telecommunication,Telecommunication reselling activities and intermediation service activities for telecommunication,Telecommunications,"Telecommunications, computer programming, consultancy, computing infrastructure, and other information service activities",K_61_612_6120
Post and telecommunications (64),Wired telecommunications activities,J,61.1,Wired telecommunications activities,Wired telecommunications activities,Telecommunications,Information and communication,J_61_611_6110,Telecommunication reselling activities and intermediation service activities for telecommunication,Telecommunication reselling activities and intermediation service activities for telecommunication,Telecommunications,"Telecommunications, computer programming, consultancy, computing infrastructure, and other information service activities",K_61_612_6120
Post and telecommunications (64),Wireless telecommunications activities,J,61.2,Wireless telecommunications activities,Wireless telecommunications activities,Telecommunications,Information and communication,J_61_612_6120,Telecommunication reselling activities and intermediation service activities for telecommunication,Telecommunication reselling activities and intermediation service activities for telecommunication,Telecommunications,"Telecommunications, computer programming, consultancy, computing infrastructure, and other information service activities",K_61_612_6120
"Recreational, cultural and sporting activities (92)",Television programming and broadcasting activities,J,60.2,Television programming and broadcasting activities,Television programming and broadcasting activities,Programming and broadcasting activities,Information and communication,J_60_602_6020,"Television programming, broadcasting and video distribution activities","Television programming, broadcasting and video distribution activities","Programming, broadcasting, news agency and other content distribution activities","Publishing, broadcasting, and content production and distribution activities",J_60_602_6020
Other business activities (74),Other human resources provision,N,78.3,Other human resources provision,Other human resources provision,Employment activities,Administrative and support service activities,N_78_783_7830,Temporary employment agency activities and other human resource provisions,Temporary employment agency activities and other human resource provisions,Employment activities,Administrative and support service activities,O_78_782_7820
Other business activities (74),Temporary employment agency activities,N,78.2,Temporary employment agency activities,Temporary employment agency activities,Employment activities,Administrative and support service activities,N_78_782_7820,Temporary employment agency activities and other human resource provisions,Temporary employment agency activities and other human resource provisions,Employment activities,Administrative and support service activities,O_78_782_7820
Education (80),Post-secondary non-tertiary education,P,85.41,Higher education,Higher education,Education,Education,P_85_853_8530,Tertiary education,Tertiary education,Education,Education,Q_85_854_8540
Education (80),Tertiary education,P,85.42,Higher education,Higher education,Education,Education,P_85_853_8530,Tertiary education,Tertiary education,Education,Education,Q_85_854_8540
Supporting and auxiliary transport activities; activities of travel agencies (63),Tour operator activities,N,79.12,Tour operator activities,Travel agency and tour operator activities,"Travel agency, tour operator, reservation service and related activities",Administrative and support service activities,N_79_791_7912,Tour operator activities,Travel agency and tour operator activities,"Travel agency, tour operator, and other travel related activities",Administrative and support service activities,O_79_791_7912
Other business activities (74),Translation and interpretation activities,M,74.3,"Other professional, scientific and technical activities n.e.c.","Other professional, scientific and technical activities n.e.c.","Other professional, scientific and technical activities","Professional, scientific and technical activities",M_74_749_7490,Translation and interpretation activities,Translation and interpretation activities,"Other professional, scientific and technical activities","Professional, scientific and technical activities",N_74_743_7430
Other business activities (74),"Other professional, scientific and technical activities n.e.c.",M,74.9,"Other professional, scientific and technical activities n.e.c.","Other professional, scientific and technical activities n.e.c.","Other professional, scientific and technical activities","Professional, scientific and technical activities",M_74_749_7490,Translation and interpretation activities,Translation and interpretation activities,"Other professional, scientific and technical activities","Professional, scientific and technical activities",N_74_743_7430
Transmission of electricity,Transmission of electricity,D,35.12,Transmission and distribution of electricity,"Electric power generation, transmission and distribution","Electricity, gas, steam and air conditioning supply","Electricity, gas, steam and air conditioning supply",D_35_351_3510,Transmission and distribution of electricity,"Electric power generation, transmission and distribution activities","Electricity, gas, steam and air conditioning supply","Electricity, gas, steam and air conditioning supply",D_35_351_3513
Distribution and trade of electricity,Distribution of electricity,D,35.13,Transmission and distribution of electricity,"Electric power generation, transmission and distribution","Electricity, gas, steam and air conditioning supply","Electricity, gas, steam and air conditioning supply",D_35_351_3510,Transmission and distribution of electricity,"Electric power generation, transmission and distribution activities","Electricity, gas, steam and air conditioning supply","Electricity, gas, steam and air conditioning supply",D_35_351_3513
Distribution and trade of electricity,Trade of electricity,D,35.14,Transmission and distribution of electricity,"Electric power generation, transmission and distribution","Electricity, gas, steam and air conditioning supply","Electricity, gas, steam and air conditioning supply",D_35_351_3510,Transmission and distribution of electricity,"Electric power generation, transmission and distribution activities","Electricity, gas, steam and air conditioning supply","Electricity, gas, steam and air conditioning supply",D_35_351_3513
Transport via pipelines,Transport via pipeline,H,49.5,Transport via pipeline,Transport via pipeline,Land transport and transport via pipelines,Transportation and storage,H_49_493_4930,Transport via pipeline,Transport via pipeline,Land transport and transport via pipelines,Transportation and storage,H_49_493_4930
Supporting and auxiliary transport activities; activities of travel agencies (63),Travel agency activities,N,79.11,Travel agency activities,Travel agency and tour operator activities,"Travel agency, tour operator, reservation service and related activities",Administrative and support service activities,N_79_791_7911,Travel agency activities,Travel agency and tour operator activities,"Travel agency, tour operator, and other travel related activities",Administrative and support service activities,O_79_791_7911
"Manufacture of fabricated metal products, except machinery and equipment (28)",Treatment and coating of metals,C,25.61,Treatment and coating of metals; machining,Manufacture of other fabricated metal products; metalworking service activities,"Manufacture of fabricated metal products, except machinery and equipment",Manufacturing,C_25_259_2592,Treatment and coating of metals; machining,Manufacture of other fabricated metal products; metalworking service activities,"Manufacture of fabricated metal products, except machinery and equipment",Manufacturing,C_25_259_2592
"Manufacture of fabricated metal products, except machinery and equipment (28)",Machining,C,25.62,Treatment and coating of metals; machining,Manufacture of other fabricated metal products; metalworking service activities,"Manufacture of fabricated metal products, except machinery and equipment",Manufacturing,C_25_259_2592,Treatment and coating of metals; machining,Manufacture of other fabricated metal products; metalworking service activities,"Manufacture of fabricated metal products, except machinery and equipment",Manufacturing,C_25_259_2592
"Biogasification of sewage slugde, incl. land application",Treatment and disposal of hazardous waste,E,38.22,Treatment and disposal of hazardous waste,Waste treatment and disposal,"Waste collection, treatment and disposal activities; materials recovery","Water supply; sewerage, waste management and remediation activities",E_38_382_3822,Treatment and disposal of hazardous waste,Waste treatment and disposal,"Waste collection, treatment and disposal, and recovery activities","Water supply; sewerage, waste management and remediation activities",E_38_382_3822
Incineration of waste: Metals and Inert materials,Treatment and disposal of hazardous waste,E,38.22,Treatment and disposal of hazardous waste,Waste treatment and disposal,"Waste collection, treatment and disposal activities; materials recovery","Water supply; sewerage, waste management and remediation activities",E_38_382_3822,Treatment and disposal of hazardous waste,Waste treatment and disposal,"Waste collection, treatment and disposal, and recovery activities","Water supply; sewerage, waste management and remediation activities",E_38_382_3822
Incineration of waste: Oil/Hazardous waste,Treatment and disposal of hazardous waste,E,38.22,Treatment and disposal of hazardous waste,Waste treatment and disposal,"Waste collection, treatment and disposal activities; materials recovery","Water supply; sewerage, waste management and remediation activities",E_38_382_3822,Treatment and disposal of hazardous waste,Waste treatment and disposal,"Waste collection, treatment and disposal, and recovery activities","Water supply; sewerage, waste management and remediation activities",E_38_382_3822
Landfill of waste: Inert/metal/hazardous,Treatment and disposal of hazardous waste,E,38.22,Treatment and disposal of hazardous waste,Waste treatment and disposal,"Waste collection, treatment and disposal activities; materials recovery","Water supply; sewerage, waste management and remediation activities",E_38_382_3822,Treatment and disposal of hazardous waste,Waste treatment and disposal,"Waste collection, treatment and disposal, and recovery activities","Water supply; sewerage, waste management and remediation activities",E_38_382_3822
"Biogasification of food waste, incl. land application",Treatment and disposal of non-hazardous waste,E,38.21,Treatment and disposal of non-hazardous waste,Waste treatment and disposal,"Waste collection, treatment and disposal activities; materials recovery","Water supply; sewerage, waste management and remediation activities",E_38_382_3821,Treatment and disposal of non-hazardous waste,Waste treatment and disposal,"Waste collection, treatment and disposal, and recovery activities","Water supply; sewerage, waste management and remediation activities",E_38_382_3821
"Biogasification of paper, incl. land application",Treatment and disposal of non-hazardous waste,E,38.21,Treatment and disposal of non-hazardous waste,Waste treatment and disposal,"Waste collection, treatment and disposal activities; materials recovery","Water supply; sewerage, waste management and remediation activities",E_38_382_3821,Treatment and disposal of non-hazardous waste,Waste treatment and disposal,"Waste collection, treatment and disposal, and recovery activities","Water supply; sewerage, waste management and remediation activities",E_38_382_3821
"Composting of food waste, incl. land application",Treatment and disposal of non-hazardous waste,E,38.21,Treatment and disposal of non-hazardous waste,Waste treatment and disposal,"Waste collection, treatment and disposal activities; materials recovery","Water supply; sewerage, waste management and remediation activities",E_38_382_3821,Treatment and disposal of non-hazardous waste,Waste treatment and disposal,"Waste collection, treatment and disposal, and recovery activities","Water supply; sewerage, waste management and remediation activities",E_38_382_3821
"Composting of paper and wood, incl. land application",Treatment and disposal of non-hazardous waste,E,38.21,Treatment and disposal of non-hazardous waste,Waste treatment and disposal,"Waste collection, treatment and disposal activities; materials recovery","Water supply; sewerage, waste management and remediation activities",E_38_382_3821,Treatment and disposal of non-hazardous waste,Waste treatment and disposal,"Waste collection, treatment and disposal, and recovery activities","Water supply; sewerage, waste management and remediation activities",E_38_382_3821
Incineration of waste: Food,Treatment and disposal of non-hazardous waste,E,38.21,Treatment and disposal of non-hazardous waste,Waste treatment and disposal,"Waste collection, treatment and disposal activities; materials recovery","Water supply; sewerage, waste management and remediation activities",E_38_382_3821,Treatment and disposal of non-hazardous waste,Waste treatment and disposal,"Waste collection, treatment and disposal, and recovery activities","Water supply; sewerage, waste management and remediation activities",E_38_382_3821
Incineration of waste: Paper,Treatment and disposal of non-hazardous waste,E,38.21,Treatment and disposal of non-hazardous waste,Waste treatment and disposal,"Waste collection, treatment and disposal activities; materials recovery","Water supply; sewerage, waste management and remediation activities",E_38_382_3821,Treatment and disposal of non-hazardous waste,Waste treatment and disposal,"Waste collection, treatment and disposal, and recovery activities","Water supply; sewerage, waste management and remediation activities",E_38_382_3821
Incineration of waste: Plastic,Treatment and disposal of non-hazardous waste,E,38.21,Treatment and disposal of non-hazardous waste,Waste treatment and disposal,"Waste collection, treatment and disposal activities; materials recovery","Water supply; sewerage, waste management and remediation activities",E_38_382_3821,Treatment and disposal of non-hazardous waste,Waste treatment and disposal,"Waste collection, treatment and disposal, and recovery activities","Water supply; sewerage, waste management and remediation activities",E_38_382_3821
Incineration of waste: Textiles,Treatment and disposal of non-hazardous waste,E,38.21,Treatment and disposal of non-hazardous waste,Waste treatment and disposal,"Waste collection, treatment and disposal activities; materials recovery","Water supply; sewerage, waste management and remediation activities",E_38_382_3821,Treatment and disposal of non-hazardous waste,Waste treatment and disposal,"Waste collection, treatment and disposal, and recovery activities","Water supply; sewerage, waste management and remediation activities",E_38_382_3821
Incineration of waste: Wood,Treatment and disposal of non-hazardous waste,E,38.21,Treatment and disposal of non-hazardous waste,Waste treatment and disposal,"Waste collection, treatment and disposal activities; materials recovery","Water supply; sewerage, waste management and remediation activities",E_38_382_3821,Treatment and disposal of non-hazardous waste,Waste treatment and disposal,"Waste collection, treatment and disposal, and recovery activities","Water supply; sewerage, waste management and remediation activities",E_38_382_3821
Landfill of waste: Food,Treatment and disposal of non-hazardous waste,E,38.21,Treatment and disposal of non-hazardous waste,Waste treatment and disposal,"Waste collection, treatment and disposal activities; materials recovery","Water supply; sewerage, waste management and remediation activities",E_38_382_3821,Treatment and disposal of non-hazardous waste,Waste treatment and disposal,"Waste collection, treatment and disposal, and recovery activities","Water supply; sewerage, waste management and remediation activities",E_38_382_3821
Landfill of waste: Paper,Treatment and disposal of non-hazardous waste,E,38.21,Treatment and disposal of non-hazardous waste,Waste treatment and disposal,"Waste collection, treatment and disposal activities; materials recovery","Water supply; sewerage, waste management and remediation activities",E_38_382_3821,Treatment and disposal of non-hazardous waste,Waste treatment and disposal,"Waste collection, treatment and disposal, and recovery activities","Water supply; sewerage, waste management and remediation activities",E_38_382_3821
Landfill of waste: Plastic,Treatment and disposal of non-hazardous waste,E,38.21,Treatment and disposal of non-hazardous waste,Waste treatment and disposal,"Waste collection, treatment and disposal activities; materials recovery","Water supply; sewerage, waste management and remediation activities",E_38_382_3821,Treatment and disposal of non-hazardous waste,Waste treatment and disposal,"Waste collection, treatment and disposal, and recovery activities","Water supply; sewerage, waste management and remediation activities",E_38_382_3821
Landfill of waste: Textiles,Treatment and disposal of non-hazardous waste,E,38.21,Treatment and disposal of non-hazardous waste,Waste treatment and disposal,"Waste collection, treatment and disposal activities; materials recovery","Water supply; sewerage, waste management and remediation activities",E_38_382_3821,Treatment and disposal of non-hazardous waste,Waste treatment and disposal,"Waste collection, treatment and disposal, and recovery activities","Water supply; sewerage, waste management and remediation activities",E_38_382_3821
Landfill of waste: Wood,Treatment and disposal of non-hazardous waste,E,38.21,Treatment and disposal of non-hazardous waste,Waste treatment and disposal,"Waste collection, treatment and disposal activities; materials recovery","Water supply; sewerage, waste management and remediation activities",E_38_382_3821,Treatment and disposal of non-hazardous waste,Waste treatment and disposal,"Waste collection, treatment and disposal, and recovery activities","Water supply; sewerage, waste management and remediation activities",E_38_382_3821
Private households with employed persons (95),Undifferentiated goods-producing activities of private households for own use,T,98.1,Undifferentiated goods-producing activities of private households for own use,Undifferentiated goods-producing activities of private households for own use,Undifferentiated goods- and services-producing activities of private households for own use,Activities of households as employers; undifferentiated goods- and services-producing activities of households for own use,T_98_981_9810,Undifferentiated goods-producing activities of private households for own use,Undifferentiated goods-producing activities of private households for own use,Undifferentiated goods- and services-producing activities of private households for own use,Activities of households as employers; undifferentiated goods- and services-producing activities of households for own use,U_98_981_9810
Private households with employed persons (95),Undifferentiated service-producing activities of private households for own use,T,98.2,Undifferentiated service-producing activities of private households for own use,Undifferentiated service-producing activities of private households for own use,Undifferentiated goods- and services-producing activities of private households for own use,Activities of households as employers; undifferentiated goods- and services-producing activities of households for own use,T_98_982_9820,Undifferentiated service-producing activities of private households for own use,Undifferentiated service-producing activities of private households for own use,Undifferentiated goods- and services-producing activities of private households for own use,Activities of households as employers; undifferentiated goods- and services-producing activities of households for own use,U_98_982_9820
Other land transport,Urban and suburban passenger land transport,H,49.31,Urban and suburban passenger land transport,Other land transport,Land transport and transport via pipelines,Transportation and storage,H_49_492_4921,Urban and suburban passenger land transport,Other land transport,Land transport and transport via pipelines,Transportation and storage,H_49_492_4921
Health and social work (85),Veterinary activities,M,75,Veterinary activities,Veterinary activities,Veterinary activities,"Professional, scientific and technical activities",M_75_750_7500,Veterinary activities,Veterinary activities,Veterinary activities,"Professional, scientific and technical activities",N_75_750_7500
"Recreational, cultural and sporting activities (92)",Performing arts,R,90.01,"Creative, arts and entertainment activities","Creative, arts and entertainment activities","Creative, arts and entertainment activities","Arts, entertainment and recreation",R_90_900_9000,Visual arts creation activities,Arts creation activities,Arts creation and performing arts activities,"Arts, sports and recreation",S_90_901_9012
"Recreational, cultural and sporting activities (92)",Support activities to performing arts,R,90.02,"Creative, arts and entertainment activities","Creative, arts and entertainment activities","Creative, arts and entertainment activities","Arts, entertainment and recreation",R_90_900_9000,Visual arts creation activities,Arts creation activities,Arts creation and performing arts activities,"Arts, sports and recreation",S_90_901_9012
"Recreational, cultural and sporting activities (92)",Artistic creation,R,90.03,"Creative, arts and entertainment activities","Creative, arts and entertainment activities","Creative, arts and entertainment activities","Arts, entertainment and recreation",R_90_900_9000,Visual arts creation activities,Arts creation activities,Arts creation and performing arts activities,"Arts, sports and recreation",S_90_901_9012
"Recreational, cultural and sporting activities (92)",Operation of arts facilities,R,90.04,"Creative, arts and entertainment activities","Creative, arts and entertainment activities","Creative, arts and entertainment activities","Arts, entertainment and recreation",R_90_900_9000,Visual arts creation activities,Arts creation activities,Arts creation and performing arts activities,"Arts, sports and recreation",S_90_901_9012
Education (80),Technical and vocational secondary education,P,85.32,Technical and vocational secondary education,Secondary education,Education,Education,P_85_852_8522,Vocational secondary education,Secondary and post-secondary non-tertiary education,Education,Education,Q_85_853_8532
Supporting and auxiliary transport activities; activities of travel agencies (63),Warehousing and storage,H,52.1,Warehousing and storage,Warehousing and storage,Warehousing and support activities for transportation,Transportation and storage,H_52_521_5210,Warehousing and storage,Warehousing and storage,Warehousing and support activities for transportation,Transportation and storage,H_52_521_5210
Other service activities (93),Washing and (dry-)cleaning of textile and fur products,S,96.01,Washing and (dry-) cleaning of textile and fur products,Other personal service activities,Other personal service activities,Other service activities,S_96_960_9601,Washing and cleaning of textile and fur products,Washing and cleaning of textile and fur products,Personal service activities,Other service activities,T_96_961_9610
"Collection, purification and distribution of water (41)","Water collection, treatment and supply",E,36,"Water Collection, Treatment And Supply","Water collection, treatment and supply","Water collection, treatment and supply","Water supply; sewerage, waste management and remediation activities",E_36_360_3600,"Water collection, treatment and supply","Water collection, treatment and supply","Water collection, treatment and supply","Water supply; sewerage, waste management and remediation activities",E_36_360_3600
Manufacture of textiles (17),Weaving of textiles,C,13.2,Weaving of textiles,"Spinning, weaving and finishing of textiles",Manufacture of textiles,Manufacturing,C_13_131_1312,Weaving of textiles,"Spinning, weaving and finishing of textiles",Manufacture of textiles,Manufacturing,C_13_131_1312
Computer and related activities (72),Web portals,J,63.12,Web portals,"Data processing, hosting and related activities; web portals",Information service activities,Information and communication,J_63_631_6312,Web search portals activities and other information service activities,Web search portals activities and other information service activities,"Computing infrastructure, data processing, hosting, and other information service activities","Telecommunications, computer programming, consultancy, computing infrastructure, and other information service activities",K_63_639_6390
Other business activities (74),Other information service activities n.e.c.,J,63.99,Other information service activities n.e.c.,Other information service activities,Information service activities,Information and communication,J_63_639_6399,Web search portals activities and other information service activities,Web search portals activities and other information service activities,"Computing infrastructure, data processing, hosting, and other information service activities","Telecommunications, computer programming, consultancy, computing infrastructure, and other information service activities",K_63_639_6390
"Wholesale trade and commission trade, except of motor vehicles and motorcycles (51)","Wholesale of agricultural machinery, equipment and supplies",G,46.61,"Wholesale of agricultural machinery, equipment and supplies","Wholesale of machinery, equipment and supplies","Wholesale trade, except of motor vehicles and motorcycles",Wholesale and retail trade; repair of motor vehicles and motorcycles,G_46_465_4653,"Wholesale of agricultural machinery, equipment and supplies","Wholesale of machinery, equipment and supplies",Wholesale trade,Wholesale and retail trade,G_46_465_4653
"Wholesale trade and commission trade, except of motor vehicles and motorcycles (51)","Wholesale of grain, unmanufactured tobacco, seeds and animal feeds",G,46.21,Wholesale of agricultural raw materials and live animals,Wholesale of agricultural raw materials and live animals,"Wholesale trade, except of motor vehicles and motorcycles",Wholesale and retail trade; repair of motor vehicles and motorcycles,G_46_462_4620,Wholesale of agricultural raw materials and live animals,Wholesale of agricultural raw materials and live animals,Wholesale trade,Wholesale and retail trade,G_46_462_4620
"Wholesale trade and commission trade, except of motor vehicles and motorcycles (51)",Wholesale of flowers and plants,G,46.22,Wholesale of agricultural raw materials and live animals,Wholesale of agricultural raw materials and live animals,"Wholesale trade, except of motor vehicles and motorcycles",Wholesale and retail trade; repair of motor vehicles and motorcycles,G_46_462_4620,Wholesale of agricultural raw materials and live animals,Wholesale of agricultural raw materials and live animals,Wholesale trade,Wholesale and retail trade,G_46_462_4620
"Wholesale trade and commission trade, except of motor vehicles and motorcycles (51)",Wholesale of live animals,G,46.23,Wholesale of agricultural raw materials and live animals,Wholesale of agricultural raw materials and live animals,"Wholesale trade, except of motor vehicles and motorcycles",Wholesale and retail trade; repair of motor vehicles and motorcycles,G_46_462_4620,Wholesale of agricultural raw materials and live animals,Wholesale of agricultural raw materials and live animals,Wholesale trade,Wholesale and retail trade,G_46_462_4620
"Wholesale trade and commission trade, except of motor vehicles and motorcycles (51)",Wholesale of chemical products,G,46.75,Wholesale of waste and scrap and other products n.e.c.,Other specialized wholesale,"Wholesale trade, except of motor vehicles and motorcycles",Wholesale and retail trade; repair of motor vehicles and motorcycles,G_46_466_4669,"Wholesale of chemicals, waste and scrap and other products n.e.c.",Other specialized wholesale,Wholesale trade,Wholesale and retail trade,G_46_467_4679
"Wholesale trade and commission trade, except of motor vehicles and motorcycles (51)",Wholesale of other intermediate products,G,46.76,Wholesale of waste and scrap and other products n.e.c.,Other specialized wholesale,"Wholesale trade, except of motor vehicles and motorcycles",Wholesale and retail trade; repair of motor vehicles and motorcycles,G_46_466_4669,"Wholesale of chemicals, waste and scrap and other products n.e.c.",Other specialized wholesale,Wholesale trade,Wholesale and retail trade,G_46_467_4679
"Wholesale trade and commission trade, except of motor vehicles and motorcycles (51)",Wholesale of waste and scrap,G,46.77,Wholesale of waste and scrap and other products n.e.c.,Other specialized wholesale,"Wholesale trade, except of motor vehicles and motorcycles",Wholesale and retail trade; repair of motor vehicles and motorcycles,G_46_466_4669,"Wholesale of chemicals, waste and scrap and other products n.e.c.",Other specialized wholesale,Wholesale trade,Wholesale and retail trade,G_46_467_4679
"Wholesale trade and commission trade, except of motor vehicles and motorcycles (51)","Wholesale of computers, computer peripheral equipment and software",G,46.51,"Wholesale of computers, computer peripheral equipment and software","Wholesale of machinery, equipment and supplies","Wholesale trade, except of motor vehicles and motorcycles",Wholesale and retail trade; repair of motor vehicles and motorcycles,G_46_465_4651,"Wholesale of computers, computer peripheral equipment and software","Wholesale of machinery, equipment and supplies",Wholesale trade,Wholesale and retail trade,G_46_465_4651
"Wholesale trade and commission trade, except of motor vehicles and motorcycles (51)","Wholesale of wood, construction materials and sanitary equipment",G,46.73,"Wholesale of construction materials, hardware, plumbing and heating equipment and supplies",Other specialized wholesale,"Wholesale trade, except of motor vehicles and motorcycles",Wholesale and retail trade; repair of motor vehicles and motorcycles,G_46_466_4663,"Wholesale of construction materials, hardware, plumbing and heating equipment and supplies",Other specialized wholesale,Wholesale trade,Wholesale and retail trade,G_46_467_4673
"Wholesale trade and commission trade, except of motor vehicles and motorcycles (51)","Wholesale of hardware, plumbing and heating equipment and supplies",G,46.74,"Wholesale of construction materials, hardware, plumbing and heating equipment and supplies",Other specialized wholesale,"Wholesale trade, except of motor vehicles and motorcycles",Wholesale and retail trade; repair of motor vehicles and motorcycles,G_46_466_4663,"Wholesale of construction materials, hardware, plumbing and heating equipment and supplies",Other specialized wholesale,Wholesale trade,Wholesale and retail trade,G_46_467_4673
"Wholesale trade and commission trade, except of motor vehicles and motorcycles (51)",Wholesale of electronic and telecommunications equipment and parts,G,46.52,Wholesale of electronic and telecommunications equipment and parts,"Wholesale of machinery, equipment and supplies","Wholesale trade, except of motor vehicles and motorcycles",Wholesale and retail trade; repair of motor vehicles and motorcycles,G_46_465_4652,Wholesale of electronic and telecommunications equipment and parts,"Wholesale of machinery, equipment and supplies",Wholesale trade,Wholesale and retail trade,G_46_465_4652
"Wholesale trade and commission trade, except of motor vehicles and motorcycles (51)",Wholesale of fruit and vegetables,G,46.31,"Wholesale of food, beverages and tobacco","Wholesale of food, beverages and tobacco","Wholesale trade, except of motor vehicles and motorcycles",Wholesale and retail trade; repair of motor vehicles and motorcycles,G_46_463_4630,"Wholesale of food, beverages and tobacco","Wholesale of food, beverages and tobacco",Wholesale trade,Wholesale and retail trade,G_46_463_4630
"Wholesale trade and commission trade, except of motor vehicles and motorcycles (51)",Wholesale of meat and meat products,G,46.32,"Wholesale of food, beverages and tobacco","Wholesale of food, beverages and tobacco","Wholesale trade, except of motor vehicles and motorcycles",Wholesale and retail trade; repair of motor vehicles and motorcycles,G_46_463_4630,"Wholesale of food, beverages and tobacco","Wholesale of food, beverages and tobacco",Wholesale trade,Wholesale and retail trade,G_46_463_4630
"Wholesale trade and commission trade, except of motor vehicles and motorcycles (51)","Wholesale of dairy products, eggs and edible oils and fats",G,46.33,"Wholesale of food, beverages and tobacco","Wholesale of food, beverages and tobacco","Wholesale trade, except of motor vehicles and motorcycles",Wholesale and retail trade; repair of motor vehicles and motorcycles,G_46_463_4630,"Wholesale of food, beverages and tobacco","Wholesale of food, beverages and tobacco",Wholesale trade,Wholesale and retail trade,G_46_463_4630
"Wholesale trade and commission trade, except of motor vehicles and motorcycles (51)",Wholesale of beverages,G,46.34,"Wholesale of food, beverages and tobacco","Wholesale of food, beverages and tobacco","Wholesale trade, except of motor vehicles and motorcycles",Wholesale and retail trade; repair of motor vehicles and motorcycles,G_46_463_4630,"Wholesale of food, beverages and tobacco","Wholesale of food, beverages and tobacco",Wholesale trade,Wholesale and retail trade,G_46_463_4630
"Wholesale trade and commission trade, except of motor vehicles and motorcycles (51)",Wholesale of tobacco products,G,46.35,"Wholesale of food, beverages and tobacco","Wholesale of food, beverages and tobacco","Wholesale trade, except of motor vehicles and motorcycles",Wholesale and retail trade; repair of motor vehicles and motorcycles,G_46_463_4630,"Wholesale of food, beverages and tobacco","Wholesale of food, beverages and tobacco",Wholesale trade,Wholesale and retail trade,G_46_463_4630
"Wholesale trade and commission trade, except of motor vehicles and motorcycles (51)",Wholesale of sugar and chocolate and sugar confectionery,G,46.36,"Wholesale of food, beverages and tobacco","Wholesale of food, beverages and tobacco","Wholesale trade, except of motor vehicles and motorcycles",Wholesale and retail trade; repair of motor vehicles and motorcycles,G_46_463_4630,"Wholesale of food, beverages and tobacco","Wholesale of food, beverages and tobacco",Wholesale trade,Wholesale and retail trade,G_46_463_4630
"Wholesale trade and commission trade, except of motor vehicles and motorcycles (51)","Wholesale of coffee, tea, cocoa and spices",G,46.37,"Wholesale of food, beverages and tobacco","Wholesale of food, beverages and tobacco","Wholesale trade, except of motor vehicles and motorcycles",Wholesale and retail trade; repair of motor vehicles and motorcycles,G_46_463_4630,"Wholesale of food, beverages and tobacco","Wholesale of food, beverages and tobacco",Wholesale trade,Wholesale and retail trade,G_46_463_4630
"Wholesale trade and commission trade, except of motor vehicles and motorcycles (51)","Wholesale of other food, including fish, crustaceans and molluscs",G,46.38,"Wholesale of food, beverages and tobacco","Wholesale of food, beverages and tobacco","Wholesale trade, except of motor vehicles and motorcycles",Wholesale and retail trade; repair of motor vehicles and motorcycles,G_46_463_4630,"Wholesale of food, beverages and tobacco","Wholesale of food, beverages and tobacco",Wholesale trade,Wholesale and retail trade,G_46_463_4630
"Wholesale trade and commission trade, except of motor vehicles and motorcycles (51)","Non-specialised wholesale of food, beverages and tobacco",G,46.39,"Wholesale of food, beverages and tobacco","Wholesale of food, beverages and tobacco","Wholesale trade, except of motor vehicles and motorcycles",Wholesale and retail trade; repair of motor vehicles and motorcycles,G_46_463_4630,"Wholesale of food, beverages and tobacco","Wholesale of food, beverages and tobacco",Wholesale trade,Wholesale and retail trade,G_46_463_4630
"Wholesale trade and commission trade, except of motor vehicles and motorcycles (51)",Wholesale of electrical household appliances,G,46.43,Wholesale of other household goods,Wholesale of household goods,"Wholesale trade, except of motor vehicles and motorcycles",Wholesale and retail trade; repair of motor vehicles and motorcycles,G_46_464_4649,"Wholesale of household, office and shop furniture, carpets and lighting equipment",Wholesale of household goods,Wholesale trade,Wholesale and retail trade,G_46_464_4642
"Wholesale trade and commission trade, except of motor vehicles and motorcycles (51)",Wholesale of china and glassware and cleaning materials,G,46.44,Wholesale of other household goods,Wholesale of household goods,"Wholesale trade, except of motor vehicles and motorcycles",Wholesale and retail trade; repair of motor vehicles and motorcycles,G_46_464_4649,"Wholesale of household, office and shop furniture, carpets and lighting equipment",Wholesale of household goods,Wholesale trade,Wholesale and retail trade,G_46_464_4642
"Wholesale trade and commission trade, except of motor vehicles and motorcycles (51)",Wholesale of perfume and cosmetics,G,46.45,Wholesale of other household goods,Wholesale of household goods,"Wholesale trade, except of motor vehicles and motorcycles",Wholesale and retail trade; repair of motor vehicles and motorcycles,G_46_464_4649,"Wholesale of household, office and shop furniture, carpets and lighting equipment",Wholesale of household goods,Wholesale trade,Wholesale and retail trade,G_46_464_4642
"Wholesale trade and commission trade, except of motor vehicles and motorcycles (51)",Wholesale of pharmaceutical goods,G,46.46,Wholesale of other household goods,Wholesale of household goods,"Wholesale trade, except of motor vehicles and motorcycles",Wholesale and retail trade; repair of motor vehicles and motorcycles,G_46_464_4649,"Wholesale of household, office and shop furniture, carpets and lighting equipment",Wholesale of household goods,Wholesale trade,Wholesale and retail trade,G_46_464_4642
"Wholesale trade and commission trade, except of motor vehicles and motorcycles (51)","Wholesale of furniture, carpets and lighting equipment",G,46.47,Wholesale of other household goods,Wholesale of household goods,"Wholesale trade, except of motor vehicles and motorcycles",Wholesale and retail trade; repair of motor vehicles and motorcycles,G_46_464_4649,"Wholesale of household, office and shop furniture, carpets and lighting equipment",Wholesale of household goods,Wholesale trade,Wholesale and retail trade,G_46_464_4642
"Wholesale trade and commission trade, except of motor vehicles and motorcycles (51)",Wholesale of watches and jewellery,G,46.48,Wholesale of other household goods,Wholesale of household goods,"Wholesale trade, except of motor vehicles and motorcycles",Wholesale and retail trade; repair of motor vehicles and motorcycles,G_46_464_4649,"Wholesale of household, office and shop furniture, carpets and lighting equipment",Wholesale of household goods,Wholesale trade,Wholesale and retail trade,G_46_464_4642
"Wholesale trade and commission trade, except of motor vehicles and motorcycles (51)",Wholesale of other household goods,G,46.49,Wholesale of other household goods,Wholesale of household goods,"Wholesale trade, except of motor vehicles and motorcycles",Wholesale and retail trade; repair of motor vehicles and motorcycles,G_46_464_4649,"Wholesale of household, office and shop furniture, carpets and lighting equipment",Wholesale of household goods,Wholesale trade,Wholesale and retail trade,G_46_464_4642
"Wholesale trade and commission trade, except of motor vehicles and motorcycles (51)",Wholesale of machine tools,G,46.62,Wholesale of other machinery and equipment,"Wholesale of machinery, equipment and supplies","Wholesale trade, except of motor vehicles and motorcycles",Wholesale and retail trade; repair of motor vehicles and motorcycles,G_46_465_4659,"Wholesale of household, office and shop furniture, carpets and lighting equipment",Wholesale of household goods,Wholesale trade,Wholesale and retail trade,G_46_464_4642
"Wholesale trade and commission trade, except of motor vehicles and motorcycles (51)","Wholesale of mining, construction and civil engineering machinery",G,46.63,Wholesale of other machinery and equipment,"Wholesale of machinery, equipment and supplies","Wholesale trade, except of motor vehicles and motorcycles",Wholesale and retail trade; repair of motor vehicles and motorcycles,G_46_465_4659,"Wholesale of household, office and shop furniture, carpets and lighting equipment",Wholesale of household goods,Wholesale trade,Wholesale and retail trade,G_46_464_4642
"Wholesale trade and commission trade, except of motor vehicles and motorcycles (51)",Wholesale of machinery for the textile industry and of sewing and knitting machines,G,46.64,Wholesale of other machinery and equipment,"Wholesale of machinery, equipment and supplies","Wholesale trade, except of motor vehicles and motorcycles",Wholesale and retail trade; repair of motor vehicles and motorcycles,G_46_465_4659,"Wholesale of household, office and shop furniture, carpets and lighting equipment",Wholesale of household goods,Wholesale trade,Wholesale and retail trade,G_46_464_4642
"Wholesale trade and commission trade, except of motor vehicles and motorcycles (51)",Wholesale of office furniture,G,46.65,Wholesale of other machinery and equipment,"Wholesale of machinery, equipment and supplies","Wholesale trade, except of motor vehicles and motorcycles",Wholesale and retail trade; repair of motor vehicles and motorcycles,G_46_465_4659,"Wholesale of household, office and shop furniture, carpets and lighting equipment",Wholesale of household goods,Wholesale trade,Wholesale and retail trade,G_46_464_4642
"Wholesale trade and commission trade, except of motor vehicles and motorcycles (51)",Wholesale of other office machinery and equipment,G,46.66,Wholesale of other machinery and equipment,"Wholesale of machinery, equipment and supplies","Wholesale trade, except of motor vehicles and motorcycles",Wholesale and retail trade; repair of motor vehicles and motorcycles,G_46_465_4659,"Wholesale of household, office and shop furniture, carpets and lighting equipment",Wholesale of household goods,Wholesale trade,Wholesale and retail trade,G_46_464_4642
"Wholesale trade and commission trade, except of motor vehicles and motorcycles (51)",Wholesale of other machinery and equipment,G,46.69,Wholesale of other machinery and equipment,"Wholesale of machinery, equipment and supplies","Wholesale trade, except of motor vehicles and motorcycles",Wholesale and retail trade; repair of motor vehicles and motorcycles,G_46_465_4659,"Wholesale of household, office and shop furniture, carpets and lighting equipment",Wholesale of household goods,Wholesale trade,Wholesale and retail trade,G_46_464_4642
"Wholesale trade and commission trade, except of motor vehicles and motorcycles (51)",Wholesale of metals and metal ores,G,46.72,Wholesale of metals and metal ores,Other specialized wholesale,"Wholesale trade, except of motor vehicles and motorcycles",Wholesale and retail trade; repair of motor vehicles and motorcycles,G_46_466_4662,Wholesale of metals and metal ores,Other specialized wholesale,Wholesale trade,Wholesale and retail trade,G_46_467_4672
"Sale, maintenance, repair of motor vehicles, motor vehicles parts, motorcycles, motor cycles parts and accessoiries",Wholesale trade of motor vehicle parts and accessories,G,45.31,Sale of motor vehicle parts and accessories,Sale of motor vehicle parts and accessories,Wholesale and retail trade and repair of motor vehicles and motorcycles,Wholesale and retail trade; repair of motor vehicles and motorcycles,G_45_453_4530,Wholesale of motor vehicle parts and accessories,"Wholesale of motor vehicles, motorcycles and related parts and accessories",Wholesale trade,Wholesale and retail trade,G_46_466_4662
"Sale, maintenance, repair of motor vehicles, motor vehicles parts, motorcycles, motor cycles parts and accessoiries",Retail trade of motor vehicle parts and accessories,G,45.32,Sale of motor vehicle parts and accessories,Sale of motor vehicle parts and accessories,Wholesale and retail trade and repair of motor vehicles and motorcycles,Wholesale and retail trade; repair of motor vehicles and motorcycles,G_45_453_4530,Wholesale of motor vehicle parts and accessories,"Wholesale of motor vehicles, motorcycles and related parts and accessories",Wholesale trade,Wholesale and retail trade,G_46_466_4662
"Sale, maintenance, repair of motor vehicles, motor vehicles parts, motorcycles, motor cycles parts and accessoiries",Sale of cars and light motor vehicles,G,45.11,Sale of motor vehicles,Sale of motor vehicles,Wholesale and retail trade and repair of motor vehicles and motorcycles,Wholesale and retail trade; repair of motor vehicles and motorcycles,G_45_451_4510,Wholesale of motor vehicles,"Wholesale of motor vehicles, motorcycles and related parts and accessories",Wholesale trade,Wholesale and retail trade,G_46_466_4661
"Sale, maintenance, repair of motor vehicles, motor vehicles parts, motorcycles, motor cycles parts and accessoiries",Sale of other motor vehicles,G,45.19,Sale of motor vehicles,Sale of motor vehicles,Wholesale and retail trade and repair of motor vehicles and motorcycles,Wholesale and retail trade; repair of motor vehicles and motorcycles,G_45_451_4510,Wholesale of motor vehicles,"Wholesale of motor vehicles, motorcycles and related parts and accessories",Wholesale trade,Wholesale and retail trade,G_46_466_4661
"Sale, maintenance, repair of motor vehicles, motor vehicles parts, motorcycles, motor cycles parts and accessoiries","Sale, maintenance and repair of motorcycles and related parts and accessories",G,45.4,"Sale, maintenance and repair of motorcycles and related parts and accessories","Sale, maintenance and repair of motorcycles and related parts and accessories",Wholesale and retail trade and repair of motor vehicles and motorcycles,Wholesale and retail trade; repair of motor vehicles and motorcycles,G_45_454_4540,"Wholesale of motorcycles, motorcycle parts and accessories","Wholesale of motor vehicles, motorcycles and related parts and accessories",Wholesale trade,Wholesale and retail trade,G_46_466_4663
"Wholesale trade and commission trade, except of motor vehicles and motorcycles (51)",Wholesale of electrical household appliances,G,46.43,Wholesale of other household goods,Wholesale of household goods,"Wholesale trade, except of motor vehicles and motorcycles",Wholesale and retail trade; repair of motor vehicles and motorcycles,G_46_464_4649,Wholesale of other household goods,Wholesale of household goods,Wholesale trade,Wholesale and retail trade,G_46_464_4649
"Wholesale trade and commission trade, except of motor vehicles and motorcycles (51)",Wholesale of china and glassware and cleaning materials,G,46.44,Wholesale of other household goods,Wholesale of household goods,"Wholesale trade, except of motor vehicles and motorcycles",Wholesale and retail trade; repair of motor vehicles and motorcycles,G_46_464_4649,Wholesale of other household goods,Wholesale of household goods,Wholesale trade,Wholesale and retail trade,G_46_464_4649
"Wholesale trade and commission trade, except of motor vehicles and motorcycles (51)",Wholesale of perfume and cosmetics,G,46.45,Wholesale of other household goods,Wholesale of household goods,"Wholesale trade, except of motor vehicles and motorcycles",Wholesale and retail trade; repair of motor vehicles and motorcycles,G_46_464_4649,Wholesale of other household goods,Wholesale of household goods,Wholesale trade,Wholesale and retail trade,G_46_464_4649
"Wholesale trade and commission trade, except of motor vehicles and motorcycles (51)",Wholesale of pharmaceutical goods,G,46.46,Wholesale of other household goods,Wholesale of household goods,"Wholesale trade, except of motor vehicles and motorcycles",Wholesale and retail trade; repair of motor vehicles and motorcycles,G_46_464_4649,Wholesale of other household goods,Wholesale of household goods,Wholesale trade,Wholesale and retail trade,G_46_464_4649
"Wholesale trade and commission trade, except of motor vehicles and motorcycles (51)","Wholesale of furniture, carpets and lighting equipment",G,46.47,Wholesale of other household goods,Wholesale of household goods,"Wholesale trade, except of motor vehicles and motorcycles",Wholesale and retail trade; repair of motor vehicles and motorcycles,G_46_464_4649,Wholesale of other household goods,Wholesale of household goods,Wholesale trade,Wholesale and retail trade,G_46_464_4649
"Wholesale trade and commission trade, except of motor vehicles and motorcycles (51)",Wholesale of watches and jewellery,G,46.48,Wholesale of other household goods,Wholesale of household goods,"Wholesale trade, except of motor vehicles and motorcycles",Wholesale and retail trade; repair of motor vehicles and motorcycles,G_46_464_4649,Wholesale of other household goods,Wholesale of household goods,Wholesale trade,Wholesale and retail trade,G_46_464_4649
"Wholesale trade and commission trade, except of motor vehicles and motorcycles (51)",Wholesale of other household goods,G,46.49,Wholesale of other household goods,Wholesale of household goods,"Wholesale trade, except of motor vehicles and motorcycles",Wholesale and retail trade; repair of motor vehicles and motorcycles,G_46_464_4649,Wholesale of other household goods,Wholesale of household goods,Wholesale trade,Wholesale and retail trade,G_46_464_4649
"Wholesale trade and commission trade, except of motor vehicles and motorcycles (51)",Wholesale of machine tools,G,46.62,Wholesale of other machinery and equipment,"Wholesale of machinery, equipment and supplies","Wholesale trade, except of motor vehicles and motorcycles",Wholesale and retail trade; repair of motor vehicles and motorcycles,G_46_465_4659,Wholesale of other household goods,Wholesale of household goods,Wholesale trade,Wholesale and retail trade,G_46_464_4649
"Wholesale trade and commission trade, except of motor vehicles and motorcycles (51)","Wholesale of mining, construction and civil engineering machinery",G,46.63,Wholesale of other machinery and equipment,"Wholesale of machinery, equipment and supplies","Wholesale trade, except of motor vehicles and motorcycles",Wholesale and retail trade; repair of motor vehicles and motorcycles,G_46_465_4659,Wholesale of other household goods,Wholesale of household goods,Wholesale trade,Wholesale and retail trade,G_46_464_4649
"Wholesale trade and commission trade, except of motor vehicles and motorcycles (51)",Wholesale of machinery for the textile industry and of sewing and knitting machines,G,46.64,Wholesale of other machinery and equipment,"Wholesale of machinery, equipment and supplies","Wholesale trade, except of motor vehicles and motorcycles",Wholesale and retail trade; repair of motor vehicles and motorcycles,G_46_465_4659,Wholesale of other household goods,Wholesale of household goods,Wholesale trade,Wholesale and retail trade,G_46_464_4649
"Wholesale trade and commission trade, except of motor vehicles and motorcycles (51)",Wholesale of office furniture,G,46.65,Wholesale of other machinery and equipment,"Wholesale of machinery, equipment and supplies","Wholesale trade, except of motor vehicles and motorcycles",Wholesale and retail trade; repair of motor vehicles and motorcycles,G_46_465_4659,Wholesale of other household goods,Wholesale of household goods,Wholesale trade,Wholesale and retail trade,G_46_464_4649
"Wholesale trade and commission trade, except of motor vehicles and motorcycles (51)",Wholesale of other office machinery and equipment,G,46.66,Wholesale of other machinery and equipment,"Wholesale of machinery, equipment and supplies","Wholesale trade, except of motor vehicles and motorcycles",Wholesale and retail trade; repair of motor vehicles and motorcycles,G_46_465_4659,Wholesale of other household goods,Wholesale of household goods,Wholesale trade,Wholesale and retail trade,G_46_464_4649
"Wholesale trade and commission trade, except of motor vehicles and motorcycles (51)",Wholesale of other machinery and equipment,G,46.69,Wholesale of other machinery and equipment,"Wholesale of machinery, equipment and supplies","Wholesale trade, except of motor vehicles and motorcycles",Wholesale and retail trade; repair of motor vehicles and motorcycles,G_46_465_4659,Wholesale of other household goods,Wholesale of household goods,Wholesale trade,Wholesale and retail trade,G_46_464_4649
"Wholesale trade and commission trade, except of motor vehicles and motorcycles (51)",Wholesale of machine tools,G,46.62,Wholesale of other machinery and equipment,"Wholesale of machinery, equipment and supplies","Wholesale trade, except of motor vehicles and motorcycles",Wholesale and retail trade; repair of motor vehicles and motorcycles,G_46_465_4659,Wholesale of other machinery and equipment,"Wholesale of machinery, equipment and supplies",Wholesale trade,Wholesale and retail trade,G_46_465_4659
"Wholesale trade and commission trade, except of motor vehicles and motorcycles (51)","Wholesale of mining, construction and civil engineering machinery",G,46.63,Wholesale of other machinery and equipment,"Wholesale of machinery, equipment and supplies","Wholesale trade, except of motor vehicles and motorcycles",Wholesale and retail trade; repair of motor vehicles and motorcycles,G_46_465_4659,Wholesale of other machinery and equipment,"Wholesale of machinery, equipment and supplies",Wholesale trade,Wholesale and retail trade,G_46_465_4659
"Wholesale trade and commission trade, except of motor vehicles and motorcycles (51)",Wholesale of machinery for the textile industry and of sewing and knitting machines,G,46.64,Wholesale of other machinery and equipment,"Wholesale of machinery, equipment and supplies","Wholesale trade, except of motor vehicles and motorcycles",Wholesale and retail trade; repair of motor vehicles and motorcycles,G_46_465_4659,Wholesale of other machinery and equipment,"Wholesale of machinery, equipment and supplies",Wholesale trade,Wholesale and retail trade,G_46_465_4659
"Wholesale trade and commission trade, except of motor vehicles and motorcycles (51)",Wholesale of office furniture,G,46.65,Wholesale of other machinery and equipment,"Wholesale of machinery, equipment and supplies","Wholesale trade, except of motor vehicles and motorcycles",Wholesale and retail trade; repair of motor vehicles and motorcycles,G_46_465_4659,Wholesale of other machinery and equipment,"Wholesale of machinery, equipment and supplies",Wholesale trade,Wholesale and retail trade,G_46_465_4659
"Wholesale trade and commission trade, except of motor vehicles and motorcycles (51)",Wholesale of other office machinery and equipment,G,46.66,Wholesale of other machinery and equipment,"Wholesale of machinery, equipment and supplies","Wholesale trade, except of motor vehicles and motorcycles",Wholesale and retail trade; repair of motor vehicles and motorcycles,G_46_465_4659,Wholesale of other machinery and equipment,"Wholesale of machinery, equipment and supplies",Wholesale trade,Wholesale and retail trade,G_46_465_4659
"Wholesale trade and commission trade, except of motor vehicles and motorcycles (51)",Wholesale of other machinery and equipment,G,46.69,Wholesale of other machinery and equipment,"Wholesale of machinery, equipment and supplies","Wholesale trade, except of motor vehicles and motorcycles",Wholesale and retail trade; repair of motor vehicles and motorcycles,G_46_465_4659,Wholesale of other machinery and equipment,"Wholesale of machinery, equipment and supplies",Wholesale trade,Wholesale and retail trade,G_46_465_4659
"Wholesale trade and commission trade, except of motor vehicles and motorcycles (51)","Wholesale of solid, liquid and gaseous fuels and related products",G,46.71,"Wholesale of solid, liquid and gaseous fuels and related products",Other specialized wholesale,"Wholesale trade, except of motor vehicles and motorcycles",Wholesale and retail trade; repair of motor vehicles and motorcycles,G_46_466_4661,"Wholesale of solid, liquid and gaseous fuels and related products",Other specialized wholesale,Wholesale trade,Wholesale and retail trade,G_46_467_4671
"Wholesale trade and commission trade, except of motor vehicles and motorcycles (51)",Wholesale of textiles,G,46.41,"Wholesale of textiles, clothing and footwear",Wholesale of household goods,"Wholesale trade, except of motor vehicles and motorcycles",Wholesale and retail trade; repair of motor vehicles and motorcycles,G_46_464_4641,"Wholesale of textiles, clothing and footwear",Wholesale of household goods,Wholesale trade,Wholesale and retail trade,G_46_464_4641
"Wholesale trade and commission trade, except of motor vehicles and motorcycles (51)",Wholesale of clothing and footwear,G,46.42,"Wholesale of textiles, clothing and footwear",Wholesale of household goods,"Wholesale trade, except of motor vehicles and motorcycles",Wholesale and retail trade; repair of motor vehicles and motorcycles,G_46_464_4641,"Wholesale of textiles, clothing and footwear",Wholesale of household goods,Wholesale trade,Wholesale and retail trade,G_46_464_4641
"Wholesale trade and commission trade, except of motor vehicles and motorcycles (51)","Agents involved in the sale of agricultural raw materials, live animals, textile raw materials and semi-finished goods",G,46.11,Wholesale on a fee or contract basis,Wholesale on a fee or contract basis,"Wholesale trade, except of motor vehicles and motorcycles",Wholesale and retail trade; repair of motor vehicles and motorcycles,G_46_461_4610,Wholesale on a fee or contract basis,Wholesale on a fee or contract basis,Wholesale trade,Wholesale and retail trade,G_46_461_4610
"Wholesale trade and commission trade, except of motor vehicles and motorcycles (51)","Agents involved in the sale of fuels, ores, metals and industrial chemicals",G,46.12,Wholesale on a fee or contract basis,Wholesale on a fee or contract basis,"Wholesale trade, except of motor vehicles and motorcycles",Wholesale and retail trade; repair of motor vehicles and motorcycles,G_46_461_4610,Wholesale on a fee or contract basis,Wholesale on a fee or contract basis,Wholesale trade,Wholesale and retail trade,G_46_461_4610
"Wholesale trade and commission trade, except of motor vehicles and motorcycles (51)",Agents involved in the sale of timber and building materials,G,46.13,Wholesale on a fee or contract basis,Wholesale on a fee or contract basis,"Wholesale trade, except of motor vehicles and motorcycles",Wholesale and retail trade; repair of motor vehicles and motorcycles,G_46_461_4610,Wholesale on a fee or contract basis,Wholesale on a fee or contract basis,Wholesale trade,Wholesale and retail trade,G_46_461_4610
"Wholesale trade and commission trade, except of motor vehicles and motorcycles (51)","Agents involved in the sale of machinery, industrial equipment, ships and aircraft",G,46.14,Wholesale on a fee or contract basis,Wholesale on a fee or contract basis,"Wholesale trade, except of motor vehicles and motorcycles",Wholesale and retail trade; repair of motor vehicles and motorcycles,G_46_461_4610,Wholesale on a fee or contract basis,Wholesale on a fee or contract basis,Wholesale trade,Wholesale and retail trade,G_46_461_4610
"Wholesale trade and commission trade, except of motor vehicles and motorcycles (51)","Agents involved in the sale of furniture, household goods, hardware and ironmongery",G,46.15,Wholesale on a fee or contract basis,Wholesale on a fee or contract basis,"Wholesale trade, except of motor vehicles and motorcycles",Wholesale and retail trade; repair of motor vehicles and motorcycles,G_46_461_4610,Wholesale on a fee or contract basis,Wholesale on a fee or contract basis,Wholesale trade,Wholesale and retail trade,G_46_461_4610
"Wholesale trade and commission trade, except of motor vehicles and motorcycles (51)","Agents involved in the sale of textiles, clothing, fur, footwear and leather goods",G,46.16,Wholesale on a fee or contract basis,Wholesale on a fee or contract basis,"Wholesale trade, except of motor vehicles and motorcycles",Wholesale and retail trade; repair of motor vehicles and motorcycles,G_46_461_4610,Wholesale on a fee or contract basis,Wholesale on a fee or contract basis,Wholesale trade,Wholesale and retail trade,G_46_461_4610
"Wholesale trade and commission trade, except of motor vehicles and motorcycles (51)","Agents involved in the sale of food, beverages and tobacco",G,46.17,Wholesale on a fee or contract basis,Wholesale on a fee or contract basis,"Wholesale trade, except of motor vehicles and motorcycles",Wholesale and retail trade; repair of motor vehicles and motorcycles,G_46_461_4610,Wholesale on a fee or contract basis,Wholesale on a fee or contract basis,Wholesale trade,Wholesale and retail trade,G_46_461_4610
"Wholesale trade and commission trade, except of motor vehicles and motorcycles (51)",Agents specialised in the sale of other particular products,G,46.18,Wholesale on a fee or contract basis,Wholesale on a fee or contract basis,"Wholesale trade, except of motor vehicles and motorcycles",Wholesale and retail trade; repair of motor vehicles and motorcycles,G_46_461_4610,Wholesale on a fee or contract basis,Wholesale on a fee or contract basis,Wholesale trade,Wholesale and retail trade,G_46_461_4610
"Wholesale trade and commission trade, except of motor vehicles and motorcycles (51)",Agents involved in the sale of a variety of goods,G,46.19,Wholesale on a fee or contract basis,Wholesale on a fee or contract basis,"Wholesale trade, except of motor vehicles and motorcycles",Wholesale and retail trade; repair of motor vehicles and motorcycles,G_46_461_4610,Wholesale on a fee or contract basis,Wholesale on a fee or contract basis,Wholesale trade,Wholesale and retail trade,G_46_461_4610
Production of electricity by wind,Production of electricity,D,35.11,Wind energy production,"Electric power generation, transmission and distribution","Electricity, gas, steam and air conditioning supply","Electricity, gas, steam and air conditioning supply",D_35_351_3510,Wind energy production,"Electric power generation, transmission and distribution activities","Electricity, gas, steam and air conditioning supply","Electricity, gas, steam and air conditioning supply",D_35_351_3513
Post and telecommunications (64),Satellite telecommunications activities,J,61.3,Satellite telecommunications activities,Satellite telecommunications activities,Telecommunications,Information and communication,J_61_613_6130,"Wired, wireless, and satellite telecommunication activities","Wired, wireless, and satellite telecommunication activities",Telecommunications,"Telecommunications, computer programming, consultancy, computing infrastructure, and other information service activities",K_61_611_6110
Post and telecommunications (64),Wired telecommunications activities,J,61.1,Wired telecommunications activities,Wired telecommunications activities,Telecommunications,Information and communication,J_61_611_6110,"Wired, wireless, and satellite telecommunication activities","Wired, wireless, and satellite telecommunication activities",Telecommunications,"Telecommunications, computer programming, consultancy, computing infrastructure, and other information service activities",K_61_611_6110
Post and telecommunications (64),Wireless telecommunications activities,J,61.2,Wireless telecommunications activities,Wireless telecommunications activities,Telecommunications,Information and communication,J_61_612_6120,"Wired, wireless, and satellite telecommunication activities","Wired, wireless, and satellite telecommunication activities",Telecommunications,"Telecommunications, computer programming, consultancy, computing infrastructure, and other information service activities",K_61_611_6110
